split_seed,bin_width,age_bin_start,sex,finding,positive_cases,warning_cutoff,too_few_positive_cases,zero_positive_cases,status
3658676649,5,0,F,Atelectasis,0,10,True,True,exploratory warning; cutoff was not prespecified
3658676649,5,0,F,Consolidation,0,10,True,True,exploratory warning; cutoff was not prespecified
3658676649,5,0,F,Infiltration,2,10,True,False,exploratory warning; cutoff was not prespecified
3658676649,5,0,F,Pneumothorax,0,10,True,True,exploratory warning; cutoff was not prespecified
3658676649,5,0,F,Edema,0,10,True,True,exploratory warning; cutoff was not prespecified
3658676649,5,0,F,Emphysema,0,10,True,True,exploratory warning; cutoff was not prespecified
3658676649,5,0,F,Fibrosis,0,10,True,True,exploratory warning; cutoff was not prespecified
3658676649,5,0,F,Effusion,0,10,True,True,exploratory warning; cutoff was not prespecified
3658676649,5,0,F,Pneumonia,0,10,True,True,exploratory warning; cutoff was not prespecified
3658676649,5,0,F,Pleural_Thickening,0,10,True,True,exploratory warning; cutoff was not prespecified
3658676649,5,0,F,Cardiomegaly,0,10,True,True,exploratory warning; cutoff was not prespecified
3658676649,5,0,F,Nodule,0,10,True,True,exploratory warning; cutoff was not prespecified
3658676649,5,0,F,Mass,0,10,True,True,exploratory warning; cutoff was not prespecified
3658676649,5,0,F,Hernia,0,10,True,True,exploratory warning; cutoff was not prespecified
3658676649,5,5,F,Atelectasis,1,10,True,False,exploratory warning; cutoff was not prespecified
3658676649,5,5,F,Consolidation,1,10,True,False,exploratory warning; cutoff was not prespecified
3658676649,5,5,F,Infiltration,1,10,True,False,exploratory warning; cutoff was not prespecified
3658676649,5,5,F,Pneumothorax,0,10,True,True,exploratory warning; cutoff was not prespecified
3658676649,5,5,F,Edema,0,10,True,True,exploratory warning; cutoff was not prespecified
3658676649,5,5,F,Emphysema,0,10,True,True,exploratory warning; cutoff was not prespecified
3658676649,5,5,F,Fibrosis,0,10,True,True,exploratory warning; cutoff was not prespecified
3658676649,5,5,F,Effusion,1,10,True,False,exploratory warning; cutoff was not prespecified
3658676649,5,5,F,Pneumonia,1,10,True,False,exploratory warning; cutoff was not prespecified
3658676649,5,5,F,Pleural_Thickening,0,10,True,True,exploratory warning; cutoff was not prespecified
3658676649,5,5,F,Cardiomegaly,1,10,True,False,exploratory warning; cutoff was not prespecified
3658676649,5,5,F,Nodule,0,10,True,True,exploratory warning; cutoff was not prespecified
3658676649,5,5,F,Mass,0,10,True,True,exploratory warning; cutoff was not prespecified
3658676649,5,5,F,Hernia,0,10,True,True,exploratory warning; cutoff was not prespecified
3658676649,5,10,F,Atelectasis,0,10,True,True,exploratory warning; cutoff was not prespecified
3658676649,5,10,F,Consolidation,0,10,True,True,exploratory warning; cutoff was not prespecified
3658676649,5,10,F,Infiltration,7,10,True,False,exploratory warning; cutoff was not prespecified
3658676649,5,10,F,Pneumothorax,0,10,True,True,exploratory warning; cutoff was not prespecified
3658676649,5,10,F,Edema,0,10,True,True,exploratory warning; cutoff was not prespecified
3658676649,5,10,F,Emphysema,0,10,True,True,exploratory warning; cutoff was not prespecified
3658676649,5,10,F,Fibrosis,0,10,True,True,exploratory warning; cutoff was not prespecified
3658676649,5,10,F,Effusion,0,10,True,True,exploratory warning; cutoff was not prespecified
3658676649,5,10,F,Pneumonia,1,10,True,False,exploratory warning; cutoff was not prespecified
3658676649,5,10,F,Pleural_Thickening,1,10,True,False,exploratory warning; cutoff was not prespecified
3658676649,5,10,F,Cardiomegaly,2,10,True,False,exploratory warning; cutoff was not prespecified
3658676649,5,10,F,Nodule,3,10,True,False,exploratory warning; cutoff was not prespecified
3658676649,5,10,F,Mass,2,10,True,False,exploratory warning; cutoff was not prespecified
3658676649,5,10,F,Hernia,0,10,True,True,exploratory warning; cutoff was not prespecified
3658676649,5,15,F,Atelectasis,2,10,True,False,exploratory warning; cutoff was not prespecified
3658676649,5,15,F,Consolidation,2,10,True,False,exploratory warning; cutoff was not prespecified
3658676649,5,15,F,Infiltration,10,10,False,False,exploratory warning; cutoff was not prespecified
3658676649,5,15,F,Pneumothorax,1,10,True,False,exploratory warning; cutoff was not prespecified
3658676649,5,15,F,Edema,1,10,True,False,exploratory warning; cutoff was not prespecified
3658676649,5,15,F,Emphysema,0,10,True,True,exploratory warning; cutoff was not prespecified
3658676649,5,15,F,Fibrosis,0,10,True,True,exploratory warning; cutoff was not prespecified
3658676649,5,15,F,Effusion,1,10,True,False,exploratory warning; cutoff was not prespecified
3658676649,5,15,F,Pneumonia,1,10,True,False,exploratory warning; cutoff was not prespecified
3658676649,5,15,F,Pleural_Thickening,1,10,True,False,exploratory warning; cutoff was not prespecified
3658676649,5,15,F,Cardiomegaly,1,10,True,False,exploratory warning; cutoff was not prespecified
3658676649,5,15,F,Nodule,2,10,True,False,exploratory warning; cutoff was not prespecified
3658676649,5,15,F,Mass,2,10,True,False,exploratory warning; cutoff was not prespecified
3658676649,5,15,F,Hernia,0,10,True,True,exploratory warning; cutoff was not prespecified
3658676649,5,20,F,Atelectasis,2,10,True,False,exploratory warning; cutoff was not prespecified
3658676649,5,20,F,Consolidation,2,10,True,False,exploratory warning; cutoff was not prespecified
3658676649,5,20,F,Infiltration,13,10,False,False,exploratory warning; cutoff was not prespecified
3658676649,5,20,F,Pneumothorax,2,10,True,False,exploratory warning; cutoff was not prespecified
3658676649,5,20,F,Edema,0,10,True,True,exploratory warning; cutoff was not prespecified
3658676649,5,20,F,Emphysema,1,10,True,False,exploratory warning; cutoff was not prespecified
3658676649,5,20,F,Fibrosis,0,10,True,True,exploratory warning; cutoff was not prespecified
3658676649,5,20,F,Effusion,6,10,True,False,exploratory warning; cutoff was not prespecified
3658676649,5,20,F,Pneumonia,1,10,True,False,exploratory warning; cutoff was not prespecified
3658676649,5,20,F,Pleural_Thickening,0,10,True,True,exploratory warning; cutoff was not prespecified
3658676649,5,20,F,Cardiomegaly,0,10,True,True,exploratory warning; cutoff was not prespecified
3658676649,5,20,F,Nodule,3,10,True,False,exploratory warning; cutoff was not prespecified
3658676649,5,20,F,Mass,3,10,True,False,exploratory warning; cutoff was not prespecified
3658676649,5,20,F,Hernia,0,10,True,True,exploratory warning; cutoff was not prespecified
3658676649,5,25,F,Atelectasis,2,10,True,False,exploratory warning; cutoff was not prespecified
3658676649,5,25,F,Consolidation,4,10,True,False,exploratory warning; cutoff was not prespecified
3658676649,5,25,F,Infiltration,29,10,False,False,exploratory warning; cutoff was not prespecified
3658676649,5,25,F,Pneumothorax,1,10,True,False,exploratory warning; cutoff was not prespecified
3658676649,5,25,F,Edema,1,10,True,False,exploratory warning; cutoff was not prespecified
3658676649,5,25,F,Emphysema,1,10,True,False,exploratory warning; cutoff was not prespecified
3658676649,5,25,F,Fibrosis,1,10,True,False,exploratory warning; cutoff was not prespecified
3658676649,5,25,F,Effusion,7,10,True,False,exploratory warning; cutoff was not prespecified
3658676649,5,25,F,Pneumonia,0,10,True,True,exploratory warning; cutoff was not prespecified
3658676649,5,25,F,Pleural_Thickening,2,10,True,False,exploratory warning; cutoff was not prespecified
3658676649,5,25,F,Cardiomegaly,8,10,True,False,exploratory warning; cutoff was not prespecified
3658676649,5,25,F,Nodule,5,10,True,False,exploratory warning; cutoff was not prespecified
3658676649,5,25,F,Mass,10,10,False,False,exploratory warning; cutoff was not prespecified
3658676649,5,25,F,Hernia,0,10,True,True,exploratory warning; cutoff was not prespecified
3658676649,5,30,F,Atelectasis,10,10,False,False,exploratory warning; cutoff was not prespecified
3658676649,5,30,F,Consolidation,3,10,True,False,exploratory warning; cutoff was not prespecified
3658676649,5,30,F,Infiltration,18,10,False,False,exploratory warning; cutoff was not prespecified
3658676649,5,30,F,Pneumothorax,4,10,True,False,exploratory warning; cutoff was not prespecified
3658676649,5,30,F,Edema,0,10,True,True,exploratory warning; cutoff was not prespecified
3658676649,5,30,F,Emphysema,0,10,True,True,exploratory warning; cutoff was not prespecified
3658676649,5,30,F,Fibrosis,3,10,True,False,exploratory warning; cutoff was not prespecified
3658676649,5,30,F,Effusion,12,10,False,False,exploratory warning; cutoff was not prespecified
3658676649,5,30,F,Pneumonia,1,10,True,False,exploratory warning; cutoff was not prespecified
3658676649,5,30,F,Pleural_Thickening,2,10,True,False,exploratory warning; cutoff was not prespecified
3658676649,5,30,F,Cardiomegaly,6,10,True,False,exploratory warning; cutoff was not prespecified
3658676649,5,30,F,Nodule,7,10,True,False,exploratory warning; cutoff was not prespecified
3658676649,5,30,F,Mass,11,10,False,False,exploratory warning; cutoff was not prespecified
3658676649,5,30,F,Hernia,0,10,True,True,exploratory warning; cutoff was not prespecified
3658676649,5,35,F,Atelectasis,5,10,True,False,exploratory warning; cutoff was not prespecified
3658676649,5,35,F,Consolidation,3,10,True,False,exploratory warning; cutoff was not prespecified
3658676649,5,35,F,Infiltration,22,10,False,False,exploratory warning; cutoff was not prespecified
3658676649,5,35,F,Pneumothorax,2,10,True,False,exploratory warning; cutoff was not prespecified
3658676649,5,35,F,Edema,1,10,True,False,exploratory warning; cutoff was not prespecified
3658676649,5,35,F,Emphysema,1,10,True,False,exploratory warning; cutoff was not prespecified
3658676649,5,35,F,Fibrosis,3,10,True,False,exploratory warning; cutoff was not prespecified
3658676649,5,35,F,Effusion,6,10,True,False,exploratory warning; cutoff was not prespecified
3658676649,5,35,F,Pneumonia,3,10,True,False,exploratory warning; cutoff was not prespecified
3658676649,5,35,F,Pleural_Thickening,2,10,True,False,exploratory warning; cutoff was not prespecified
3658676649,5,35,F,Cardiomegaly,5,10,True,False,exploratory warning; cutoff was not prespecified
3658676649,5,35,F,Nodule,6,10,True,False,exploratory warning; cutoff was not prespecified
3658676649,5,35,F,Mass,1,10,True,False,exploratory warning; cutoff was not prespecified
3658676649,5,35,F,Hernia,0,10,True,True,exploratory warning; cutoff was not prespecified
3658676649,5,40,F,Atelectasis,6,10,True,False,exploratory warning; cutoff was not prespecified
3658676649,5,40,F,Consolidation,3,10,True,False,exploratory warning; cutoff was not prespecified
3658676649,5,40,F,Infiltration,28,10,False,False,exploratory warning; cutoff was not prespecified
3658676649,5,40,F,Pneumothorax,5,10,True,False,exploratory warning; cutoff was not prespecified
3658676649,5,40,F,Edema,0,10,True,True,exploratory warning; cutoff was not prespecified
3658676649,5,40,F,Emphysema,0,10,True,True,exploratory warning; cutoff was not prespecified
3658676649,5,40,F,Fibrosis,6,10,True,False,exploratory warning; cutoff was not prespecified
3658676649,5,40,F,Effusion,12,10,False,False,exploratory warning; cutoff was not prespecified
3658676649,5,40,F,Pneumonia,0,10,True,True,exploratory warning; cutoff was not prespecified
3658676649,5,40,F,Pleural_Thickening,7,10,True,False,exploratory warning; cutoff was not prespecified
3658676649,5,40,F,Cardiomegaly,8,10,True,False,exploratory warning; cutoff was not prespecified
3658676649,5,40,F,Nodule,12,10,False,False,exploratory warning; cutoff was not prespecified
3658676649,5,40,F,Mass,1,10,True,False,exploratory warning; cutoff was not prespecified
3658676649,5,40,F,Hernia,0,10,True,True,exploratory warning; cutoff was not prespecified
3658676649,5,45,F,Atelectasis,13,10,False,False,exploratory warning; cutoff was not prespecified
3658676649,5,45,F,Consolidation,3,10,True,False,exploratory warning; cutoff was not prespecified
3658676649,5,45,F,Infiltration,32,10,False,False,exploratory warning; cutoff was not prespecified
3658676649,5,45,F,Pneumothorax,5,10,True,False,exploratory warning; cutoff was not prespecified
3658676649,5,45,F,Edema,0,10,True,True,exploratory warning; cutoff was not prespecified
3658676649,5,45,F,Emphysema,1,10,True,False,exploratory warning; cutoff was not prespecified
3658676649,5,45,F,Fibrosis,8,10,True,False,exploratory warning; cutoff was not prespecified
3658676649,5,45,F,Effusion,13,10,False,False,exploratory warning; cutoff was not prespecified
3658676649,5,45,F,Pneumonia,0,10,True,True,exploratory warning; cutoff was not prespecified
3658676649,5,45,F,Pleural_Thickening,7,10,True,False,exploratory warning; cutoff was not prespecified
3658676649,5,45,F,Cardiomegaly,7,10,True,False,exploratory warning; cutoff was not prespecified
3658676649,5,45,F,Nodule,10,10,False,False,exploratory warning; cutoff was not prespecified
3658676649,5,45,F,Mass,12,10,False,False,exploratory warning; cutoff was not prespecified
3658676649,5,45,F,Hernia,1,10,True,False,exploratory warning; cutoff was not prespecified
3658676649,5,50,F,Atelectasis,17,10,False,False,exploratory warning; cutoff was not prespecified
3658676649,5,50,F,Consolidation,4,10,True,False,exploratory warning; cutoff was not prespecified
3658676649,5,50,F,Infiltration,30,10,False,False,exploratory warning; cutoff was not prespecified
3658676649,5,50,F,Pneumothorax,6,10,True,False,exploratory warning; cutoff was not prespecified
3658676649,5,50,F,Edema,2,10,True,False,exploratory warning; cutoff was not prespecified
3658676649,5,50,F,Emphysema,0,10,True,True,exploratory warning; cutoff was not prespecified
3658676649,5,50,F,Fibrosis,7,10,True,False,exploratory warning; cutoff was not prespecified
3658676649,5,50,F,Effusion,13,10,False,False,exploratory warning; cutoff was not prespecified
3658676649,5,50,F,Pneumonia,3,10,True,False,exploratory warning; cutoff was not prespecified
3658676649,5,50,F,Pleural_Thickening,12,10,False,False,exploratory warning; cutoff was not prespecified
3658676649,5,50,F,Cardiomegaly,15,10,False,False,exploratory warning; cutoff was not prespecified
3658676649,5,50,F,Nodule,20,10,False,False,exploratory warning; cutoff was not prespecified
3658676649,5,50,F,Mass,15,10,False,False,exploratory warning; cutoff was not prespecified
3658676649,5,50,F,Hernia,3,10,True,False,exploratory warning; cutoff was not prespecified
3658676649,5,55,F,Atelectasis,26,10,False,False,exploratory warning; cutoff was not prespecified
3658676649,5,55,F,Consolidation,6,10,True,False,exploratory warning; cutoff was not prespecified
3658676649,5,55,F,Infiltration,39,10,False,False,exploratory warning; cutoff was not prespecified
3658676649,5,55,F,Pneumothorax,5,10,True,False,exploratory warning; cutoff was not prespecified
3658676649,5,55,F,Edema,0,10,True,True,exploratory warning; cutoff was not prespecified
3658676649,5,55,F,Emphysema,4,10,True,False,exploratory warning; cutoff was not prespecified
3658676649,5,55,F,Fibrosis,11,10,False,False,exploratory warning; cutoff was not prespecified
3658676649,5,55,F,Effusion,14,10,False,False,exploratory warning; cutoff was not prespecified
3658676649,5,55,F,Pneumonia,4,10,True,False,exploratory warning; cutoff was not prespecified
3658676649,5,55,F,Pleural_Thickening,7,10,True,False,exploratory warning; cutoff was not prespecified
3658676649,5,55,F,Cardiomegaly,12,10,False,False,exploratory warning; cutoff was not prespecified
3658676649,5,55,F,Nodule,25,10,False,False,exploratory warning; cutoff was not prespecified
3658676649,5,55,F,Mass,16,10,False,False,exploratory warning; cutoff was not prespecified
3658676649,5,55,F,Hernia,0,10,True,True,exploratory warning; cutoff was not prespecified
3658676649,5,60,F,Atelectasis,13,10,False,False,exploratory warning; cutoff was not prespecified
3658676649,5,60,F,Consolidation,3,10,True,False,exploratory warning; cutoff was not prespecified
3658676649,5,60,F,Infiltration,32,10,False,False,exploratory warning; cutoff was not prespecified
3658676649,5,60,F,Pneumothorax,7,10,True,False,exploratory warning; cutoff was not prespecified
3658676649,5,60,F,Edema,0,10,True,True,exploratory warning; cutoff was not prespecified
3658676649,5,60,F,Emphysema,3,10,True,False,exploratory warning; cutoff was not prespecified
3658676649,5,60,F,Fibrosis,7,10,True,False,exploratory warning; cutoff was not prespecified
3658676649,5,60,F,Effusion,11,10,False,False,exploratory warning; cutoff was not prespecified
3658676649,5,60,F,Pneumonia,4,10,True,False,exploratory warning; cutoff was not prespecified
3658676649,5,60,F,Pleural_Thickening,7,10,True,False,exploratory warning; cutoff was not prespecified
3658676649,5,60,F,Cardiomegaly,15,10,False,False,exploratory warning; cutoff was not prespecified
3658676649,5,60,F,Nodule,18,10,False,False,exploratory warning; cutoff was not prespecified
3658676649,5,60,F,Mass,13,10,False,False,exploratory warning; cutoff was not prespecified
3658676649,5,60,F,Hernia,0,10,True,True,exploratory warning; cutoff was not prespecified
3658676649,5,65,F,Atelectasis,14,10,False,False,exploratory warning; cutoff was not prespecified
3658676649,5,65,F,Consolidation,1,10,True,False,exploratory warning; cutoff was not prespecified
3658676649,5,65,F,Infiltration,18,10,False,False,exploratory warning; cutoff was not prespecified
3658676649,5,65,F,Pneumothorax,2,10,True,False,exploratory warning; cutoff was not prespecified
3658676649,5,65,F,Edema,0,10,True,True,exploratory warning; cutoff was not prespecified
3658676649,5,65,F,Emphysema,5,10,True,False,exploratory warning; cutoff was not prespecified
3658676649,5,65,F,Fibrosis,4,10,True,False,exploratory warning; cutoff was not prespecified
3658676649,5,65,F,Effusion,8,10,True,False,exploratory warning; cutoff was not prespecified
3658676649,5,65,F,Pneumonia,0,10,True,True,exploratory warning; cutoff was not prespecified
3658676649,5,65,F,Pleural_Thickening,8,10,True,False,exploratory warning; cutoff was not prespecified
3658676649,5,65,F,Cardiomegaly,10,10,False,False,exploratory warning; cutoff was not prespecified
3658676649,5,65,F,Nodule,13,10,False,False,exploratory warning; cutoff was not prespecified
3658676649,5,65,F,Mass,9,10,True,False,exploratory warning; cutoff was not prespecified
3658676649,5,65,F,Hernia,0,10,True,True,exploratory warning; cutoff was not prespecified
3658676649,5,70,F,Atelectasis,4,10,True,False,exploratory warning; cutoff was not prespecified
3658676649,5,70,F,Consolidation,2,10,True,False,exploratory warning; cutoff was not prespecified
3658676649,5,70,F,Infiltration,13,10,False,False,exploratory warning; cutoff was not prespecified
3658676649,5,70,F,Pneumothorax,2,10,True,False,exploratory warning; cutoff was not prespecified
3658676649,5,70,F,Edema,1,10,True,False,exploratory warning; cutoff was not prespecified
3658676649,5,70,F,Emphysema,1,10,True,False,exploratory warning; cutoff was not prespecified
3658676649,5,70,F,Fibrosis,5,10,True,False,exploratory warning; cutoff was not prespecified
3658676649,5,70,F,Effusion,5,10,True,False,exploratory warning; cutoff was not prespecified
3658676649,5,70,F,Pneumonia,2,10,True,False,exploratory warning; cutoff was not prespecified
3658676649,5,70,F,Pleural_Thickening,4,10,True,False,exploratory warning; cutoff was not prespecified
3658676649,5,70,F,Cardiomegaly,6,10,True,False,exploratory warning; cutoff was not prespecified
3658676649,5,70,F,Nodule,5,10,True,False,exploratory warning; cutoff was not prespecified
3658676649,5,70,F,Mass,1,10,True,False,exploratory warning; cutoff was not prespecified
3658676649,5,70,F,Hernia,1,10,True,False,exploratory warning; cutoff was not prespecified
3658676649,5,75,F,Atelectasis,6,10,True,False,exploratory warning; cutoff was not prespecified
3658676649,5,75,F,Consolidation,1,10,True,False,exploratory warning; cutoff was not prespecified
3658676649,5,75,F,Infiltration,4,10,True,False,exploratory warning; cutoff was not prespecified
3658676649,5,75,F,Pneumothorax,3,10,True,False,exploratory warning; cutoff was not prespecified
3658676649,5,75,F,Edema,0,10,True,True,exploratory warning; cutoff was not prespecified
3658676649,5,75,F,Emphysema,2,10,True,False,exploratory warning; cutoff was not prespecified
3658676649,5,75,F,Fibrosis,4,10,True,False,exploratory warning; cutoff was not prespecified
3658676649,5,75,F,Effusion,5,10,True,False,exploratory warning; cutoff was not prespecified
3658676649,5,75,F,Pneumonia,0,10,True,True,exploratory warning; cutoff was not prespecified
3658676649,5,75,F,Pleural_Thickening,7,10,True,False,exploratory warning; cutoff was not prespecified
3658676649,5,75,F,Cardiomegaly,4,10,True,False,exploratory warning; cutoff was not prespecified
3658676649,5,75,F,Nodule,8,10,True,False,exploratory warning; cutoff was not prespecified
3658676649,5,75,F,Mass,3,10,True,False,exploratory warning; cutoff was not prespecified
3658676649,5,75,F,Hernia,0,10,True,True,exploratory warning; cutoff was not prespecified
3658676649,5,80,F,Atelectasis,2,10,True,False,exploratory warning; cutoff was not prespecified
3658676649,5,80,F,Consolidation,0,10,True,True,exploratory warning; cutoff was not prespecified
3658676649,5,80,F,Infiltration,3,10,True,False,exploratory warning; cutoff was not prespecified
3658676649,5,80,F,Pneumothorax,0,10,True,True,exploratory warning; cutoff was not prespecified
3658676649,5,80,F,Edema,0,10,True,True,exploratory warning; cutoff was not prespecified
3658676649,5,80,F,Emphysema,1,10,True,False,exploratory warning; cutoff was not prespecified
3658676649,5,80,F,Fibrosis,0,10,True,True,exploratory warning; cutoff was not prespecified
3658676649,5,80,F,Effusion,0,10,True,True,exploratory warning; cutoff was not prespecified
3658676649,5,80,F,Pneumonia,0,10,True,True,exploratory warning; cutoff was not prespecified
3658676649,5,80,F,Pleural_Thickening,2,10,True,False,exploratory warning; cutoff was not prespecified
3658676649,5,80,F,Cardiomegaly,2,10,True,False,exploratory warning; cutoff was not prespecified
3658676649,5,80,F,Nodule,0,10,True,True,exploratory warning; cutoff was not prespecified
3658676649,5,80,F,Mass,1,10,True,False,exploratory warning; cutoff was not prespecified
3658676649,5,80,F,Hernia,1,10,True,False,exploratory warning; cutoff was not prespecified
3658676649,5,85,F,Atelectasis,0,10,True,True,exploratory warning; cutoff was not prespecified
3658676649,5,85,F,Consolidation,0,10,True,True,exploratory warning; cutoff was not prespecified
3658676649,5,85,F,Infiltration,2,10,True,False,exploratory warning; cutoff was not prespecified
3658676649,5,85,F,Pneumothorax,0,10,True,True,exploratory warning; cutoff was not prespecified
3658676649,5,85,F,Edema,0,10,True,True,exploratory warning; cutoff was not prespecified
3658676649,5,85,F,Emphysema,0,10,True,True,exploratory warning; cutoff was not prespecified
3658676649,5,85,F,Fibrosis,1,10,True,False,exploratory warning; cutoff was not prespecified
3658676649,5,85,F,Effusion,0,10,True,True,exploratory warning; cutoff was not prespecified
3658676649,5,85,F,Pneumonia,0,10,True,True,exploratory warning; cutoff was not prespecified
3658676649,5,85,F,Pleural_Thickening,0,10,True,True,exploratory warning; cutoff was not prespecified
3658676649,5,85,F,Cardiomegaly,2,10,True,False,exploratory warning; cutoff was not prespecified
3658676649,5,85,F,Nodule,0,10,True,True,exploratory warning; cutoff was not prespecified
3658676649,5,85,F,Mass,0,10,True,True,exploratory warning; cutoff was not prespecified
3658676649,5,85,F,Hernia,0,10,True,True,exploratory warning; cutoff was not prespecified
3658676649,5,95,F,Atelectasis,0,10,True,True,exploratory warning; cutoff was not prespecified
3658676649,5,95,F,Consolidation,0,10,True,True,exploratory warning; cutoff was not prespecified
3658676649,5,95,F,Infiltration,0,10,True,True,exploratory warning; cutoff was not prespecified
3658676649,5,95,F,Pneumothorax,0,10,True,True,exploratory warning; cutoff was not prespecified
3658676649,5,95,F,Edema,0,10,True,True,exploratory warning; cutoff was not prespecified
3658676649,5,95,F,Emphysema,0,10,True,True,exploratory warning; cutoff was not prespecified
3658676649,5,95,F,Fibrosis,0,10,True,True,exploratory warning; cutoff was not prespecified
3658676649,5,95,F,Effusion,0,10,True,True,exploratory warning; cutoff was not prespecified
3658676649,5,95,F,Pneumonia,0,10,True,True,exploratory warning; cutoff was not prespecified
3658676649,5,95,F,Pleural_Thickening,0,10,True,True,exploratory warning; cutoff was not prespecified
3658676649,5,95,F,Cardiomegaly,0,10,True,True,exploratory warning; cutoff was not prespecified
3658676649,5,95,F,Nodule,0,10,True,True,exploratory warning; cutoff was not prespecified
3658676649,5,95,F,Mass,0,10,True,True,exploratory warning; cutoff was not prespecified
3658676649,5,95,F,Hernia,0,10,True,True,exploratory warning; cutoff was not prespecified
3658676649,5,0,M,Atelectasis,2,10,True,False,exploratory warning; cutoff was not prespecified
3658676649,5,0,M,Consolidation,0,10,True,True,exploratory warning; cutoff was not prespecified
3658676649,5,0,M,Infiltration,3,10,True,False,exploratory warning; cutoff was not prespecified
3658676649,5,0,M,Pneumothorax,0,10,True,True,exploratory warning; cutoff was not prespecified
3658676649,5,0,M,Edema,0,10,True,True,exploratory warning; cutoff was not prespecified
3658676649,5,0,M,Emphysema,0,10,True,True,exploratory warning; cutoff was not prespecified
3658676649,5,0,M,Fibrosis,0,10,True,True,exploratory warning; cutoff was not prespecified
3658676649,5,0,M,Effusion,1,10,True,False,exploratory warning; cutoff was not prespecified
3658676649,5,0,M,Pneumonia,1,10,True,False,exploratory warning; cutoff was not prespecified
3658676649,5,0,M,Pleural_Thickening,0,10,True,True,exploratory warning; cutoff was not prespecified
3658676649,5,0,M,Cardiomegaly,0,10,True,True,exploratory warning; cutoff was not prespecified
3658676649,5,0,M,Nodule,0,10,True,True,exploratory warning; cutoff was not prespecified
3658676649,5,0,M,Mass,1,10,True,False,exploratory warning; cutoff was not prespecified
3658676649,5,0,M,Hernia,0,10,True,True,exploratory warning; cutoff was not prespecified
3658676649,5,5,M,Atelectasis,4,10,True,False,exploratory warning; cutoff was not prespecified
3658676649,5,5,M,Consolidation,1,10,True,False,exploratory warning; cutoff was not prespecified
3658676649,5,5,M,Infiltration,8,10,True,False,exploratory warning; cutoff was not prespecified
3658676649,5,5,M,Pneumothorax,0,10,True,True,exploratory warning; cutoff was not prespecified
3658676649,5,5,M,Edema,0,10,True,True,exploratory warning; cutoff was not prespecified
3658676649,5,5,M,Emphysema,0,10,True,True,exploratory warning; cutoff was not prespecified
3658676649,5,5,M,Fibrosis,1,10,True,False,exploratory warning; cutoff was not prespecified
3658676649,5,5,M,Effusion,1,10,True,False,exploratory warning; cutoff was not prespecified
3658676649,5,5,M,Pneumonia,1,10,True,False,exploratory warning; cutoff was not prespecified
3658676649,5,5,M,Pleural_Thickening,1,10,True,False,exploratory warning; cutoff was not prespecified
3658676649,5,5,M,Cardiomegaly,0,10,True,True,exploratory warning; cutoff was not prespecified
3658676649,5,5,M,Nodule,0,10,True,True,exploratory warning; cutoff was not prespecified
3658676649,5,5,M,Mass,1,10,True,False,exploratory warning; cutoff was not prespecified
3658676649,5,5,M,Hernia,0,10,True,True,exploratory warning; cutoff was not prespecified
3658676649,5,10,M,Atelectasis,3,10,True,False,exploratory warning; cutoff was not prespecified
3658676649,5,10,M,Consolidation,2,10,True,False,exploratory warning; cutoff was not prespecified
3658676649,5,10,M,Infiltration,13,10,False,False,exploratory warning; cutoff was not prespecified
3658676649,5,10,M,Pneumothorax,1,10,True,False,exploratory warning; cutoff was not prespecified
3658676649,5,10,M,Edema,1,10,True,False,exploratory warning; cutoff was not prespecified
3658676649,5,10,M,Emphysema,0,10,True,True,exploratory warning; cutoff was not prespecified
3658676649,5,10,M,Fibrosis,1,10,True,False,exploratory warning; cutoff was not prespecified
3658676649,5,10,M,Effusion,5,10,True,False,exploratory warning; cutoff was not prespecified
3658676649,5,10,M,Pneumonia,2,10,True,False,exploratory warning; cutoff was not prespecified
3658676649,5,10,M,Pleural_Thickening,1,10,True,False,exploratory warning; cutoff was not prespecified
3658676649,5,10,M,Cardiomegaly,3,10,True,False,exploratory warning; cutoff was not prespecified
3658676649,5,10,M,Nodule,2,10,True,False,exploratory warning; cutoff was not prespecified
3658676649,5,10,M,Mass,2,10,True,False,exploratory warning; cutoff was not prespecified
3658676649,5,10,M,Hernia,0,10,True,True,exploratory warning; cutoff was not prespecified
3658676649,5,15,M,Atelectasis,1,10,True,False,exploratory warning; cutoff was not prespecified
3658676649,5,15,M,Consolidation,1,10,True,False,exploratory warning; cutoff was not prespecified
3658676649,5,15,M,Infiltration,12,10,False,False,exploratory warning; cutoff was not prespecified
3658676649,5,15,M,Pneumothorax,0,10,True,True,exploratory warning; cutoff was not prespecified
3658676649,5,15,M,Edema,0,10,True,True,exploratory warning; cutoff was not prespecified
3658676649,5,15,M,Emphysema,1,10,True,False,exploratory warning; cutoff was not prespecified
3658676649,5,15,M,Fibrosis,0,10,True,True,exploratory warning; cutoff was not prespecified
3658676649,5,15,M,Effusion,2,10,True,False,exploratory warning; cutoff was not prespecified
3658676649,5,15,M,Pneumonia,0,10,True,True,exploratory warning; cutoff was not prespecified
3658676649,5,15,M,Pleural_Thickening,2,10,True,False,exploratory warning; cutoff was not prespecified
3658676649,5,15,M,Cardiomegaly,1,10,True,False,exploratory warning; cutoff was not prespecified
3658676649,5,15,M,Nodule,3,10,True,False,exploratory warning; cutoff was not prespecified
3658676649,5,15,M,Mass,5,10,True,False,exploratory warning; cutoff was not prespecified
3658676649,5,15,M,Hernia,0,10,True,True,exploratory warning; cutoff was not prespecified
3658676649,5,20,M,Atelectasis,3,10,True,False,exploratory warning; cutoff was not prespecified
3658676649,5,20,M,Consolidation,2,10,True,False,exploratory warning; cutoff was not prespecified
3658676649,5,20,M,Infiltration,25,10,False,False,exploratory warning; cutoff was not prespecified
3658676649,5,20,M,Pneumothorax,2,10,True,False,exploratory warning; cutoff was not prespecified
3658676649,5,20,M,Edema,0,10,True,True,exploratory warning; cutoff was not prespecified
3658676649,5,20,M,Emphysema,0,10,True,True,exploratory warning; cutoff was not prespecified
3658676649,5,20,M,Fibrosis,2,10,True,False,exploratory warning; cutoff was not prespecified
3658676649,5,20,M,Effusion,3,10,True,False,exploratory warning; cutoff was not prespecified
3658676649,5,20,M,Pneumonia,2,10,True,False,exploratory warning; cutoff was not prespecified
3658676649,5,20,M,Pleural_Thickening,3,10,True,False,exploratory warning; cutoff was not prespecified
3658676649,5,20,M,Cardiomegaly,1,10,True,False,exploratory warning; cutoff was not prespecified
3658676649,5,20,M,Nodule,3,10,True,False,exploratory warning; cutoff was not prespecified
3658676649,5,20,M,Mass,6,10,True,False,exploratory warning; cutoff was not prespecified
3658676649,5,20,M,Hernia,0,10,True,True,exploratory warning; cutoff was not prespecified
3658676649,5,25,M,Atelectasis,9,10,True,False,exploratory warning; cutoff was not prespecified
3658676649,5,25,M,Consolidation,2,10,True,False,exploratory warning; cutoff was not prespecified
3658676649,5,25,M,Infiltration,40,10,False,False,exploratory warning; cutoff was not prespecified
3658676649,5,25,M,Pneumothorax,2,10,True,False,exploratory warning; cutoff was not prespecified
3658676649,5,25,M,Edema,1,10,True,False,exploratory warning; cutoff was not prespecified
3658676649,5,25,M,Emphysema,0,10,True,True,exploratory warning; cutoff was not prespecified
3658676649,5,25,M,Fibrosis,1,10,True,False,exploratory warning; cutoff was not prespecified
3658676649,5,25,M,Effusion,6,10,True,False,exploratory warning; cutoff was not prespecified
3658676649,5,25,M,Pneumonia,2,10,True,False,exploratory warning; cutoff was not prespecified
3658676649,5,25,M,Pleural_Thickening,4,10,True,False,exploratory warning; cutoff was not prespecified
3658676649,5,25,M,Cardiomegaly,3,10,True,False,exploratory warning; cutoff was not prespecified
3658676649,5,25,M,Nodule,4,10,True,False,exploratory warning; cutoff was not prespecified
3658676649,5,25,M,Mass,11,10,False,False,exploratory warning; cutoff was not prespecified
3658676649,5,25,M,Hernia,0,10,True,True,exploratory warning; cutoff was not prespecified
3658676649,5,30,M,Atelectasis,7,10,True,False,exploratory warning; cutoff was not prespecified
3658676649,5,30,M,Consolidation,4,10,True,False,exploratory warning; cutoff was not prespecified
3658676649,5,30,M,Infiltration,32,10,False,False,exploratory warning; cutoff was not prespecified
3658676649,5,30,M,Pneumothorax,2,10,True,False,exploratory warning; cutoff was not prespecified
3658676649,5,30,M,Edema,1,10,True,False,exploratory warning; cutoff was not prespecified
3658676649,5,30,M,Emphysema,0,10,True,True,exploratory warning; cutoff was not prespecified
3658676649,5,30,M,Fibrosis,1,10,True,False,exploratory warning; cutoff was not prespecified
3658676649,5,30,M,Effusion,8,10,True,False,exploratory warning; cutoff was not prespecified
3658676649,5,30,M,Pneumonia,2,10,True,False,exploratory warning; cutoff was not prespecified
3658676649,5,30,M,Pleural_Thickening,7,10,True,False,exploratory warning; cutoff was not prespecified
3658676649,5,30,M,Cardiomegaly,1,10,True,False,exploratory warning; cutoff was not prespecified
3658676649,5,30,M,Nodule,8,10,True,False,exploratory warning; cutoff was not prespecified
3658676649,5,30,M,Mass,7,10,True,False,exploratory warning; cutoff was not prespecified
3658676649,5,30,M,Hernia,0,10,True,True,exploratory warning; cutoff was not prespecified
3658676649,5,35,M,Atelectasis,10,10,False,False,exploratory warning; cutoff was not prespecified
3658676649,5,35,M,Consolidation,3,10,True,False,exploratory warning; cutoff was not prespecified
3658676649,5,35,M,Infiltration,27,10,False,False,exploratory warning; cutoff was not prespecified
3658676649,5,35,M,Pneumothorax,2,10,True,False,exploratory warning; cutoff was not prespecified
3658676649,5,35,M,Edema,1,10,True,False,exploratory warning; cutoff was not prespecified
3658676649,5,35,M,Emphysema,2,10,True,False,exploratory warning; cutoff was not prespecified
3658676649,5,35,M,Fibrosis,6,10,True,False,exploratory warning; cutoff was not prespecified
3658676649,5,35,M,Effusion,6,10,True,False,exploratory warning; cutoff was not prespecified
3658676649,5,35,M,Pneumonia,2,10,True,False,exploratory warning; cutoff was not prespecified
3658676649,5,35,M,Pleural_Thickening,6,10,True,False,exploratory warning; cutoff was not prespecified
3658676649,5,35,M,Cardiomegaly,5,10,True,False,exploratory warning; cutoff was not prespecified
3658676649,5,35,M,Nodule,8,10,True,False,exploratory warning; cutoff was not prespecified
3658676649,5,35,M,Mass,15,10,False,False,exploratory warning; cutoff was not prespecified
3658676649,5,35,M,Hernia,1,10,True,False,exploratory warning; cutoff was not prespecified
3658676649,5,40,M,Atelectasis,16,10,False,False,exploratory warning; cutoff was not prespecified
3658676649,5,40,M,Consolidation,4,10,True,False,exploratory warning; cutoff was not prespecified
3658676649,5,40,M,Infiltration,32,10,False,False,exploratory warning; cutoff was not prespecified
3658676649,5,40,M,Pneumothorax,4,10,True,False,exploratory warning; cutoff was not prespecified
3658676649,5,40,M,Edema,1,10,True,False,exploratory warning; cutoff was not prespecified
3658676649,5,40,M,Emphysema,2,10,True,False,exploratory warning; cutoff was not prespecified
3658676649,5,40,M,Fibrosis,2,10,True,False,exploratory warning; cutoff was not prespecified
3658676649,5,40,M,Effusion,10,10,False,False,exploratory warning; cutoff was not prespecified
3658676649,5,40,M,Pneumonia,0,10,True,True,exploratory warning; cutoff was not prespecified
3658676649,5,40,M,Pleural_Thickening,5,10,True,False,exploratory warning; cutoff was not prespecified
3658676649,5,40,M,Cardiomegaly,5,10,True,False,exploratory warning; cutoff was not prespecified
3658676649,5,40,M,Nodule,16,10,False,False,exploratory warning; cutoff was not prespecified
3658676649,5,40,M,Mass,9,10,True,False,exploratory warning; cutoff was not prespecified
3658676649,5,40,M,Hernia,0,10,True,True,exploratory warning; cutoff was not prespecified
3658676649,5,45,M,Atelectasis,23,10,False,False,exploratory warning; cutoff was not prespecified
3658676649,5,45,M,Consolidation,3,10,True,False,exploratory warning; cutoff was not prespecified
3658676649,5,45,M,Infiltration,39,10,False,False,exploratory warning; cutoff was not prespecified
3658676649,5,45,M,Pneumothorax,1,10,True,False,exploratory warning; cutoff was not prespecified
3658676649,5,45,M,Edema,1,10,True,False,exploratory warning; cutoff was not prespecified
3658676649,5,45,M,Emphysema,1,10,True,False,exploratory warning; cutoff was not prespecified
3658676649,5,45,M,Fibrosis,11,10,False,False,exploratory warning; cutoff was not prespecified
3658676649,5,45,M,Effusion,10,10,False,False,exploratory warning; cutoff was not prespecified
3658676649,5,45,M,Pneumonia,1,10,True,False,exploratory warning; cutoff was not prespecified
3658676649,5,45,M,Pleural_Thickening,6,10,True,False,exploratory warning; cutoff was not prespecified
3658676649,5,45,M,Cardiomegaly,6,10,True,False,exploratory warning; cutoff was not prespecified
3658676649,5,45,M,Nodule,16,10,False,False,exploratory warning; cutoff was not prespecified
3658676649,5,45,M,Mass,16,10,False,False,exploratory warning; cutoff was not prespecified
3658676649,5,45,M,Hernia,0,10,True,True,exploratory warning; cutoff was not prespecified
3658676649,5,50,M,Atelectasis,21,10,False,False,exploratory warning; cutoff was not prespecified
3658676649,5,50,M,Consolidation,5,10,True,False,exploratory warning; cutoff was not prespecified
3658676649,5,50,M,Infiltration,50,10,False,False,exploratory warning; cutoff was not prespecified
3658676649,5,50,M,Pneumothorax,1,10,True,False,exploratory warning; cutoff was not prespecified
3658676649,5,50,M,Edema,0,10,True,True,exploratory warning; cutoff was not prespecified
3658676649,5,50,M,Emphysema,3,10,True,False,exploratory warning; cutoff was not prespecified
3658676649,5,50,M,Fibrosis,1,10,True,False,exploratory warning; cutoff was not prespecified
3658676649,5,50,M,Effusion,10,10,False,False,exploratory warning; cutoff was not prespecified
3658676649,5,50,M,Pneumonia,1,10,True,False,exploratory warning; cutoff was not prespecified
3658676649,5,50,M,Pleural_Thickening,6,10,True,False,exploratory warning; cutoff was not prespecified
3658676649,5,50,M,Cardiomegaly,6,10,True,False,exploratory warning; cutoff was not prespecified
3658676649,5,50,M,Nodule,15,10,False,False,exploratory warning; cutoff was not prespecified
3658676649,5,50,M,Mass,17,10,False,False,exploratory warning; cutoff was not prespecified
3658676649,5,50,M,Hernia,0,10,True,True,exploratory warning; cutoff was not prespecified
3658676649,5,55,M,Atelectasis,24,10,False,False,exploratory warning; cutoff was not prespecified
3658676649,5,55,M,Consolidation,4,10,True,False,exploratory warning; cutoff was not prespecified
3658676649,5,55,M,Infiltration,39,10,False,False,exploratory warning; cutoff was not prespecified
3658676649,5,55,M,Pneumothorax,2,10,True,False,exploratory warning; cutoff was not prespecified
3658676649,5,55,M,Edema,1,10,True,False,exploratory warning; cutoff was not prespecified
3658676649,5,55,M,Emphysema,3,10,True,False,exploratory warning; cutoff was not prespecified
3658676649,5,55,M,Fibrosis,7,10,True,False,exploratory warning; cutoff was not prespecified
3658676649,5,55,M,Effusion,20,10,False,False,exploratory warning; cutoff was not prespecified
3658676649,5,55,M,Pneumonia,1,10,True,False,exploratory warning; cutoff was not prespecified
3658676649,5,55,M,Pleural_Thickening,15,10,False,False,exploratory warning; cutoff was not prespecified
3658676649,5,55,M,Cardiomegaly,7,10,True,False,exploratory warning; cutoff was not prespecified
3658676649,5,55,M,Nodule,27,10,False,False,exploratory warning; cutoff was not prespecified
3658676649,5,55,M,Mass,21,10,False,False,exploratory warning; cutoff was not prespecified
3658676649,5,55,M,Hernia,0,10,True,True,exploratory warning; cutoff was not prespecified
3658676649,5,60,M,Atelectasis,25,10,False,False,exploratory warning; cutoff was not prespecified
3658676649,5,60,M,Consolidation,5,10,True,False,exploratory warning; cutoff was not prespecified
3658676649,5,60,M,Infiltration,43,10,False,False,exploratory warning; cutoff was not prespecified
3658676649,5,60,M,Pneumothorax,1,10,True,False,exploratory warning; cutoff was not prespecified
3658676649,5,60,M,Edema,0,10,True,True,exploratory warning; cutoff was not prespecified
3658676649,5,60,M,Emphysema,6,10,True,False,exploratory warning; cutoff was not prespecified
3658676649,5,60,M,Fibrosis,10,10,False,False,exploratory warning; cutoff was not prespecified
3658676649,5,60,M,Effusion,25,10,False,False,exploratory warning; cutoff was not prespecified
3658676649,5,60,M,Pneumonia,0,10,True,True,exploratory warning; cutoff was not prespecified
3658676649,5,60,M,Pleural_Thickening,15,10,False,False,exploratory warning; cutoff was not prespecified
3658676649,5,60,M,Cardiomegaly,5,10,True,False,exploratory warning; cutoff was not prespecified
3658676649,5,60,M,Nodule,31,10,False,False,exploratory warning; cutoff was not prespecified
3658676649,5,60,M,Mass,14,10,False,False,exploratory warning; cutoff was not prespecified
3658676649,5,60,M,Hernia,1,10,True,False,exploratory warning; cutoff was not prespecified
3658676649,5,65,M,Atelectasis,21,10,False,False,exploratory warning; cutoff was not prespecified
3658676649,5,65,M,Consolidation,7,10,True,False,exploratory warning; cutoff was not prespecified
3658676649,5,65,M,Infiltration,32,10,False,False,exploratory warning; cutoff was not prespecified
3658676649,5,65,M,Pneumothorax,0,10,True,True,exploratory warning; cutoff was not prespecified
3658676649,5,65,M,Edema,2,10,True,False,exploratory warning; cutoff was not prespecified
3658676649,5,65,M,Emphysema,4,10,True,False,exploratory warning; cutoff was not prespecified
3658676649,5,65,M,Fibrosis,8,10,True,False,exploratory warning; cutoff was not prespecified
3658676649,5,65,M,Effusion,13,10,False,False,exploratory warning; cutoff was not prespecified
3658676649,5,65,M,Pneumonia,1,10,True,False,exploratory warning; cutoff was not prespecified
3658676649,5,65,M,Pleural_Thickening,10,10,False,False,exploratory warning; cutoff was not prespecified
3658676649,5,65,M,Cardiomegaly,8,10,True,False,exploratory warning; cutoff was not prespecified
3658676649,5,65,M,Nodule,23,10,False,False,exploratory warning; cutoff was not prespecified
3658676649,5,65,M,Mass,18,10,False,False,exploratory warning; cutoff was not prespecified
3658676649,5,65,M,Hernia,0,10,True,True,exploratory warning; cutoff was not prespecified
3658676649,5,70,M,Atelectasis,10,10,False,False,exploratory warning; cutoff was not prespecified
3658676649,5,70,M,Consolidation,4,10,True,False,exploratory warning; cutoff was not prespecified
3658676649,5,70,M,Infiltration,22,10,False,False,exploratory warning; cutoff was not prespecified
3658676649,5,70,M,Pneumothorax,1,10,True,False,exploratory warning; cutoff was not prespecified
3658676649,5,70,M,Edema,0,10,True,True,exploratory warning; cutoff was not prespecified
3658676649,5,70,M,Emphysema,4,10,True,False,exploratory warning; cutoff was not prespecified
3658676649,5,70,M,Fibrosis,5,10,True,False,exploratory warning; cutoff was not prespecified
3658676649,5,70,M,Effusion,11,10,False,False,exploratory warning; cutoff was not prespecified
3658676649,5,70,M,Pneumonia,1,10,True,False,exploratory warning; cutoff was not prespecified
3658676649,5,70,M,Pleural_Thickening,5,10,True,False,exploratory warning; cutoff was not prespecified
3658676649,5,70,M,Cardiomegaly,9,10,True,False,exploratory warning; cutoff was not prespecified
3658676649,5,70,M,Nodule,8,10,True,False,exploratory warning; cutoff was not prespecified
3658676649,5,70,M,Mass,9,10,True,False,exploratory warning; cutoff was not prespecified
3658676649,5,70,M,Hernia,1,10,True,False,exploratory warning; cutoff was not prespecified
3658676649,5,75,M,Atelectasis,13,10,False,False,exploratory warning; cutoff was not prespecified
3658676649,5,75,M,Consolidation,0,10,True,True,exploratory warning; cutoff was not prespecified
3658676649,5,75,M,Infiltration,14,10,False,False,exploratory warning; cutoff was not prespecified
3658676649,5,75,M,Pneumothorax,1,10,True,False,exploratory warning; cutoff was not prespecified
3658676649,5,75,M,Edema,1,10,True,False,exploratory warning; cutoff was not prespecified
3658676649,5,75,M,Emphysema,4,10,True,False,exploratory warning; cutoff was not prespecified
3658676649,5,75,M,Fibrosis,7,10,True,False,exploratory warning; cutoff was not prespecified
3658676649,5,75,M,Effusion,8,10,True,False,exploratory warning; cutoff was not prespecified
3658676649,5,75,M,Pneumonia,1,10,True,False,exploratory warning; cutoff was not prespecified
3658676649,5,75,M,Pleural_Thickening,1,10,True,False,exploratory warning; cutoff was not prespecified
3658676649,5,75,M,Cardiomegaly,2,10,True,False,exploratory warning; cutoff was not prespecified
3658676649,5,75,M,Nodule,7,10,True,False,exploratory warning; cutoff was not prespecified
3658676649,5,75,M,Mass,6,10,True,False,exploratory warning; cutoff was not prespecified
3658676649,5,75,M,Hernia,2,10,True,False,exploratory warning; cutoff was not prespecified
3658676649,5,80,M,Atelectasis,1,10,True,False,exploratory warning; cutoff was not prespecified
3658676649,5,80,M,Consolidation,3,10,True,False,exploratory warning; cutoff was not prespecified
3658676649,5,80,M,Infiltration,3,10,True,False,exploratory warning; cutoff was not prespecified
3658676649,5,80,M,Pneumothorax,0,10,True,True,exploratory warning; cutoff was not prespecified
3658676649,5,80,M,Edema,0,10,True,True,exploratory warning; cutoff was not prespecified
3658676649,5,80,M,Emphysema,1,10,True,False,exploratory warning; cutoff was not prespecified
3658676649,5,80,M,Fibrosis,3,10,True,False,exploratory warning; cutoff was not prespecified
3658676649,5,80,M,Effusion,1,10,True,False,exploratory warning; cutoff was not prespecified
3658676649,5,80,M,Pneumonia,1,10,True,False,exploratory warning; cutoff was not prespecified
3658676649,5,80,M,Pleural_Thickening,1,10,True,False,exploratory warning; cutoff was not prespecified
3658676649,5,80,M,Cardiomegaly,2,10,True,False,exploratory warning; cutoff was not prespecified
3658676649,5,80,M,Nodule,2,10,True,False,exploratory warning; cutoff was not prespecified
3658676649,5,80,M,Mass,4,10,True,False,exploratory warning; cutoff was not prespecified
3658676649,5,80,M,Hernia,2,10,True,False,exploratory warning; cutoff was not prespecified
3658676649,5,85,M,Atelectasis,1,10,True,False,exploratory warning; cutoff was not prespecified
3658676649,5,85,M,Consolidation,0,10,True,True,exploratory warning; cutoff was not prespecified
3658676649,5,85,M,Infiltration,0,10,True,True,exploratory warning; cutoff was not prespecified
3658676649,5,85,M,Pneumothorax,0,10,True,True,exploratory warning; cutoff was not prespecified
3658676649,5,85,M,Edema,0,10,True,True,exploratory warning; cutoff was not prespecified
3658676649,5,85,M,Emphysema,1,10,True,False,exploratory warning; cutoff was not prespecified
3658676649,5,85,M,Fibrosis,0,10,True,True,exploratory warning; cutoff was not prespecified
3658676649,5,85,M,Effusion,0,10,True,True,exploratory warning; cutoff was not prespecified
3658676649,5,85,M,Pneumonia,0,10,True,True,exploratory warning; cutoff was not prespecified
3658676649,5,85,M,Pleural_Thickening,0,10,True,True,exploratory warning; cutoff was not prespecified
3658676649,5,85,M,Cardiomegaly,0,10,True,True,exploratory warning; cutoff was not prespecified
3658676649,5,85,M,Nodule,1,10,True,False,exploratory warning; cutoff was not prespecified
3658676649,5,85,M,Mass,2,10,True,False,exploratory warning; cutoff was not prespecified
3658676649,5,85,M,Hernia,0,10,True,True,exploratory warning; cutoff was not prespecified
3658676649,10,0,F,Atelectasis,1,10,True,False,exploratory warning; cutoff was not prespecified
3658676649,10,0,F,Consolidation,1,10,True,False,exploratory warning; cutoff was not prespecified
3658676649,10,0,F,Infiltration,3,10,True,False,exploratory warning; cutoff was not prespecified
3658676649,10,0,F,Pneumothorax,0,10,True,True,exploratory warning; cutoff was not prespecified
3658676649,10,0,F,Edema,0,10,True,True,exploratory warning; cutoff was not prespecified
3658676649,10,0,F,Emphysema,0,10,True,True,exploratory warning; cutoff was not prespecified
3658676649,10,0,F,Fibrosis,0,10,True,True,exploratory warning; cutoff was not prespecified
3658676649,10,0,F,Effusion,1,10,True,False,exploratory warning; cutoff was not prespecified
3658676649,10,0,F,Pneumonia,1,10,True,False,exploratory warning; cutoff was not prespecified
3658676649,10,0,F,Pleural_Thickening,0,10,True,True,exploratory warning; cutoff was not prespecified
3658676649,10,0,F,Cardiomegaly,1,10,True,False,exploratory warning; cutoff was not prespecified
3658676649,10,0,F,Nodule,0,10,True,True,exploratory warning; cutoff was not prespecified
3658676649,10,0,F,Mass,0,10,True,True,exploratory warning; cutoff was not prespecified
3658676649,10,0,F,Hernia,0,10,True,True,exploratory warning; cutoff was not prespecified
3658676649,10,10,F,Atelectasis,2,10,True,False,exploratory warning; cutoff was not prespecified
3658676649,10,10,F,Consolidation,2,10,True,False,exploratory warning; cutoff was not prespecified
3658676649,10,10,F,Infiltration,17,10,False,False,exploratory warning; cutoff was not prespecified
3658676649,10,10,F,Pneumothorax,1,10,True,False,exploratory warning; cutoff was not prespecified
3658676649,10,10,F,Edema,1,10,True,False,exploratory warning; cutoff was not prespecified
3658676649,10,10,F,Emphysema,0,10,True,True,exploratory warning; cutoff was not prespecified
3658676649,10,10,F,Fibrosis,0,10,True,True,exploratory warning; cutoff was not prespecified
3658676649,10,10,F,Effusion,1,10,True,False,exploratory warning; cutoff was not prespecified
3658676649,10,10,F,Pneumonia,2,10,True,False,exploratory warning; cutoff was not prespecified
3658676649,10,10,F,Pleural_Thickening,2,10,True,False,exploratory warning; cutoff was not prespecified
3658676649,10,10,F,Cardiomegaly,3,10,True,False,exploratory warning; cutoff was not prespecified
3658676649,10,10,F,Nodule,5,10,True,False,exploratory warning; cutoff was not prespecified
3658676649,10,10,F,Mass,4,10,True,False,exploratory warning; cutoff was not prespecified
3658676649,10,10,F,Hernia,0,10,True,True,exploratory warning; cutoff was not prespecified
3658676649,10,20,F,Atelectasis,4,10,True,False,exploratory warning; cutoff was not prespecified
3658676649,10,20,F,Consolidation,6,10,True,False,exploratory warning; cutoff was not prespecified
3658676649,10,20,F,Infiltration,42,10,False,False,exploratory warning; cutoff was not prespecified
3658676649,10,20,F,Pneumothorax,3,10,True,False,exploratory warning; cutoff was not prespecified
3658676649,10,20,F,Edema,1,10,True,False,exploratory warning; cutoff was not prespecified
3658676649,10,20,F,Emphysema,2,10,True,False,exploratory warning; cutoff was not prespecified
3658676649,10,20,F,Fibrosis,1,10,True,False,exploratory warning; cutoff was not prespecified
3658676649,10,20,F,Effusion,13,10,False,False,exploratory warning; cutoff was not prespecified
3658676649,10,20,F,Pneumonia,1,10,True,False,exploratory warning; cutoff was not prespecified
3658676649,10,20,F,Pleural_Thickening,2,10,True,False,exploratory warning; cutoff was not prespecified
3658676649,10,20,F,Cardiomegaly,8,10,True,False,exploratory warning; cutoff was not prespecified
3658676649,10,20,F,Nodule,8,10,True,False,exploratory warning; cutoff was not prespecified
3658676649,10,20,F,Mass,13,10,False,False,exploratory warning; cutoff was not prespecified
3658676649,10,20,F,Hernia,0,10,True,True,exploratory warning; cutoff was not prespecified
3658676649,10,30,F,Atelectasis,15,10,False,False,exploratory warning; cutoff was not prespecified
3658676649,10,30,F,Consolidation,6,10,True,False,exploratory warning; cutoff was not prespecified
3658676649,10,30,F,Infiltration,40,10,False,False,exploratory warning; cutoff was not prespecified
3658676649,10,30,F,Pneumothorax,6,10,True,False,exploratory warning; cutoff was not prespecified
3658676649,10,30,F,Edema,1,10,True,False,exploratory warning; cutoff was not prespecified
3658676649,10,30,F,Emphysema,1,10,True,False,exploratory warning; cutoff was not prespecified
3658676649,10,30,F,Fibrosis,6,10,True,False,exploratory warning; cutoff was not prespecified
3658676649,10,30,F,Effusion,18,10,False,False,exploratory warning; cutoff was not prespecified
3658676649,10,30,F,Pneumonia,4,10,True,False,exploratory warning; cutoff was not prespecified
3658676649,10,30,F,Pleural_Thickening,4,10,True,False,exploratory warning; cutoff was not prespecified
3658676649,10,30,F,Cardiomegaly,11,10,False,False,exploratory warning; cutoff was not prespecified
3658676649,10,30,F,Nodule,13,10,False,False,exploratory warning; cutoff was not prespecified
3658676649,10,30,F,Mass,12,10,False,False,exploratory warning; cutoff was not prespecified
3658676649,10,30,F,Hernia,0,10,True,True,exploratory warning; cutoff was not prespecified
3658676649,10,40,F,Atelectasis,19,10,False,False,exploratory warning; cutoff was not prespecified
3658676649,10,40,F,Consolidation,6,10,True,False,exploratory warning; cutoff was not prespecified
3658676649,10,40,F,Infiltration,60,10,False,False,exploratory warning; cutoff was not prespecified
3658676649,10,40,F,Pneumothorax,10,10,False,False,exploratory warning; cutoff was not prespecified
3658676649,10,40,F,Edema,0,10,True,True,exploratory warning; cutoff was not prespecified
3658676649,10,40,F,Emphysema,1,10,True,False,exploratory warning; cutoff was not prespecified
3658676649,10,40,F,Fibrosis,14,10,False,False,exploratory warning; cutoff was not prespecified
3658676649,10,40,F,Effusion,25,10,False,False,exploratory warning; cutoff was not prespecified
3658676649,10,40,F,Pneumonia,0,10,True,True,exploratory warning; cutoff was not prespecified
3658676649,10,40,F,Pleural_Thickening,14,10,False,False,exploratory warning; cutoff was not prespecified
3658676649,10,40,F,Cardiomegaly,15,10,False,False,exploratory warning; cutoff was not prespecified
3658676649,10,40,F,Nodule,22,10,False,False,exploratory warning; cutoff was not prespecified
3658676649,10,40,F,Mass,13,10,False,False,exploratory warning; cutoff was not prespecified
3658676649,10,40,F,Hernia,1,10,True,False,exploratory warning; cutoff was not prespecified
3658676649,10,50,F,Atelectasis,43,10,False,False,exploratory warning; cutoff was not prespecified
3658676649,10,50,F,Consolidation,10,10,False,False,exploratory warning; cutoff was not prespecified
3658676649,10,50,F,Infiltration,69,10,False,False,exploratory warning; cutoff was not prespecified
3658676649,10,50,F,Pneumothorax,11,10,False,False,exploratory warning; cutoff was not prespecified
3658676649,10,50,F,Edema,2,10,True,False,exploratory warning; cutoff was not prespecified
3658676649,10,50,F,Emphysema,4,10,True,False,exploratory warning; cutoff was not prespecified
3658676649,10,50,F,Fibrosis,18,10,False,False,exploratory warning; cutoff was not prespecified
3658676649,10,50,F,Effusion,27,10,False,False,exploratory warning; cutoff was not prespecified
3658676649,10,50,F,Pneumonia,7,10,True,False,exploratory warning; cutoff was not prespecified
3658676649,10,50,F,Pleural_Thickening,19,10,False,False,exploratory warning; cutoff was not prespecified
3658676649,10,50,F,Cardiomegaly,27,10,False,False,exploratory warning; cutoff was not prespecified
3658676649,10,50,F,Nodule,45,10,False,False,exploratory warning; cutoff was not prespecified
3658676649,10,50,F,Mass,31,10,False,False,exploratory warning; cutoff was not prespecified
3658676649,10,50,F,Hernia,3,10,True,False,exploratory warning; cutoff was not prespecified
3658676649,10,60,F,Atelectasis,27,10,False,False,exploratory warning; cutoff was not prespecified
3658676649,10,60,F,Consolidation,4,10,True,False,exploratory warning; cutoff was not prespecified
3658676649,10,60,F,Infiltration,50,10,False,False,exploratory warning; cutoff was not prespecified
3658676649,10,60,F,Pneumothorax,9,10,True,False,exploratory warning; cutoff was not prespecified
3658676649,10,60,F,Edema,0,10,True,True,exploratory warning; cutoff was not prespecified
3658676649,10,60,F,Emphysema,8,10,True,False,exploratory warning; cutoff was not prespecified
3658676649,10,60,F,Fibrosis,11,10,False,False,exploratory warning; cutoff was not prespecified
3658676649,10,60,F,Effusion,19,10,False,False,exploratory warning; cutoff was not prespecified
3658676649,10,60,F,Pneumonia,4,10,True,False,exploratory warning; cutoff was not prespecified
3658676649,10,60,F,Pleural_Thickening,15,10,False,False,exploratory warning; cutoff was not prespecified
3658676649,10,60,F,Cardiomegaly,25,10,False,False,exploratory warning; cutoff was not prespecified
3658676649,10,60,F,Nodule,31,10,False,False,exploratory warning; cutoff was not prespecified
3658676649,10,60,F,Mass,22,10,False,False,exploratory warning; cutoff was not prespecified
3658676649,10,60,F,Hernia,0,10,True,True,exploratory warning; cutoff was not prespecified
3658676649,10,70,F,Atelectasis,10,10,False,False,exploratory warning; cutoff was not prespecified
3658676649,10,70,F,Consolidation,3,10,True,False,exploratory warning; cutoff was not prespecified
3658676649,10,70,F,Infiltration,17,10,False,False,exploratory warning; cutoff was not prespecified
3658676649,10,70,F,Pneumothorax,5,10,True,False,exploratory warning; cutoff was not prespecified
3658676649,10,70,F,Edema,1,10,True,False,exploratory warning; cutoff was not prespecified
3658676649,10,70,F,Emphysema,3,10,True,False,exploratory warning; cutoff was not prespecified
3658676649,10,70,F,Fibrosis,9,10,True,False,exploratory warning; cutoff was not prespecified
3658676649,10,70,F,Effusion,10,10,False,False,exploratory warning; cutoff was not prespecified
3658676649,10,70,F,Pneumonia,2,10,True,False,exploratory warning; cutoff was not prespecified
3658676649,10,70,F,Pleural_Thickening,11,10,False,False,exploratory warning; cutoff was not prespecified
3658676649,10,70,F,Cardiomegaly,10,10,False,False,exploratory warning; cutoff was not prespecified
3658676649,10,70,F,Nodule,13,10,False,False,exploratory warning; cutoff was not prespecified
3658676649,10,70,F,Mass,4,10,True,False,exploratory warning; cutoff was not prespecified
3658676649,10,70,F,Hernia,1,10,True,False,exploratory warning; cutoff was not prespecified
3658676649,10,80,F,Atelectasis,2,10,True,False,exploratory warning; cutoff was not prespecified
3658676649,10,80,F,Consolidation,0,10,True,True,exploratory warning; cutoff was not prespecified
3658676649,10,80,F,Infiltration,5,10,True,False,exploratory warning; cutoff was not prespecified
3658676649,10,80,F,Pneumothorax,0,10,True,True,exploratory warning; cutoff was not prespecified
3658676649,10,80,F,Edema,0,10,True,True,exploratory warning; cutoff was not prespecified
3658676649,10,80,F,Emphysema,1,10,True,False,exploratory warning; cutoff was not prespecified
3658676649,10,80,F,Fibrosis,1,10,True,False,exploratory warning; cutoff was not prespecified
3658676649,10,80,F,Effusion,0,10,True,True,exploratory warning; cutoff was not prespecified
3658676649,10,80,F,Pneumonia,0,10,True,True,exploratory warning; cutoff was not prespecified
3658676649,10,80,F,Pleural_Thickening,2,10,True,False,exploratory warning; cutoff was not prespecified
3658676649,10,80,F,Cardiomegaly,4,10,True,False,exploratory warning; cutoff was not prespecified
3658676649,10,80,F,Nodule,0,10,True,True,exploratory warning; cutoff was not prespecified
3658676649,10,80,F,Mass,1,10,True,False,exploratory warning; cutoff was not prespecified
3658676649,10,80,F,Hernia,1,10,True,False,exploratory warning; cutoff was not prespecified
3658676649,10,90,F,Atelectasis,0,10,True,True,exploratory warning; cutoff was not prespecified
3658676649,10,90,F,Consolidation,0,10,True,True,exploratory warning; cutoff was not prespecified
3658676649,10,90,F,Infiltration,0,10,True,True,exploratory warning; cutoff was not prespecified
3658676649,10,90,F,Pneumothorax,0,10,True,True,exploratory warning; cutoff was not prespecified
3658676649,10,90,F,Edema,0,10,True,True,exploratory warning; cutoff was not prespecified
3658676649,10,90,F,Emphysema,0,10,True,True,exploratory warning; cutoff was not prespecified
3658676649,10,90,F,Fibrosis,0,10,True,True,exploratory warning; cutoff was not prespecified
3658676649,10,90,F,Effusion,0,10,True,True,exploratory warning; cutoff was not prespecified
3658676649,10,90,F,Pneumonia,0,10,True,True,exploratory warning; cutoff was not prespecified
3658676649,10,90,F,Pleural_Thickening,0,10,True,True,exploratory warning; cutoff was not prespecified
3658676649,10,90,F,Cardiomegaly,0,10,True,True,exploratory warning; cutoff was not prespecified
3658676649,10,90,F,Nodule,0,10,True,True,exploratory warning; cutoff was not prespecified
3658676649,10,90,F,Mass,0,10,True,True,exploratory warning; cutoff was not prespecified
3658676649,10,90,F,Hernia,0,10,True,True,exploratory warning; cutoff was not prespecified
3658676649,10,0,M,Atelectasis,6,10,True,False,exploratory warning; cutoff was not prespecified
3658676649,10,0,M,Consolidation,1,10,True,False,exploratory warning; cutoff was not prespecified
3658676649,10,0,M,Infiltration,11,10,False,False,exploratory warning; cutoff was not prespecified
3658676649,10,0,M,Pneumothorax,0,10,True,True,exploratory warning; cutoff was not prespecified
3658676649,10,0,M,Edema,0,10,True,True,exploratory warning; cutoff was not prespecified
3658676649,10,0,M,Emphysema,0,10,True,True,exploratory warning; cutoff was not prespecified
3658676649,10,0,M,Fibrosis,1,10,True,False,exploratory warning; cutoff was not prespecified
3658676649,10,0,M,Effusion,2,10,True,False,exploratory warning; cutoff was not prespecified
3658676649,10,0,M,Pneumonia,2,10,True,False,exploratory warning; cutoff was not prespecified
3658676649,10,0,M,Pleural_Thickening,1,10,True,False,exploratory warning; cutoff was not prespecified
3658676649,10,0,M,Cardiomegaly,0,10,True,True,exploratory warning; cutoff was not prespecified
3658676649,10,0,M,Nodule,0,10,True,True,exploratory warning; cutoff was not prespecified
3658676649,10,0,M,Mass,2,10,True,False,exploratory warning; cutoff was not prespecified
3658676649,10,0,M,Hernia,0,10,True,True,exploratory warning; cutoff was not prespecified
3658676649,10,10,M,Atelectasis,4,10,True,False,exploratory warning; cutoff was not prespecified
3658676649,10,10,M,Consolidation,3,10,True,False,exploratory warning; cutoff was not prespecified
3658676649,10,10,M,Infiltration,25,10,False,False,exploratory warning; cutoff was not prespecified
3658676649,10,10,M,Pneumothorax,1,10,True,False,exploratory warning; cutoff was not prespecified
3658676649,10,10,M,Edema,1,10,True,False,exploratory warning; cutoff was not prespecified
3658676649,10,10,M,Emphysema,1,10,True,False,exploratory warning; cutoff was not prespecified
3658676649,10,10,M,Fibrosis,1,10,True,False,exploratory warning; cutoff was not prespecified
3658676649,10,10,M,Effusion,7,10,True,False,exploratory warning; cutoff was not prespecified
3658676649,10,10,M,Pneumonia,2,10,True,False,exploratory warning; cutoff was not prespecified
3658676649,10,10,M,Pleural_Thickening,3,10,True,False,exploratory warning; cutoff was not prespecified
3658676649,10,10,M,Cardiomegaly,4,10,True,False,exploratory warning; cutoff was not prespecified
3658676649,10,10,M,Nodule,5,10,True,False,exploratory warning; cutoff was not prespecified
3658676649,10,10,M,Mass,7,10,True,False,exploratory warning; cutoff was not prespecified
3658676649,10,10,M,Hernia,0,10,True,True,exploratory warning; cutoff was not prespecified
3658676649,10,20,M,Atelectasis,12,10,False,False,exploratory warning; cutoff was not prespecified
3658676649,10,20,M,Consolidation,4,10,True,False,exploratory warning; cutoff was not prespecified
3658676649,10,20,M,Infiltration,65,10,False,False,exploratory warning; cutoff was not prespecified
3658676649,10,20,M,Pneumothorax,4,10,True,False,exploratory warning; cutoff was not prespecified
3658676649,10,20,M,Edema,1,10,True,False,exploratory warning; cutoff was not prespecified
3658676649,10,20,M,Emphysema,0,10,True,True,exploratory warning; cutoff was not prespecified
3658676649,10,20,M,Fibrosis,3,10,True,False,exploratory warning; cutoff was not prespecified
3658676649,10,20,M,Effusion,9,10,True,False,exploratory warning; cutoff was not prespecified
3658676649,10,20,M,Pneumonia,4,10,True,False,exploratory warning; cutoff was not prespecified
3658676649,10,20,M,Pleural_Thickening,7,10,True,False,exploratory warning; cutoff was not prespecified
3658676649,10,20,M,Cardiomegaly,4,10,True,False,exploratory warning; cutoff was not prespecified
3658676649,10,20,M,Nodule,7,10,True,False,exploratory warning; cutoff was not prespecified
3658676649,10,20,M,Mass,17,10,False,False,exploratory warning; cutoff was not prespecified
3658676649,10,20,M,Hernia,0,10,True,True,exploratory warning; cutoff was not prespecified
3658676649,10,30,M,Atelectasis,17,10,False,False,exploratory warning; cutoff was not prespecified
3658676649,10,30,M,Consolidation,7,10,True,False,exploratory warning; cutoff was not prespecified
3658676649,10,30,M,Infiltration,59,10,False,False,exploratory warning; cutoff was not prespecified
3658676649,10,30,M,Pneumothorax,4,10,True,False,exploratory warning; cutoff was not prespecified
3658676649,10,30,M,Edema,2,10,True,False,exploratory warning; cutoff was not prespecified
3658676649,10,30,M,Emphysema,2,10,True,False,exploratory warning; cutoff was not prespecified
3658676649,10,30,M,Fibrosis,7,10,True,False,exploratory warning; cutoff was not prespecified
3658676649,10,30,M,Effusion,14,10,False,False,exploratory warning; cutoff was not prespecified
3658676649,10,30,M,Pneumonia,4,10,True,False,exploratory warning; cutoff was not prespecified
3658676649,10,30,M,Pleural_Thickening,13,10,False,False,exploratory warning; cutoff was not prespecified
3658676649,10,30,M,Cardiomegaly,6,10,True,False,exploratory warning; cutoff was not prespecified
3658676649,10,30,M,Nodule,16,10,False,False,exploratory warning; cutoff was not prespecified
3658676649,10,30,M,Mass,22,10,False,False,exploratory warning; cutoff was not prespecified
3658676649,10,30,M,Hernia,1,10,True,False,exploratory warning; cutoff was not prespecified
3658676649,10,40,M,Atelectasis,39,10,False,False,exploratory warning; cutoff was not prespecified
3658676649,10,40,M,Consolidation,7,10,True,False,exploratory warning; cutoff was not prespecified
3658676649,10,40,M,Infiltration,71,10,False,False,exploratory warning; cutoff was not prespecified
3658676649,10,40,M,Pneumothorax,5,10,True,False,exploratory warning; cutoff was not prespecified
3658676649,10,40,M,Edema,2,10,True,False,exploratory warning; cutoff was not prespecified
3658676649,10,40,M,Emphysema,3,10,True,False,exploratory warning; cutoff was not prespecified
3658676649,10,40,M,Fibrosis,13,10,False,False,exploratory warning; cutoff was not prespecified
3658676649,10,40,M,Effusion,20,10,False,False,exploratory warning; cutoff was not prespecified
3658676649,10,40,M,Pneumonia,1,10,True,False,exploratory warning; cutoff was not prespecified
3658676649,10,40,M,Pleural_Thickening,11,10,False,False,exploratory warning; cutoff was not prespecified
3658676649,10,40,M,Cardiomegaly,11,10,False,False,exploratory warning; cutoff was not prespecified
3658676649,10,40,M,Nodule,32,10,False,False,exploratory warning; cutoff was not prespecified
3658676649,10,40,M,Mass,25,10,False,False,exploratory warning; cutoff was not prespecified
3658676649,10,40,M,Hernia,0,10,True,True,exploratory warning; cutoff was not prespecified
3658676649,10,50,M,Atelectasis,45,10,False,False,exploratory warning; cutoff was not prespecified
3658676649,10,50,M,Consolidation,9,10,True,False,exploratory warning; cutoff was not prespecified
3658676649,10,50,M,Infiltration,89,10,False,False,exploratory warning; cutoff was not prespecified
3658676649,10,50,M,Pneumothorax,3,10,True,False,exploratory warning; cutoff was not prespecified
3658676649,10,50,M,Edema,1,10,True,False,exploratory warning; cutoff was not prespecified
3658676649,10,50,M,Emphysema,6,10,True,False,exploratory warning; cutoff was not prespecified
3658676649,10,50,M,Fibrosis,8,10,True,False,exploratory warning; cutoff was not prespecified
3658676649,10,50,M,Effusion,30,10,False,False,exploratory warning; cutoff was not prespecified
3658676649,10,50,M,Pneumonia,2,10,True,False,exploratory warning; cutoff was not prespecified
3658676649,10,50,M,Pleural_Thickening,21,10,False,False,exploratory warning; cutoff was not prespecified
3658676649,10,50,M,Cardiomegaly,13,10,False,False,exploratory warning; cutoff was not prespecified
3658676649,10,50,M,Nodule,42,10,False,False,exploratory warning; cutoff was not prespecified
3658676649,10,50,M,Mass,38,10,False,False,exploratory warning; cutoff was not prespecified
3658676649,10,50,M,Hernia,0,10,True,True,exploratory warning; cutoff was not prespecified
3658676649,10,60,M,Atelectasis,46,10,False,False,exploratory warning; cutoff was not prespecified
3658676649,10,60,M,Consolidation,12,10,False,False,exploratory warning; cutoff was not prespecified
3658676649,10,60,M,Infiltration,75,10,False,False,exploratory warning; cutoff was not prespecified
3658676649,10,60,M,Pneumothorax,1,10,True,False,exploratory warning; cutoff was not prespecified
3658676649,10,60,M,Edema,2,10,True,False,exploratory warning; cutoff was not prespecified
3658676649,10,60,M,Emphysema,10,10,False,False,exploratory warning; cutoff was not prespecified
3658676649,10,60,M,Fibrosis,18,10,False,False,exploratory warning; cutoff was not prespecified
3658676649,10,60,M,Effusion,38,10,False,False,exploratory warning; cutoff was not prespecified
3658676649,10,60,M,Pneumonia,1,10,True,False,exploratory warning; cutoff was not prespecified
3658676649,10,60,M,Pleural_Thickening,25,10,False,False,exploratory warning; cutoff was not prespecified
3658676649,10,60,M,Cardiomegaly,13,10,False,False,exploratory warning; cutoff was not prespecified
3658676649,10,60,M,Nodule,54,10,False,False,exploratory warning; cutoff was not prespecified
3658676649,10,60,M,Mass,32,10,False,False,exploratory warning; cutoff was not prespecified
3658676649,10,60,M,Hernia,1,10,True,False,exploratory warning; cutoff was not prespecified
3658676649,10,70,M,Atelectasis,23,10,False,False,exploratory warning; cutoff was not prespecified
3658676649,10,70,M,Consolidation,4,10,True,False,exploratory warning; cutoff was not prespecified
3658676649,10,70,M,Infiltration,36,10,False,False,exploratory warning; cutoff was not prespecified
3658676649,10,70,M,Pneumothorax,2,10,True,False,exploratory warning; cutoff was not prespecified
3658676649,10,70,M,Edema,1,10,True,False,exploratory warning; cutoff was not prespecified
3658676649,10,70,M,Emphysema,8,10,True,False,exploratory warning; cutoff was not prespecified
3658676649,10,70,M,Fibrosis,12,10,False,False,exploratory warning; cutoff was not prespecified
3658676649,10,70,M,Effusion,19,10,False,False,exploratory warning; cutoff was not prespecified
3658676649,10,70,M,Pneumonia,2,10,True,False,exploratory warning; cutoff was not prespecified
3658676649,10,70,M,Pleural_Thickening,6,10,True,False,exploratory warning; cutoff was not prespecified
3658676649,10,70,M,Cardiomegaly,11,10,False,False,exploratory warning; cutoff was not prespecified
3658676649,10,70,M,Nodule,15,10,False,False,exploratory warning; cutoff was not prespecified
3658676649,10,70,M,Mass,15,10,False,False,exploratory warning; cutoff was not prespecified
3658676649,10,70,M,Hernia,3,10,True,False,exploratory warning; cutoff was not prespecified
3658676649,10,80,M,Atelectasis,2,10,True,False,exploratory warning; cutoff was not prespecified
3658676649,10,80,M,Consolidation,3,10,True,False,exploratory warning; cutoff was not prespecified
3658676649,10,80,M,Infiltration,3,10,True,False,exploratory warning; cutoff was not prespecified
3658676649,10,80,M,Pneumothorax,0,10,True,True,exploratory warning; cutoff was not prespecified
3658676649,10,80,M,Edema,0,10,True,True,exploratory warning; cutoff was not prespecified
3658676649,10,80,M,Emphysema,2,10,True,False,exploratory warning; cutoff was not prespecified
3658676649,10,80,M,Fibrosis,3,10,True,False,exploratory warning; cutoff was not prespecified
3658676649,10,80,M,Effusion,1,10,True,False,exploratory warning; cutoff was not prespecified
3658676649,10,80,M,Pneumonia,1,10,True,False,exploratory warning; cutoff was not prespecified
3658676649,10,80,M,Pleural_Thickening,1,10,True,False,exploratory warning; cutoff was not prespecified
3658676649,10,80,M,Cardiomegaly,2,10,True,False,exploratory warning; cutoff was not prespecified
3658676649,10,80,M,Nodule,3,10,True,False,exploratory warning; cutoff was not prespecified
3658676649,10,80,M,Mass,6,10,True,False,exploratory warning; cutoff was not prespecified
3658676649,10,80,M,Hernia,2,10,True,False,exploratory warning; cutoff was not prespecified
768519171,5,0,F,Atelectasis,0,10,True,True,exploratory warning; cutoff was not prespecified
768519171,5,0,F,Consolidation,1,10,True,False,exploratory warning; cutoff was not prespecified
768519171,5,0,F,Infiltration,3,10,True,False,exploratory warning; cutoff was not prespecified
768519171,5,0,F,Pneumothorax,0,10,True,True,exploratory warning; cutoff was not prespecified
768519171,5,0,F,Edema,0,10,True,True,exploratory warning; cutoff was not prespecified
768519171,5,0,F,Emphysema,0,10,True,True,exploratory warning; cutoff was not prespecified
768519171,5,0,F,Fibrosis,0,10,True,True,exploratory warning; cutoff was not prespecified
768519171,5,0,F,Effusion,0,10,True,True,exploratory warning; cutoff was not prespecified
768519171,5,0,F,Pneumonia,0,10,True,True,exploratory warning; cutoff was not prespecified
768519171,5,0,F,Pleural_Thickening,0,10,True,True,exploratory warning; cutoff was not prespecified
768519171,5,0,F,Cardiomegaly,0,10,True,True,exploratory warning; cutoff was not prespecified
768519171,5,0,F,Nodule,0,10,True,True,exploratory warning; cutoff was not prespecified
768519171,5,0,F,Mass,1,10,True,False,exploratory warning; cutoff was not prespecified
768519171,5,0,F,Hernia,0,10,True,True,exploratory warning; cutoff was not prespecified
768519171,5,5,F,Atelectasis,1,10,True,False,exploratory warning; cutoff was not prespecified
768519171,5,5,F,Consolidation,1,10,True,False,exploratory warning; cutoff was not prespecified
768519171,5,5,F,Infiltration,2,10,True,False,exploratory warning; cutoff was not prespecified
768519171,5,5,F,Pneumothorax,1,10,True,False,exploratory warning; cutoff was not prespecified
768519171,5,5,F,Edema,0,10,True,True,exploratory warning; cutoff was not prespecified
768519171,5,5,F,Emphysema,0,10,True,True,exploratory warning; cutoff was not prespecified
768519171,5,5,F,Fibrosis,0,10,True,True,exploratory warning; cutoff was not prespecified
768519171,5,5,F,Effusion,0,10,True,True,exploratory warning; cutoff was not prespecified
768519171,5,5,F,Pneumonia,0,10,True,True,exploratory warning; cutoff was not prespecified
768519171,5,5,F,Pleural_Thickening,0,10,True,True,exploratory warning; cutoff was not prespecified
768519171,5,5,F,Cardiomegaly,1,10,True,False,exploratory warning; cutoff was not prespecified
768519171,5,5,F,Nodule,0,10,True,True,exploratory warning; cutoff was not prespecified
768519171,5,5,F,Mass,0,10,True,True,exploratory warning; cutoff was not prespecified
768519171,5,5,F,Hernia,0,10,True,True,exploratory warning; cutoff was not prespecified
768519171,5,10,F,Atelectasis,0,10,True,True,exploratory warning; cutoff was not prespecified
768519171,5,10,F,Consolidation,1,10,True,False,exploratory warning; cutoff was not prespecified
768519171,5,10,F,Infiltration,5,10,True,False,exploratory warning; cutoff was not prespecified
768519171,5,10,F,Pneumothorax,1,10,True,False,exploratory warning; cutoff was not prespecified
768519171,5,10,F,Edema,0,10,True,True,exploratory warning; cutoff was not prespecified
768519171,5,10,F,Emphysema,0,10,True,True,exploratory warning; cutoff was not prespecified
768519171,5,10,F,Fibrosis,0,10,True,True,exploratory warning; cutoff was not prespecified
768519171,5,10,F,Effusion,0,10,True,True,exploratory warning; cutoff was not prespecified
768519171,5,10,F,Pneumonia,1,10,True,False,exploratory warning; cutoff was not prespecified
768519171,5,10,F,Pleural_Thickening,1,10,True,False,exploratory warning; cutoff was not prespecified
768519171,5,10,F,Cardiomegaly,2,10,True,False,exploratory warning; cutoff was not prespecified
768519171,5,10,F,Nodule,1,10,True,False,exploratory warning; cutoff was not prespecified
768519171,5,10,F,Mass,1,10,True,False,exploratory warning; cutoff was not prespecified
768519171,5,10,F,Hernia,0,10,True,True,exploratory warning; cutoff was not prespecified
768519171,5,15,F,Atelectasis,3,10,True,False,exploratory warning; cutoff was not prespecified
768519171,5,15,F,Consolidation,2,10,True,False,exploratory warning; cutoff was not prespecified
768519171,5,15,F,Infiltration,8,10,True,False,exploratory warning; cutoff was not prespecified
768519171,5,15,F,Pneumothorax,0,10,True,True,exploratory warning; cutoff was not prespecified
768519171,5,15,F,Edema,0,10,True,True,exploratory warning; cutoff was not prespecified
768519171,5,15,F,Emphysema,0,10,True,True,exploratory warning; cutoff was not prespecified
768519171,5,15,F,Fibrosis,0,10,True,True,exploratory warning; cutoff was not prespecified
768519171,5,15,F,Effusion,2,10,True,False,exploratory warning; cutoff was not prespecified
768519171,5,15,F,Pneumonia,1,10,True,False,exploratory warning; cutoff was not prespecified
768519171,5,15,F,Pleural_Thickening,1,10,True,False,exploratory warning; cutoff was not prespecified
768519171,5,15,F,Cardiomegaly,0,10,True,True,exploratory warning; cutoff was not prespecified
768519171,5,15,F,Nodule,4,10,True,False,exploratory warning; cutoff was not prespecified
768519171,5,15,F,Mass,1,10,True,False,exploratory warning; cutoff was not prespecified
768519171,5,15,F,Hernia,0,10,True,True,exploratory warning; cutoff was not prespecified
768519171,5,20,F,Atelectasis,3,10,True,False,exploratory warning; cutoff was not prespecified
768519171,5,20,F,Consolidation,5,10,True,False,exploratory warning; cutoff was not prespecified
768519171,5,20,F,Infiltration,12,10,False,False,exploratory warning; cutoff was not prespecified
768519171,5,20,F,Pneumothorax,3,10,True,False,exploratory warning; cutoff was not prespecified
768519171,5,20,F,Edema,0,10,True,True,exploratory warning; cutoff was not prespecified
768519171,5,20,F,Emphysema,0,10,True,True,exploratory warning; cutoff was not prespecified
768519171,5,20,F,Fibrosis,1,10,True,False,exploratory warning; cutoff was not prespecified
768519171,5,20,F,Effusion,5,10,True,False,exploratory warning; cutoff was not prespecified
768519171,5,20,F,Pneumonia,0,10,True,True,exploratory warning; cutoff was not prespecified
768519171,5,20,F,Pleural_Thickening,2,10,True,False,exploratory warning; cutoff was not prespecified
768519171,5,20,F,Cardiomegaly,2,10,True,False,exploratory warning; cutoff was not prespecified
768519171,5,20,F,Nodule,4,10,True,False,exploratory warning; cutoff was not prespecified
768519171,5,20,F,Mass,2,10,True,False,exploratory warning; cutoff was not prespecified
768519171,5,20,F,Hernia,0,10,True,True,exploratory warning; cutoff was not prespecified
768519171,5,25,F,Atelectasis,4,10,True,False,exploratory warning; cutoff was not prespecified
768519171,5,25,F,Consolidation,3,10,True,False,exploratory warning; cutoff was not prespecified
768519171,5,25,F,Infiltration,22,10,False,False,exploratory warning; cutoff was not prespecified
768519171,5,25,F,Pneumothorax,4,10,True,False,exploratory warning; cutoff was not prespecified
768519171,5,25,F,Edema,1,10,True,False,exploratory warning; cutoff was not prespecified
768519171,5,25,F,Emphysema,0,10,True,True,exploratory warning; cutoff was not prespecified
768519171,5,25,F,Fibrosis,3,10,True,False,exploratory warning; cutoff was not prespecified
768519171,5,25,F,Effusion,5,10,True,False,exploratory warning; cutoff was not prespecified
768519171,5,25,F,Pneumonia,1,10,True,False,exploratory warning; cutoff was not prespecified
768519171,5,25,F,Pleural_Thickening,1,10,True,False,exploratory warning; cutoff was not prespecified
768519171,5,25,F,Cardiomegaly,8,10,True,False,exploratory warning; cutoff was not prespecified
768519171,5,25,F,Nodule,3,10,True,False,exploratory warning; cutoff was not prespecified
768519171,5,25,F,Mass,3,10,True,False,exploratory warning; cutoff was not prespecified
768519171,5,25,F,Hernia,0,10,True,True,exploratory warning; cutoff was not prespecified
768519171,5,30,F,Atelectasis,4,10,True,False,exploratory warning; cutoff was not prespecified
768519171,5,30,F,Consolidation,1,10,True,False,exploratory warning; cutoff was not prespecified
768519171,5,30,F,Infiltration,21,10,False,False,exploratory warning; cutoff was not prespecified
768519171,5,30,F,Pneumothorax,2,10,True,False,exploratory warning; cutoff was not prespecified
768519171,5,30,F,Edema,0,10,True,True,exploratory warning; cutoff was not prespecified
768519171,5,30,F,Emphysema,0,10,True,True,exploratory warning; cutoff was not prespecified
768519171,5,30,F,Fibrosis,2,10,True,False,exploratory warning; cutoff was not prespecified
768519171,5,30,F,Effusion,6,10,True,False,exploratory warning; cutoff was not prespecified
768519171,5,30,F,Pneumonia,1,10,True,False,exploratory warning; cutoff was not prespecified
768519171,5,30,F,Pleural_Thickening,1,10,True,False,exploratory warning; cutoff was not prespecified
768519171,5,30,F,Cardiomegaly,2,10,True,False,exploratory warning; cutoff was not prespecified
768519171,5,30,F,Nodule,6,10,True,False,exploratory warning; cutoff was not prespecified
768519171,5,30,F,Mass,6,10,True,False,exploratory warning; cutoff was not prespecified
768519171,5,30,F,Hernia,0,10,True,True,exploratory warning; cutoff was not prespecified
768519171,5,35,F,Atelectasis,8,10,True,False,exploratory warning; cutoff was not prespecified
768519171,5,35,F,Consolidation,2,10,True,False,exploratory warning; cutoff was not prespecified
768519171,5,35,F,Infiltration,27,10,False,False,exploratory warning; cutoff was not prespecified
768519171,5,35,F,Pneumothorax,3,10,True,False,exploratory warning; cutoff was not prespecified
768519171,5,35,F,Edema,1,10,True,False,exploratory warning; cutoff was not prespecified
768519171,5,35,F,Emphysema,1,10,True,False,exploratory warning; cutoff was not prespecified
768519171,5,35,F,Fibrosis,1,10,True,False,exploratory warning; cutoff was not prespecified
768519171,5,35,F,Effusion,6,10,True,False,exploratory warning; cutoff was not prespecified
768519171,5,35,F,Pneumonia,1,10,True,False,exploratory warning; cutoff was not prespecified
768519171,5,35,F,Pleural_Thickening,4,10,True,False,exploratory warning; cutoff was not prespecified
768519171,5,35,F,Cardiomegaly,10,10,False,False,exploratory warning; cutoff was not prespecified
768519171,5,35,F,Nodule,8,10,True,False,exploratory warning; cutoff was not prespecified
768519171,5,35,F,Mass,4,10,True,False,exploratory warning; cutoff was not prespecified
768519171,5,35,F,Hernia,0,10,True,True,exploratory warning; cutoff was not prespecified
768519171,5,40,F,Atelectasis,9,10,True,False,exploratory warning; cutoff was not prespecified
768519171,5,40,F,Consolidation,3,10,True,False,exploratory warning; cutoff was not prespecified
768519171,5,40,F,Infiltration,27,10,False,False,exploratory warning; cutoff was not prespecified
768519171,5,40,F,Pneumothorax,5,10,True,False,exploratory warning; cutoff was not prespecified
768519171,5,40,F,Edema,0,10,True,True,exploratory warning; cutoff was not prespecified
768519171,5,40,F,Emphysema,3,10,True,False,exploratory warning; cutoff was not prespecified
768519171,5,40,F,Fibrosis,5,10,True,False,exploratory warning; cutoff was not prespecified
768519171,5,40,F,Effusion,13,10,False,False,exploratory warning; cutoff was not prespecified
768519171,5,40,F,Pneumonia,2,10,True,False,exploratory warning; cutoff was not prespecified
768519171,5,40,F,Pleural_Thickening,7,10,True,False,exploratory warning; cutoff was not prespecified
768519171,5,40,F,Cardiomegaly,10,10,False,False,exploratory warning; cutoff was not prespecified
768519171,5,40,F,Nodule,13,10,False,False,exploratory warning; cutoff was not prespecified
768519171,5,40,F,Mass,9,10,True,False,exploratory warning; cutoff was not prespecified
768519171,5,40,F,Hernia,0,10,True,True,exploratory warning; cutoff was not prespecified
768519171,5,45,F,Atelectasis,14,10,False,False,exploratory warning; cutoff was not prespecified
768519171,5,45,F,Consolidation,6,10,True,False,exploratory warning; cutoff was not prespecified
768519171,5,45,F,Infiltration,33,10,False,False,exploratory warning; cutoff was not prespecified
768519171,5,45,F,Pneumothorax,4,10,True,False,exploratory warning; cutoff was not prespecified
768519171,5,45,F,Edema,1,10,True,False,exploratory warning; cutoff was not prespecified
768519171,5,45,F,Emphysema,2,10,True,False,exploratory warning; cutoff was not prespecified
768519171,5,45,F,Fibrosis,13,10,False,False,exploratory warning; cutoff was not prespecified
768519171,5,45,F,Effusion,14,10,False,False,exploratory warning; cutoff was not prespecified
768519171,5,45,F,Pneumonia,5,10,True,False,exploratory warning; cutoff was not prespecified
768519171,5,45,F,Pleural_Thickening,5,10,True,False,exploratory warning; cutoff was not prespecified
768519171,5,45,F,Cardiomegaly,6,10,True,False,exploratory warning; cutoff was not prespecified
768519171,5,45,F,Nodule,13,10,False,False,exploratory warning; cutoff was not prespecified
768519171,5,45,F,Mass,11,10,False,False,exploratory warning; cutoff was not prespecified
768519171,5,45,F,Hernia,0,10,True,True,exploratory warning; cutoff was not prespecified
768519171,5,50,F,Atelectasis,18,10,False,False,exploratory warning; cutoff was not prespecified
768519171,5,50,F,Consolidation,7,10,True,False,exploratory warning; cutoff was not prespecified
768519171,5,50,F,Infiltration,38,10,False,False,exploratory warning; cutoff was not prespecified
768519171,5,50,F,Pneumothorax,4,10,True,False,exploratory warning; cutoff was not prespecified
768519171,5,50,F,Edema,2,10,True,False,exploratory warning; cutoff was not prespecified
768519171,5,50,F,Emphysema,1,10,True,False,exploratory warning; cutoff was not prespecified
768519171,5,50,F,Fibrosis,7,10,True,False,exploratory warning; cutoff was not prespecified
768519171,5,50,F,Effusion,18,10,False,False,exploratory warning; cutoff was not prespecified
768519171,5,50,F,Pneumonia,2,10,True,False,exploratory warning; cutoff was not prespecified
768519171,5,50,F,Pleural_Thickening,7,10,True,False,exploratory warning; cutoff was not prespecified
768519171,5,50,F,Cardiomegaly,14,10,False,False,exploratory warning; cutoff was not prespecified
768519171,5,50,F,Nodule,17,10,False,False,exploratory warning; cutoff was not prespecified
768519171,5,50,F,Mass,17,10,False,False,exploratory warning; cutoff was not prespecified
768519171,5,50,F,Hernia,0,10,True,True,exploratory warning; cutoff was not prespecified
768519171,5,55,F,Atelectasis,26,10,False,False,exploratory warning; cutoff was not prespecified
768519171,5,55,F,Consolidation,7,10,True,False,exploratory warning; cutoff was not prespecified
768519171,5,55,F,Infiltration,37,10,False,False,exploratory warning; cutoff was not prespecified
768519171,5,55,F,Pneumothorax,3,10,True,False,exploratory warning; cutoff was not prespecified
768519171,5,55,F,Edema,1,10,True,False,exploratory warning; cutoff was not prespecified
768519171,5,55,F,Emphysema,0,10,True,True,exploratory warning; cutoff was not prespecified
768519171,5,55,F,Fibrosis,6,10,True,False,exploratory warning; cutoff was not prespecified
768519171,5,55,F,Effusion,21,10,False,False,exploratory warning; cutoff was not prespecified
768519171,5,55,F,Pneumonia,0,10,True,True,exploratory warning; cutoff was not prespecified
768519171,5,55,F,Pleural_Thickening,8,10,True,False,exploratory warning; cutoff was not prespecified
768519171,5,55,F,Cardiomegaly,14,10,False,False,exploratory warning; cutoff was not prespecified
768519171,5,55,F,Nodule,22,10,False,False,exploratory warning; cutoff was not prespecified
768519171,5,55,F,Mass,13,10,False,False,exploratory warning; cutoff was not prespecified
768519171,5,55,F,Hernia,1,10,True,False,exploratory warning; cutoff was not prespecified
768519171,5,60,F,Atelectasis,18,10,False,False,exploratory warning; cutoff was not prespecified
768519171,5,60,F,Consolidation,3,10,True,False,exploratory warning; cutoff was not prespecified
768519171,5,60,F,Infiltration,27,10,False,False,exploratory warning; cutoff was not prespecified
768519171,5,60,F,Pneumothorax,2,10,True,False,exploratory warning; cutoff was not prespecified
768519171,5,60,F,Edema,2,10,True,False,exploratory warning; cutoff was not prespecified
768519171,5,60,F,Emphysema,3,10,True,False,exploratory warning; cutoff was not prespecified
768519171,5,60,F,Fibrosis,11,10,False,False,exploratory warning; cutoff was not prespecified
768519171,5,60,F,Effusion,23,10,False,False,exploratory warning; cutoff was not prespecified
768519171,5,60,F,Pneumonia,0,10,True,True,exploratory warning; cutoff was not prespecified
768519171,5,60,F,Pleural_Thickening,6,10,True,False,exploratory warning; cutoff was not prespecified
768519171,5,60,F,Cardiomegaly,4,10,True,False,exploratory warning; cutoff was not prespecified
768519171,5,60,F,Nodule,20,10,False,False,exploratory warning; cutoff was not prespecified
768519171,5,60,F,Mass,16,10,False,False,exploratory warning; cutoff was not prespecified
768519171,5,60,F,Hernia,1,10,True,False,exploratory warning; cutoff was not prespecified
768519171,5,65,F,Atelectasis,9,10,True,False,exploratory warning; cutoff was not prespecified
768519171,5,65,F,Consolidation,2,10,True,False,exploratory warning; cutoff was not prespecified
768519171,5,65,F,Infiltration,17,10,False,False,exploratory warning; cutoff was not prespecified
768519171,5,65,F,Pneumothorax,2,10,True,False,exploratory warning; cutoff was not prespecified
768519171,5,65,F,Edema,0,10,True,True,exploratory warning; cutoff was not prespecified
768519171,5,65,F,Emphysema,3,10,True,False,exploratory warning; cutoff was not prespecified
768519171,5,65,F,Fibrosis,8,10,True,False,exploratory warning; cutoff was not prespecified
768519171,5,65,F,Effusion,12,10,False,False,exploratory warning; cutoff was not prespecified
768519171,5,65,F,Pneumonia,1,10,True,False,exploratory warning; cutoff was not prespecified
768519171,5,65,F,Pleural_Thickening,4,10,True,False,exploratory warning; cutoff was not prespecified
768519171,5,65,F,Cardiomegaly,10,10,False,False,exploratory warning; cutoff was not prespecified
768519171,5,65,F,Nodule,13,10,False,False,exploratory warning; cutoff was not prespecified
768519171,5,65,F,Mass,10,10,False,False,exploratory warning; cutoff was not prespecified
768519171,5,65,F,Hernia,1,10,True,False,exploratory warning; cutoff was not prespecified
768519171,5,70,F,Atelectasis,4,10,True,False,exploratory warning; cutoff was not prespecified
768519171,5,70,F,Consolidation,1,10,True,False,exploratory warning; cutoff was not prespecified
768519171,5,70,F,Infiltration,14,10,False,False,exploratory warning; cutoff was not prespecified
768519171,5,70,F,Pneumothorax,0,10,True,True,exploratory warning; cutoff was not prespecified
768519171,5,70,F,Edema,0,10,True,True,exploratory warning; cutoff was not prespecified
768519171,5,70,F,Emphysema,2,10,True,False,exploratory warning; cutoff was not prespecified
768519171,5,70,F,Fibrosis,3,10,True,False,exploratory warning; cutoff was not prespecified
768519171,5,70,F,Effusion,0,10,True,True,exploratory warning; cutoff was not prespecified
768519171,5,70,F,Pneumonia,1,10,True,False,exploratory warning; cutoff was not prespecified
768519171,5,70,F,Pleural_Thickening,3,10,True,False,exploratory warning; cutoff was not prespecified
768519171,5,70,F,Cardiomegaly,4,10,True,False,exploratory warning; cutoff was not prespecified
768519171,5,70,F,Nodule,6,10,True,False,exploratory warning; cutoff was not prespecified
768519171,5,70,F,Mass,1,10,True,False,exploratory warning; cutoff was not prespecified
768519171,5,70,F,Hernia,0,10,True,True,exploratory warning; cutoff was not prespecified
768519171,5,75,F,Atelectasis,8,10,True,False,exploratory warning; cutoff was not prespecified
768519171,5,75,F,Consolidation,0,10,True,True,exploratory warning; cutoff was not prespecified
768519171,5,75,F,Infiltration,3,10,True,False,exploratory warning; cutoff was not prespecified
768519171,5,75,F,Pneumothorax,0,10,True,True,exploratory warning; cutoff was not prespecified
768519171,5,75,F,Edema,0,10,True,True,exploratory warning; cutoff was not prespecified
768519171,5,75,F,Emphysema,1,10,True,False,exploratory warning; cutoff was not prespecified
768519171,5,75,F,Fibrosis,0,10,True,True,exploratory warning; cutoff was not prespecified
768519171,5,75,F,Effusion,5,10,True,False,exploratory warning; cutoff was not prespecified
768519171,5,75,F,Pneumonia,0,10,True,True,exploratory warning; cutoff was not prespecified
768519171,5,75,F,Pleural_Thickening,5,10,True,False,exploratory warning; cutoff was not prespecified
768519171,5,75,F,Cardiomegaly,4,10,True,False,exploratory warning; cutoff was not prespecified
768519171,5,75,F,Nodule,5,10,True,False,exploratory warning; cutoff was not prespecified
768519171,5,75,F,Mass,3,10,True,False,exploratory warning; cutoff was not prespecified
768519171,5,75,F,Hernia,2,10,True,False,exploratory warning; cutoff was not prespecified
768519171,5,80,F,Atelectasis,1,10,True,False,exploratory warning; cutoff was not prespecified
768519171,5,80,F,Consolidation,0,10,True,True,exploratory warning; cutoff was not prespecified
768519171,5,80,F,Infiltration,3,10,True,False,exploratory warning; cutoff was not prespecified
768519171,5,80,F,Pneumothorax,1,10,True,False,exploratory warning; cutoff was not prespecified
768519171,5,80,F,Edema,0,10,True,True,exploratory warning; cutoff was not prespecified
768519171,5,80,F,Emphysema,0,10,True,True,exploratory warning; cutoff was not prespecified
768519171,5,80,F,Fibrosis,0,10,True,True,exploratory warning; cutoff was not prespecified
768519171,5,80,F,Effusion,2,10,True,False,exploratory warning; cutoff was not prespecified
768519171,5,80,F,Pneumonia,0,10,True,True,exploratory warning; cutoff was not prespecified
768519171,5,80,F,Pleural_Thickening,1,10,True,False,exploratory warning; cutoff was not prespecified
768519171,5,80,F,Cardiomegaly,1,10,True,False,exploratory warning; cutoff was not prespecified
768519171,5,80,F,Nodule,0,10,True,True,exploratory warning; cutoff was not prespecified
768519171,5,80,F,Mass,2,10,True,False,exploratory warning; cutoff was not prespecified
768519171,5,80,F,Hernia,1,10,True,False,exploratory warning; cutoff was not prespecified
768519171,5,85,F,Atelectasis,0,10,True,True,exploratory warning; cutoff was not prespecified
768519171,5,85,F,Consolidation,0,10,True,True,exploratory warning; cutoff was not prespecified
768519171,5,85,F,Infiltration,1,10,True,False,exploratory warning; cutoff was not prespecified
768519171,5,85,F,Pneumothorax,0,10,True,True,exploratory warning; cutoff was not prespecified
768519171,5,85,F,Edema,0,10,True,True,exploratory warning; cutoff was not prespecified
768519171,5,85,F,Emphysema,0,10,True,True,exploratory warning; cutoff was not prespecified
768519171,5,85,F,Fibrosis,0,10,True,True,exploratory warning; cutoff was not prespecified
768519171,5,85,F,Effusion,0,10,True,True,exploratory warning; cutoff was not prespecified
768519171,5,85,F,Pneumonia,0,10,True,True,exploratory warning; cutoff was not prespecified
768519171,5,85,F,Pleural_Thickening,0,10,True,True,exploratory warning; cutoff was not prespecified
768519171,5,85,F,Cardiomegaly,1,10,True,False,exploratory warning; cutoff was not prespecified
768519171,5,85,F,Nodule,0,10,True,True,exploratory warning; cutoff was not prespecified
768519171,5,85,F,Mass,0,10,True,True,exploratory warning; cutoff was not prespecified
768519171,5,85,F,Hernia,0,10,True,True,exploratory warning; cutoff was not prespecified
768519171,5,0,M,Atelectasis,3,10,True,False,exploratory warning; cutoff was not prespecified
768519171,5,0,M,Consolidation,1,10,True,False,exploratory warning; cutoff was not prespecified
768519171,5,0,M,Infiltration,7,10,True,False,exploratory warning; cutoff was not prespecified
768519171,5,0,M,Pneumothorax,0,10,True,True,exploratory warning; cutoff was not prespecified
768519171,5,0,M,Edema,0,10,True,True,exploratory warning; cutoff was not prespecified
768519171,5,0,M,Emphysema,0,10,True,True,exploratory warning; cutoff was not prespecified
768519171,5,0,M,Fibrosis,0,10,True,True,exploratory warning; cutoff was not prespecified
768519171,5,0,M,Effusion,0,10,True,True,exploratory warning; cutoff was not prespecified
768519171,5,0,M,Pneumonia,1,10,True,False,exploratory warning; cutoff was not prespecified
768519171,5,0,M,Pleural_Thickening,0,10,True,True,exploratory warning; cutoff was not prespecified
768519171,5,0,M,Cardiomegaly,0,10,True,True,exploratory warning; cutoff was not prespecified
768519171,5,0,M,Nodule,1,10,True,False,exploratory warning; cutoff was not prespecified
768519171,5,0,M,Mass,0,10,True,True,exploratory warning; cutoff was not prespecified
768519171,5,0,M,Hernia,0,10,True,True,exploratory warning; cutoff was not prespecified
768519171,5,5,M,Atelectasis,3,10,True,False,exploratory warning; cutoff was not prespecified
768519171,5,5,M,Consolidation,3,10,True,False,exploratory warning; cutoff was not prespecified
768519171,5,5,M,Infiltration,4,10,True,False,exploratory warning; cutoff was not prespecified
768519171,5,5,M,Pneumothorax,1,10,True,False,exploratory warning; cutoff was not prespecified
768519171,5,5,M,Edema,0,10,True,True,exploratory warning; cutoff was not prespecified
768519171,5,5,M,Emphysema,0,10,True,True,exploratory warning; cutoff was not prespecified
768519171,5,5,M,Fibrosis,0,10,True,True,exploratory warning; cutoff was not prespecified
768519171,5,5,M,Effusion,1,10,True,False,exploratory warning; cutoff was not prespecified
768519171,5,5,M,Pneumonia,1,10,True,False,exploratory warning; cutoff was not prespecified
768519171,5,5,M,Pleural_Thickening,0,10,True,True,exploratory warning; cutoff was not prespecified
768519171,5,5,M,Cardiomegaly,0,10,True,True,exploratory warning; cutoff was not prespecified
768519171,5,5,M,Nodule,1,10,True,False,exploratory warning; cutoff was not prespecified
768519171,5,5,M,Mass,2,10,True,False,exploratory warning; cutoff was not prespecified
768519171,5,5,M,Hernia,0,10,True,True,exploratory warning; cutoff was not prespecified
768519171,5,10,M,Atelectasis,0,10,True,True,exploratory warning; cutoff was not prespecified
768519171,5,10,M,Consolidation,1,10,True,False,exploratory warning; cutoff was not prespecified
768519171,5,10,M,Infiltration,9,10,True,False,exploratory warning; cutoff was not prespecified
768519171,5,10,M,Pneumothorax,0,10,True,True,exploratory warning; cutoff was not prespecified
768519171,5,10,M,Edema,1,10,True,False,exploratory warning; cutoff was not prespecified
768519171,5,10,M,Emphysema,0,10,True,True,exploratory warning; cutoff was not prespecified
768519171,5,10,M,Fibrosis,0,10,True,True,exploratory warning; cutoff was not prespecified
768519171,5,10,M,Effusion,2,10,True,False,exploratory warning; cutoff was not prespecified
768519171,5,10,M,Pneumonia,1,10,True,False,exploratory warning; cutoff was not prespecified
768519171,5,10,M,Pleural_Thickening,2,10,True,False,exploratory warning; cutoff was not prespecified
768519171,5,10,M,Cardiomegaly,1,10,True,False,exploratory warning; cutoff was not prespecified
768519171,5,10,M,Nodule,1,10,True,False,exploratory warning; cutoff was not prespecified
768519171,5,10,M,Mass,0,10,True,True,exploratory warning; cutoff was not prespecified
768519171,5,10,M,Hernia,0,10,True,True,exploratory warning; cutoff was not prespecified
768519171,5,15,M,Atelectasis,2,10,True,False,exploratory warning; cutoff was not prespecified
768519171,5,15,M,Consolidation,2,10,True,False,exploratory warning; cutoff was not prespecified
768519171,5,15,M,Infiltration,15,10,False,False,exploratory warning; cutoff was not prespecified
768519171,5,15,M,Pneumothorax,0,10,True,True,exploratory warning; cutoff was not prespecified
768519171,5,15,M,Edema,0,10,True,True,exploratory warning; cutoff was not prespecified
768519171,5,15,M,Emphysema,1,10,True,False,exploratory warning; cutoff was not prespecified
768519171,5,15,M,Fibrosis,0,10,True,True,exploratory warning; cutoff was not prespecified
768519171,5,15,M,Effusion,2,10,True,False,exploratory warning; cutoff was not prespecified
768519171,5,15,M,Pneumonia,0,10,True,True,exploratory warning; cutoff was not prespecified
768519171,5,15,M,Pleural_Thickening,2,10,True,False,exploratory warning; cutoff was not prespecified
768519171,5,15,M,Cardiomegaly,4,10,True,False,exploratory warning; cutoff was not prespecified
768519171,5,15,M,Nodule,4,10,True,False,exploratory warning; cutoff was not prespecified
768519171,5,15,M,Mass,4,10,True,False,exploratory warning; cutoff was not prespecified
768519171,5,15,M,Hernia,0,10,True,True,exploratory warning; cutoff was not prespecified
768519171,5,20,M,Atelectasis,7,10,True,False,exploratory warning; cutoff was not prespecified
768519171,5,20,M,Consolidation,5,10,True,False,exploratory warning; cutoff was not prespecified
768519171,5,20,M,Infiltration,23,10,False,False,exploratory warning; cutoff was not prespecified
768519171,5,20,M,Pneumothorax,2,10,True,False,exploratory warning; cutoff was not prespecified
768519171,5,20,M,Edema,0,10,True,True,exploratory warning; cutoff was not prespecified
768519171,5,20,M,Emphysema,1,10,True,False,exploratory warning; cutoff was not prespecified
768519171,5,20,M,Fibrosis,3,10,True,False,exploratory warning; cutoff was not prespecified
768519171,5,20,M,Effusion,5,10,True,False,exploratory warning; cutoff was not prespecified
768519171,5,20,M,Pneumonia,0,10,True,True,exploratory warning; cutoff was not prespecified
768519171,5,20,M,Pleural_Thickening,4,10,True,False,exploratory warning; cutoff was not prespecified
768519171,5,20,M,Cardiomegaly,5,10,True,False,exploratory warning; cutoff was not prespecified
768519171,5,20,M,Nodule,3,10,True,False,exploratory warning; cutoff was not prespecified
768519171,5,20,M,Mass,4,10,True,False,exploratory warning; cutoff was not prespecified
768519171,5,20,M,Hernia,0,10,True,True,exploratory warning; cutoff was not prespecified
768519171,5,25,M,Atelectasis,9,10,True,False,exploratory warning; cutoff was not prespecified
768519171,5,25,M,Consolidation,1,10,True,False,exploratory warning; cutoff was not prespecified
768519171,5,25,M,Infiltration,34,10,False,False,exploratory warning; cutoff was not prespecified
768519171,5,25,M,Pneumothorax,1,10,True,False,exploratory warning; cutoff was not prespecified
768519171,5,25,M,Edema,0,10,True,True,exploratory warning; cutoff was not prespecified
768519171,5,25,M,Emphysema,0,10,True,True,exploratory warning; cutoff was not prespecified
768519171,5,25,M,Fibrosis,0,10,True,True,exploratory warning; cutoff was not prespecified
768519171,5,25,M,Effusion,3,10,True,False,exploratory warning; cutoff was not prespecified
768519171,5,25,M,Pneumonia,1,10,True,False,exploratory warning; cutoff was not prespecified
768519171,5,25,M,Pleural_Thickening,3,10,True,False,exploratory warning; cutoff was not prespecified
768519171,5,25,M,Cardiomegaly,2,10,True,False,exploratory warning; cutoff was not prespecified
768519171,5,25,M,Nodule,8,10,True,False,exploratory warning; cutoff was not prespecified
768519171,5,25,M,Mass,4,10,True,False,exploratory warning; cutoff was not prespecified
768519171,5,25,M,Hernia,0,10,True,True,exploratory warning; cutoff was not prespecified
768519171,5,30,M,Atelectasis,6,10,True,False,exploratory warning; cutoff was not prespecified
768519171,5,30,M,Consolidation,3,10,True,False,exploratory warning; cutoff was not prespecified
768519171,5,30,M,Infiltration,25,10,False,False,exploratory warning; cutoff was not prespecified
768519171,5,30,M,Pneumothorax,0,10,True,True,exploratory warning; cutoff was not prespecified
768519171,5,30,M,Edema,0,10,True,True,exploratory warning; cutoff was not prespecified
768519171,5,30,M,Emphysema,0,10,True,True,exploratory warning; cutoff was not prespecified
768519171,5,30,M,Fibrosis,2,10,True,False,exploratory warning; cutoff was not prespecified
768519171,5,30,M,Effusion,6,10,True,False,exploratory warning; cutoff was not prespecified
768519171,5,30,M,Pneumonia,0,10,True,True,exploratory warning; cutoff was not prespecified
768519171,5,30,M,Pleural_Thickening,3,10,True,False,exploratory warning; cutoff was not prespecified
768519171,5,30,M,Cardiomegaly,3,10,True,False,exploratory warning; cutoff was not prespecified
768519171,5,30,M,Nodule,7,10,True,False,exploratory warning; cutoff was not prespecified
768519171,5,30,M,Mass,11,10,False,False,exploratory warning; cutoff was not prespecified
768519171,5,30,M,Hernia,0,10,True,True,exploratory warning; cutoff was not prespecified
768519171,5,35,M,Atelectasis,10,10,False,False,exploratory warning; cutoff was not prespecified
768519171,5,35,M,Consolidation,1,10,True,False,exploratory warning; cutoff was not prespecified
768519171,5,35,M,Infiltration,29,10,False,False,exploratory warning; cutoff was not prespecified
768519171,5,35,M,Pneumothorax,1,10,True,False,exploratory warning; cutoff was not prespecified
768519171,5,35,M,Edema,1,10,True,False,exploratory warning; cutoff was not prespecified
768519171,5,35,M,Emphysema,0,10,True,True,exploratory warning; cutoff was not prespecified
768519171,5,35,M,Fibrosis,5,10,True,False,exploratory warning; cutoff was not prespecified
768519171,5,35,M,Effusion,10,10,False,False,exploratory warning; cutoff was not prespecified
768519171,5,35,M,Pneumonia,2,10,True,False,exploratory warning; cutoff was not prespecified
768519171,5,35,M,Pleural_Thickening,2,10,True,False,exploratory warning; cutoff was not prespecified
768519171,5,35,M,Cardiomegaly,4,10,True,False,exploratory warning; cutoff was not prespecified
768519171,5,35,M,Nodule,10,10,False,False,exploratory warning; cutoff was not prespecified
768519171,5,35,M,Mass,9,10,True,False,exploratory warning; cutoff was not prespecified
768519171,5,35,M,Hernia,0,10,True,True,exploratory warning; cutoff was not prespecified
768519171,5,40,M,Atelectasis,14,10,False,False,exploratory warning; cutoff was not prespecified
768519171,5,40,M,Consolidation,2,10,True,False,exploratory warning; cutoff was not prespecified
768519171,5,40,M,Infiltration,29,10,False,False,exploratory warning; cutoff was not prespecified
768519171,5,40,M,Pneumothorax,1,10,True,False,exploratory warning; cutoff was not prespecified
768519171,5,40,M,Edema,2,10,True,False,exploratory warning; cutoff was not prespecified
768519171,5,40,M,Emphysema,3,10,True,False,exploratory warning; cutoff was not prespecified
768519171,5,40,M,Fibrosis,6,10,True,False,exploratory warning; cutoff was not prespecified
768519171,5,40,M,Effusion,8,10,True,False,exploratory warning; cutoff was not prespecified
768519171,5,40,M,Pneumonia,1,10,True,False,exploratory warning; cutoff was not prespecified
768519171,5,40,M,Pleural_Thickening,6,10,True,False,exploratory warning; cutoff was not prespecified
768519171,5,40,M,Cardiomegaly,6,10,True,False,exploratory warning; cutoff was not prespecified
768519171,5,40,M,Nodule,10,10,False,False,exploratory warning; cutoff was not prespecified
768519171,5,40,M,Mass,14,10,False,False,exploratory warning; cutoff was not prespecified
768519171,5,40,M,Hernia,0,10,True,True,exploratory warning; cutoff was not prespecified
768519171,5,45,M,Atelectasis,26,10,False,False,exploratory warning; cutoff was not prespecified
768519171,5,45,M,Consolidation,1,10,True,False,exploratory warning; cutoff was not prespecified
768519171,5,45,M,Infiltration,39,10,False,False,exploratory warning; cutoff was not prespecified
768519171,5,45,M,Pneumothorax,1,10,True,False,exploratory warning; cutoff was not prespecified
768519171,5,45,M,Edema,2,10,True,False,exploratory warning; cutoff was not prespecified
768519171,5,45,M,Emphysema,1,10,True,False,exploratory warning; cutoff was not prespecified
768519171,5,45,M,Fibrosis,7,10,True,False,exploratory warning; cutoff was not prespecified
768519171,5,45,M,Effusion,9,10,True,False,exploratory warning; cutoff was not prespecified
768519171,5,45,M,Pneumonia,0,10,True,True,exploratory warning; cutoff was not prespecified
768519171,5,45,M,Pleural_Thickening,5,10,True,False,exploratory warning; cutoff was not prespecified
768519171,5,45,M,Cardiomegaly,3,10,True,False,exploratory warning; cutoff was not prespecified
768519171,5,45,M,Nodule,17,10,False,False,exploratory warning; cutoff was not prespecified
768519171,5,45,M,Mass,10,10,False,False,exploratory warning; cutoff was not prespecified
768519171,5,45,M,Hernia,1,10,True,False,exploratory warning; cutoff was not prespecified
768519171,5,50,M,Atelectasis,28,10,False,False,exploratory warning; cutoff was not prespecified
768519171,5,50,M,Consolidation,7,10,True,False,exploratory warning; cutoff was not prespecified
768519171,5,50,M,Infiltration,47,10,False,False,exploratory warning; cutoff was not prespecified
768519171,5,50,M,Pneumothorax,2,10,True,False,exploratory warning; cutoff was not prespecified
768519171,5,50,M,Edema,0,10,True,True,exploratory warning; cutoff was not prespecified
768519171,5,50,M,Emphysema,2,10,True,False,exploratory warning; cutoff was not prespecified
768519171,5,50,M,Fibrosis,5,10,True,False,exploratory warning; cutoff was not prespecified
768519171,5,50,M,Effusion,12,10,False,False,exploratory warning; cutoff was not prespecified
768519171,5,50,M,Pneumonia,4,10,True,False,exploratory warning; cutoff was not prespecified
768519171,5,50,M,Pleural_Thickening,10,10,False,False,exploratory warning; cutoff was not prespecified
768519171,5,50,M,Cardiomegaly,6,10,True,False,exploratory warning; cutoff was not prespecified
768519171,5,50,M,Nodule,31,10,False,False,exploratory warning; cutoff was not prespecified
768519171,5,50,M,Mass,15,10,False,False,exploratory warning; cutoff was not prespecified
768519171,5,50,M,Hernia,0,10,True,True,exploratory warning; cutoff was not prespecified
768519171,5,55,M,Atelectasis,23,10,False,False,exploratory warning; cutoff was not prespecified
768519171,5,55,M,Consolidation,6,10,True,False,exploratory warning; cutoff was not prespecified
768519171,5,55,M,Infiltration,47,10,False,False,exploratory warning; cutoff was not prespecified
768519171,5,55,M,Pneumothorax,1,10,True,False,exploratory warning; cutoff was not prespecified
768519171,5,55,M,Edema,0,10,True,True,exploratory warning; cutoff was not prespecified
768519171,5,55,M,Emphysema,3,10,True,False,exploratory warning; cutoff was not prespecified
768519171,5,55,M,Fibrosis,7,10,True,False,exploratory warning; cutoff was not prespecified
768519171,5,55,M,Effusion,17,10,False,False,exploratory warning; cutoff was not prespecified
768519171,5,55,M,Pneumonia,1,10,True,False,exploratory warning; cutoff was not prespecified
768519171,5,55,M,Pleural_Thickening,11,10,False,False,exploratory warning; cutoff was not prespecified
768519171,5,55,M,Cardiomegaly,5,10,True,False,exploratory warning; cutoff was not prespecified
768519171,5,55,M,Nodule,26,10,False,False,exploratory warning; cutoff was not prespecified
768519171,5,55,M,Mass,25,10,False,False,exploratory warning; cutoff was not prespecified
768519171,5,55,M,Hernia,0,10,True,True,exploratory warning; cutoff was not prespecified
768519171,5,60,M,Atelectasis,28,10,False,False,exploratory warning; cutoff was not prespecified
768519171,5,60,M,Consolidation,12,10,False,False,exploratory warning; cutoff was not prespecified
768519171,5,60,M,Infiltration,46,10,False,False,exploratory warning; cutoff was not prespecified
768519171,5,60,M,Pneumothorax,2,10,True,False,exploratory warning; cutoff was not prespecified
768519171,5,60,M,Edema,1,10,True,False,exploratory warning; cutoff was not prespecified
768519171,5,60,M,Emphysema,4,10,True,False,exploratory warning; cutoff was not prespecified
768519171,5,60,M,Fibrosis,9,10,True,False,exploratory warning; cutoff was not prespecified
768519171,5,60,M,Effusion,19,10,False,False,exploratory warning; cutoff was not prespecified
768519171,5,60,M,Pneumonia,1,10,True,False,exploratory warning; cutoff was not prespecified
768519171,5,60,M,Pleural_Thickening,13,10,False,False,exploratory warning; cutoff was not prespecified
768519171,5,60,M,Cardiomegaly,9,10,True,False,exploratory warning; cutoff was not prespecified
768519171,5,60,M,Nodule,28,10,False,False,exploratory warning; cutoff was not prespecified
768519171,5,60,M,Mass,18,10,False,False,exploratory warning; cutoff was not prespecified
768519171,5,60,M,Hernia,1,10,True,False,exploratory warning; cutoff was not prespecified
768519171,5,65,M,Atelectasis,25,10,False,False,exploratory warning; cutoff was not prespecified
768519171,5,65,M,Consolidation,6,10,True,False,exploratory warning; cutoff was not prespecified
768519171,5,65,M,Infiltration,34,10,False,False,exploratory warning; cutoff was not prespecified
768519171,5,65,M,Pneumothorax,3,10,True,False,exploratory warning; cutoff was not prespecified
768519171,5,65,M,Edema,1,10,True,False,exploratory warning; cutoff was not prespecified
768519171,5,65,M,Emphysema,4,10,True,False,exploratory warning; cutoff was not prespecified
768519171,5,65,M,Fibrosis,4,10,True,False,exploratory warning; cutoff was not prespecified
768519171,5,65,M,Effusion,12,10,False,False,exploratory warning; cutoff was not prespecified
768519171,5,65,M,Pneumonia,2,10,True,False,exploratory warning; cutoff was not prespecified
768519171,5,65,M,Pleural_Thickening,12,10,False,False,exploratory warning; cutoff was not prespecified
768519171,5,65,M,Cardiomegaly,4,10,True,False,exploratory warning; cutoff was not prespecified
768519171,5,65,M,Nodule,11,10,False,False,exploratory warning; cutoff was not prespecified
768519171,5,65,M,Mass,14,10,False,False,exploratory warning; cutoff was not prespecified
768519171,5,65,M,Hernia,2,10,True,False,exploratory warning; cutoff was not prespecified
768519171,5,70,M,Atelectasis,13,10,False,False,exploratory warning; cutoff was not prespecified
768519171,5,70,M,Consolidation,1,10,True,False,exploratory warning; cutoff was not prespecified
768519171,5,70,M,Infiltration,11,10,False,False,exploratory warning; cutoff was not prespecified
768519171,5,70,M,Pneumothorax,2,10,True,False,exploratory warning; cutoff was not prespecified
768519171,5,70,M,Edema,0,10,True,True,exploratory warning; cutoff was not prespecified
768519171,5,70,M,Emphysema,7,10,True,False,exploratory warning; cutoff was not prespecified
768519171,5,70,M,Fibrosis,5,10,True,False,exploratory warning; cutoff was not prespecified
768519171,5,70,M,Effusion,9,10,True,False,exploratory warning; cutoff was not prespecified
768519171,5,70,M,Pneumonia,2,10,True,False,exploratory warning; cutoff was not prespecified
768519171,5,70,M,Pleural_Thickening,4,10,True,False,exploratory warning; cutoff was not prespecified
768519171,5,70,M,Cardiomegaly,3,10,True,False,exploratory warning; cutoff was not prespecified
768519171,5,70,M,Nodule,10,10,False,False,exploratory warning; cutoff was not prespecified
768519171,5,70,M,Mass,9,10,True,False,exploratory warning; cutoff was not prespecified
768519171,5,70,M,Hernia,0,10,True,True,exploratory warning; cutoff was not prespecified
768519171,5,75,M,Atelectasis,8,10,True,False,exploratory warning; cutoff was not prespecified
768519171,5,75,M,Consolidation,3,10,True,False,exploratory warning; cutoff was not prespecified
768519171,5,75,M,Infiltration,13,10,False,False,exploratory warning; cutoff was not prespecified
768519171,5,75,M,Pneumothorax,1,10,True,False,exploratory warning; cutoff was not prespecified
768519171,5,75,M,Edema,1,10,True,False,exploratory warning; cutoff was not prespecified
768519171,5,75,M,Emphysema,3,10,True,False,exploratory warning; cutoff was not prespecified
768519171,5,75,M,Fibrosis,4,10,True,False,exploratory warning; cutoff was not prespecified
768519171,5,75,M,Effusion,6,10,True,False,exploratory warning; cutoff was not prespecified
768519171,5,75,M,Pneumonia,1,10,True,False,exploratory warning; cutoff was not prespecified
768519171,5,75,M,Pleural_Thickening,4,10,True,False,exploratory warning; cutoff was not prespecified
768519171,5,75,M,Cardiomegaly,1,10,True,False,exploratory warning; cutoff was not prespecified
768519171,5,75,M,Nodule,7,10,True,False,exploratory warning; cutoff was not prespecified
768519171,5,75,M,Mass,3,10,True,False,exploratory warning; cutoff was not prespecified
768519171,5,75,M,Hernia,2,10,True,False,exploratory warning; cutoff was not prespecified
768519171,5,80,M,Atelectasis,4,10,True,False,exploratory warning; cutoff was not prespecified
768519171,5,80,M,Consolidation,3,10,True,False,exploratory warning; cutoff was not prespecified
768519171,5,80,M,Infiltration,5,10,True,False,exploratory warning; cutoff was not prespecified
768519171,5,80,M,Pneumothorax,2,10,True,False,exploratory warning; cutoff was not prespecified
768519171,5,80,M,Edema,1,10,True,False,exploratory warning; cutoff was not prespecified
768519171,5,80,M,Emphysema,0,10,True,True,exploratory warning; cutoff was not prespecified
768519171,5,80,M,Fibrosis,3,10,True,False,exploratory warning; cutoff was not prespecified
768519171,5,80,M,Effusion,1,10,True,False,exploratory warning; cutoff was not prespecified
768519171,5,80,M,Pneumonia,0,10,True,True,exploratory warning; cutoff was not prespecified
768519171,5,80,M,Pleural_Thickening,0,10,True,True,exploratory warning; cutoff was not prespecified
768519171,5,80,M,Cardiomegaly,2,10,True,False,exploratory warning; cutoff was not prespecified
768519171,5,80,M,Nodule,4,10,True,False,exploratory warning; cutoff was not prespecified
768519171,5,80,M,Mass,5,10,True,False,exploratory warning; cutoff was not prespecified
768519171,5,80,M,Hernia,0,10,True,True,exploratory warning; cutoff was not prespecified
768519171,5,85,M,Atelectasis,1,10,True,False,exploratory warning; cutoff was not prespecified
768519171,5,85,M,Consolidation,1,10,True,False,exploratory warning; cutoff was not prespecified
768519171,5,85,M,Infiltration,0,10,True,True,exploratory warning; cutoff was not prespecified
768519171,5,85,M,Pneumothorax,0,10,True,True,exploratory warning; cutoff was not prespecified
768519171,5,85,M,Edema,0,10,True,True,exploratory warning; cutoff was not prespecified
768519171,5,85,M,Emphysema,0,10,True,True,exploratory warning; cutoff was not prespecified
768519171,5,85,M,Fibrosis,1,10,True,False,exploratory warning; cutoff was not prespecified
768519171,5,85,M,Effusion,0,10,True,True,exploratory warning; cutoff was not prespecified
768519171,5,85,M,Pneumonia,0,10,True,True,exploratory warning; cutoff was not prespecified
768519171,5,85,M,Pleural_Thickening,0,10,True,True,exploratory warning; cutoff was not prespecified
768519171,5,85,M,Cardiomegaly,1,10,True,False,exploratory warning; cutoff was not prespecified
768519171,5,85,M,Nodule,0,10,True,True,exploratory warning; cutoff was not prespecified
768519171,5,85,M,Mass,0,10,True,True,exploratory warning; cutoff was not prespecified
768519171,5,85,M,Hernia,0,10,True,True,exploratory warning; cutoff was not prespecified
768519171,5,90,M,Atelectasis,0,10,True,True,exploratory warning; cutoff was not prespecified
768519171,5,90,M,Consolidation,0,10,True,True,exploratory warning; cutoff was not prespecified
768519171,5,90,M,Infiltration,0,10,True,True,exploratory warning; cutoff was not prespecified
768519171,5,90,M,Pneumothorax,0,10,True,True,exploratory warning; cutoff was not prespecified
768519171,5,90,M,Edema,0,10,True,True,exploratory warning; cutoff was not prespecified
768519171,5,90,M,Emphysema,0,10,True,True,exploratory warning; cutoff was not prespecified
768519171,5,90,M,Fibrosis,0,10,True,True,exploratory warning; cutoff was not prespecified
768519171,5,90,M,Effusion,0,10,True,True,exploratory warning; cutoff was not prespecified
768519171,5,90,M,Pneumonia,0,10,True,True,exploratory warning; cutoff was not prespecified
768519171,5,90,M,Pleural_Thickening,0,10,True,True,exploratory warning; cutoff was not prespecified
768519171,5,90,M,Cardiomegaly,0,10,True,True,exploratory warning; cutoff was not prespecified
768519171,5,90,M,Nodule,1,10,True,False,exploratory warning; cutoff was not prespecified
768519171,5,90,M,Mass,0,10,True,True,exploratory warning; cutoff was not prespecified
768519171,5,90,M,Hernia,0,10,True,True,exploratory warning; cutoff was not prespecified
768519171,10,0,F,Atelectasis,1,10,True,False,exploratory warning; cutoff was not prespecified
768519171,10,0,F,Consolidation,2,10,True,False,exploratory warning; cutoff was not prespecified
768519171,10,0,F,Infiltration,5,10,True,False,exploratory warning; cutoff was not prespecified
768519171,10,0,F,Pneumothorax,1,10,True,False,exploratory warning; cutoff was not prespecified
768519171,10,0,F,Edema,0,10,True,True,exploratory warning; cutoff was not prespecified
768519171,10,0,F,Emphysema,0,10,True,True,exploratory warning; cutoff was not prespecified
768519171,10,0,F,Fibrosis,0,10,True,True,exploratory warning; cutoff was not prespecified
768519171,10,0,F,Effusion,0,10,True,True,exploratory warning; cutoff was not prespecified
768519171,10,0,F,Pneumonia,0,10,True,True,exploratory warning; cutoff was not prespecified
768519171,10,0,F,Pleural_Thickening,0,10,True,True,exploratory warning; cutoff was not prespecified
768519171,10,0,F,Cardiomegaly,1,10,True,False,exploratory warning; cutoff was not prespecified
768519171,10,0,F,Nodule,0,10,True,True,exploratory warning; cutoff was not prespecified
768519171,10,0,F,Mass,1,10,True,False,exploratory warning; cutoff was not prespecified
768519171,10,0,F,Hernia,0,10,True,True,exploratory warning; cutoff was not prespecified
768519171,10,10,F,Atelectasis,3,10,True,False,exploratory warning; cutoff was not prespecified
768519171,10,10,F,Consolidation,3,10,True,False,exploratory warning; cutoff was not prespecified
768519171,10,10,F,Infiltration,13,10,False,False,exploratory warning; cutoff was not prespecified
768519171,10,10,F,Pneumothorax,1,10,True,False,exploratory warning; cutoff was not prespecified
768519171,10,10,F,Edema,0,10,True,True,exploratory warning; cutoff was not prespecified
768519171,10,10,F,Emphysema,0,10,True,True,exploratory warning; cutoff was not prespecified
768519171,10,10,F,Fibrosis,0,10,True,True,exploratory warning; cutoff was not prespecified
768519171,10,10,F,Effusion,2,10,True,False,exploratory warning; cutoff was not prespecified
768519171,10,10,F,Pneumonia,2,10,True,False,exploratory warning; cutoff was not prespecified
768519171,10,10,F,Pleural_Thickening,2,10,True,False,exploratory warning; cutoff was not prespecified
768519171,10,10,F,Cardiomegaly,2,10,True,False,exploratory warning; cutoff was not prespecified
768519171,10,10,F,Nodule,5,10,True,False,exploratory warning; cutoff was not prespecified
768519171,10,10,F,Mass,2,10,True,False,exploratory warning; cutoff was not prespecified
768519171,10,10,F,Hernia,0,10,True,True,exploratory warning; cutoff was not prespecified
768519171,10,20,F,Atelectasis,7,10,True,False,exploratory warning; cutoff was not prespecified
768519171,10,20,F,Consolidation,8,10,True,False,exploratory warning; cutoff was not prespecified
768519171,10,20,F,Infiltration,34,10,False,False,exploratory warning; cutoff was not prespecified
768519171,10,20,F,Pneumothorax,7,10,True,False,exploratory warning; cutoff was not prespecified
768519171,10,20,F,Edema,1,10,True,False,exploratory warning; cutoff was not prespecified
768519171,10,20,F,Emphysema,0,10,True,True,exploratory warning; cutoff was not prespecified
768519171,10,20,F,Fibrosis,4,10,True,False,exploratory warning; cutoff was not prespecified
768519171,10,20,F,Effusion,10,10,False,False,exploratory warning; cutoff was not prespecified
768519171,10,20,F,Pneumonia,1,10,True,False,exploratory warning; cutoff was not prespecified
768519171,10,20,F,Pleural_Thickening,3,10,True,False,exploratory warning; cutoff was not prespecified
768519171,10,20,F,Cardiomegaly,10,10,False,False,exploratory warning; cutoff was not prespecified
768519171,10,20,F,Nodule,7,10,True,False,exploratory warning; cutoff was not prespecified
768519171,10,20,F,Mass,5,10,True,False,exploratory warning; cutoff was not prespecified
768519171,10,20,F,Hernia,0,10,True,True,exploratory warning; cutoff was not prespecified
768519171,10,30,F,Atelectasis,12,10,False,False,exploratory warning; cutoff was not prespecified
768519171,10,30,F,Consolidation,3,10,True,False,exploratory warning; cutoff was not prespecified
768519171,10,30,F,Infiltration,48,10,False,False,exploratory warning; cutoff was not prespecified
768519171,10,30,F,Pneumothorax,5,10,True,False,exploratory warning; cutoff was not prespecified
768519171,10,30,F,Edema,1,10,True,False,exploratory warning; cutoff was not prespecified
768519171,10,30,F,Emphysema,1,10,True,False,exploratory warning; cutoff was not prespecified
768519171,10,30,F,Fibrosis,3,10,True,False,exploratory warning; cutoff was not prespecified
768519171,10,30,F,Effusion,12,10,False,False,exploratory warning; cutoff was not prespecified
768519171,10,30,F,Pneumonia,2,10,True,False,exploratory warning; cutoff was not prespecified
768519171,10,30,F,Pleural_Thickening,5,10,True,False,exploratory warning; cutoff was not prespecified
768519171,10,30,F,Cardiomegaly,12,10,False,False,exploratory warning; cutoff was not prespecified
768519171,10,30,F,Nodule,14,10,False,False,exploratory warning; cutoff was not prespecified
768519171,10,30,F,Mass,10,10,False,False,exploratory warning; cutoff was not prespecified
768519171,10,30,F,Hernia,0,10,True,True,exploratory warning; cutoff was not prespecified
768519171,10,40,F,Atelectasis,23,10,False,False,exploratory warning; cutoff was not prespecified
768519171,10,40,F,Consolidation,9,10,True,False,exploratory warning; cutoff was not prespecified
768519171,10,40,F,Infiltration,60,10,False,False,exploratory warning; cutoff was not prespecified
768519171,10,40,F,Pneumothorax,9,10,True,False,exploratory warning; cutoff was not prespecified
768519171,10,40,F,Edema,1,10,True,False,exploratory warning; cutoff was not prespecified
768519171,10,40,F,Emphysema,5,10,True,False,exploratory warning; cutoff was not prespecified
768519171,10,40,F,Fibrosis,18,10,False,False,exploratory warning; cutoff was not prespecified
768519171,10,40,F,Effusion,27,10,False,False,exploratory warning; cutoff was not prespecified
768519171,10,40,F,Pneumonia,7,10,True,False,exploratory warning; cutoff was not prespecified
768519171,10,40,F,Pleural_Thickening,12,10,False,False,exploratory warning; cutoff was not prespecified
768519171,10,40,F,Cardiomegaly,16,10,False,False,exploratory warning; cutoff was not prespecified
768519171,10,40,F,Nodule,26,10,False,False,exploratory warning; cutoff was not prespecified
768519171,10,40,F,Mass,20,10,False,False,exploratory warning; cutoff was not prespecified
768519171,10,40,F,Hernia,0,10,True,True,exploratory warning; cutoff was not prespecified
768519171,10,50,F,Atelectasis,44,10,False,False,exploratory warning; cutoff was not prespecified
768519171,10,50,F,Consolidation,14,10,False,False,exploratory warning; cutoff was not prespecified
768519171,10,50,F,Infiltration,75,10,False,False,exploratory warning; cutoff was not prespecified
768519171,10,50,F,Pneumothorax,7,10,True,False,exploratory warning; cutoff was not prespecified
768519171,10,50,F,Edema,3,10,True,False,exploratory warning; cutoff was not prespecified
768519171,10,50,F,Emphysema,1,10,True,False,exploratory warning; cutoff was not prespecified
768519171,10,50,F,Fibrosis,13,10,False,False,exploratory warning; cutoff was not prespecified
768519171,10,50,F,Effusion,39,10,False,False,exploratory warning; cutoff was not prespecified
768519171,10,50,F,Pneumonia,2,10,True,False,exploratory warning; cutoff was not prespecified
768519171,10,50,F,Pleural_Thickening,15,10,False,False,exploratory warning; cutoff was not prespecified
768519171,10,50,F,Cardiomegaly,28,10,False,False,exploratory warning; cutoff was not prespecified
768519171,10,50,F,Nodule,39,10,False,False,exploratory warning; cutoff was not prespecified
768519171,10,50,F,Mass,30,10,False,False,exploratory warning; cutoff was not prespecified
768519171,10,50,F,Hernia,1,10,True,False,exploratory warning; cutoff was not prespecified
768519171,10,60,F,Atelectasis,27,10,False,False,exploratory warning; cutoff was not prespecified
768519171,10,60,F,Consolidation,5,10,True,False,exploratory warning; cutoff was not prespecified
768519171,10,60,F,Infiltration,44,10,False,False,exploratory warning; cutoff was not prespecified
768519171,10,60,F,Pneumothorax,4,10,True,False,exploratory warning; cutoff was not prespecified
768519171,10,60,F,Edema,2,10,True,False,exploratory warning; cutoff was not prespecified
768519171,10,60,F,Emphysema,6,10,True,False,exploratory warning; cutoff was not prespecified
768519171,10,60,F,Fibrosis,19,10,False,False,exploratory warning; cutoff was not prespecified
768519171,10,60,F,Effusion,35,10,False,False,exploratory warning; cutoff was not prespecified
768519171,10,60,F,Pneumonia,1,10,True,False,exploratory warning; cutoff was not prespecified
768519171,10,60,F,Pleural_Thickening,10,10,False,False,exploratory warning; cutoff was not prespecified
768519171,10,60,F,Cardiomegaly,14,10,False,False,exploratory warning; cutoff was not prespecified
768519171,10,60,F,Nodule,33,10,False,False,exploratory warning; cutoff was not prespecified
768519171,10,60,F,Mass,26,10,False,False,exploratory warning; cutoff was not prespecified
768519171,10,60,F,Hernia,2,10,True,False,exploratory warning; cutoff was not prespecified
768519171,10,70,F,Atelectasis,12,10,False,False,exploratory warning; cutoff was not prespecified
768519171,10,70,F,Consolidation,1,10,True,False,exploratory warning; cutoff was not prespecified
768519171,10,70,F,Infiltration,17,10,False,False,exploratory warning; cutoff was not prespecified
768519171,10,70,F,Pneumothorax,0,10,True,True,exploratory warning; cutoff was not prespecified
768519171,10,70,F,Edema,0,10,True,True,exploratory warning; cutoff was not prespecified
768519171,10,70,F,Emphysema,3,10,True,False,exploratory warning; cutoff was not prespecified
768519171,10,70,F,Fibrosis,3,10,True,False,exploratory warning; cutoff was not prespecified
768519171,10,70,F,Effusion,5,10,True,False,exploratory warning; cutoff was not prespecified
768519171,10,70,F,Pneumonia,1,10,True,False,exploratory warning; cutoff was not prespecified
768519171,10,70,F,Pleural_Thickening,8,10,True,False,exploratory warning; cutoff was not prespecified
768519171,10,70,F,Cardiomegaly,8,10,True,False,exploratory warning; cutoff was not prespecified
768519171,10,70,F,Nodule,11,10,False,False,exploratory warning; cutoff was not prespecified
768519171,10,70,F,Mass,4,10,True,False,exploratory warning; cutoff was not prespecified
768519171,10,70,F,Hernia,2,10,True,False,exploratory warning; cutoff was not prespecified
768519171,10,80,F,Atelectasis,1,10,True,False,exploratory warning; cutoff was not prespecified
768519171,10,80,F,Consolidation,0,10,True,True,exploratory warning; cutoff was not prespecified
768519171,10,80,F,Infiltration,4,10,True,False,exploratory warning; cutoff was not prespecified
768519171,10,80,F,Pneumothorax,1,10,True,False,exploratory warning; cutoff was not prespecified
768519171,10,80,F,Edema,0,10,True,True,exploratory warning; cutoff was not prespecified
768519171,10,80,F,Emphysema,0,10,True,True,exploratory warning; cutoff was not prespecified
768519171,10,80,F,Fibrosis,0,10,True,True,exploratory warning; cutoff was not prespecified
768519171,10,80,F,Effusion,2,10,True,False,exploratory warning; cutoff was not prespecified
768519171,10,80,F,Pneumonia,0,10,True,True,exploratory warning; cutoff was not prespecified
768519171,10,80,F,Pleural_Thickening,1,10,True,False,exploratory warning; cutoff was not prespecified
768519171,10,80,F,Cardiomegaly,2,10,True,False,exploratory warning; cutoff was not prespecified
768519171,10,80,F,Nodule,0,10,True,True,exploratory warning; cutoff was not prespecified
768519171,10,80,F,Mass,2,10,True,False,exploratory warning; cutoff was not prespecified
768519171,10,80,F,Hernia,1,10,True,False,exploratory warning; cutoff was not prespecified
768519171,10,0,M,Atelectasis,6,10,True,False,exploratory warning; cutoff was not prespecified
768519171,10,0,M,Consolidation,4,10,True,False,exploratory warning; cutoff was not prespecified
768519171,10,0,M,Infiltration,11,10,False,False,exploratory warning; cutoff was not prespecified
768519171,10,0,M,Pneumothorax,1,10,True,False,exploratory warning; cutoff was not prespecified
768519171,10,0,M,Edema,0,10,True,True,exploratory warning; cutoff was not prespecified
768519171,10,0,M,Emphysema,0,10,True,True,exploratory warning; cutoff was not prespecified
768519171,10,0,M,Fibrosis,0,10,True,True,exploratory warning; cutoff was not prespecified
768519171,10,0,M,Effusion,1,10,True,False,exploratory warning; cutoff was not prespecified
768519171,10,0,M,Pneumonia,2,10,True,False,exploratory warning; cutoff was not prespecified
768519171,10,0,M,Pleural_Thickening,0,10,True,True,exploratory warning; cutoff was not prespecified
768519171,10,0,M,Cardiomegaly,0,10,True,True,exploratory warning; cutoff was not prespecified
768519171,10,0,M,Nodule,2,10,True,False,exploratory warning; cutoff was not prespecified
768519171,10,0,M,Mass,2,10,True,False,exploratory warning; cutoff was not prespecified
768519171,10,0,M,Hernia,0,10,True,True,exploratory warning; cutoff was not prespecified
768519171,10,10,M,Atelectasis,2,10,True,False,exploratory warning; cutoff was not prespecified
768519171,10,10,M,Consolidation,3,10,True,False,exploratory warning; cutoff was not prespecified
768519171,10,10,M,Infiltration,24,10,False,False,exploratory warning; cutoff was not prespecified
768519171,10,10,M,Pneumothorax,0,10,True,True,exploratory warning; cutoff was not prespecified
768519171,10,10,M,Edema,1,10,True,False,exploratory warning; cutoff was not prespecified
768519171,10,10,M,Emphysema,1,10,True,False,exploratory warning; cutoff was not prespecified
768519171,10,10,M,Fibrosis,0,10,True,True,exploratory warning; cutoff was not prespecified
768519171,10,10,M,Effusion,4,10,True,False,exploratory warning; cutoff was not prespecified
768519171,10,10,M,Pneumonia,1,10,True,False,exploratory warning; cutoff was not prespecified
768519171,10,10,M,Pleural_Thickening,4,10,True,False,exploratory warning; cutoff was not prespecified
768519171,10,10,M,Cardiomegaly,5,10,True,False,exploratory warning; cutoff was not prespecified
768519171,10,10,M,Nodule,5,10,True,False,exploratory warning; cutoff was not prespecified
768519171,10,10,M,Mass,4,10,True,False,exploratory warning; cutoff was not prespecified
768519171,10,10,M,Hernia,0,10,True,True,exploratory warning; cutoff was not prespecified
768519171,10,20,M,Atelectasis,16,10,False,False,exploratory warning; cutoff was not prespecified
768519171,10,20,M,Consolidation,6,10,True,False,exploratory warning; cutoff was not prespecified
768519171,10,20,M,Infiltration,57,10,False,False,exploratory warning; cutoff was not prespecified
768519171,10,20,M,Pneumothorax,3,10,True,False,exploratory warning; cutoff was not prespecified
768519171,10,20,M,Edema,0,10,True,True,exploratory warning; cutoff was not prespecified
768519171,10,20,M,Emphysema,1,10,True,False,exploratory warning; cutoff was not prespecified
768519171,10,20,M,Fibrosis,3,10,True,False,exploratory warning; cutoff was not prespecified
768519171,10,20,M,Effusion,8,10,True,False,exploratory warning; cutoff was not prespecified
768519171,10,20,M,Pneumonia,1,10,True,False,exploratory warning; cutoff was not prespecified
768519171,10,20,M,Pleural_Thickening,7,10,True,False,exploratory warning; cutoff was not prespecified
768519171,10,20,M,Cardiomegaly,7,10,True,False,exploratory warning; cutoff was not prespecified
768519171,10,20,M,Nodule,11,10,False,False,exploratory warning; cutoff was not prespecified
768519171,10,20,M,Mass,8,10,True,False,exploratory warning; cutoff was not prespecified
768519171,10,20,M,Hernia,0,10,True,True,exploratory warning; cutoff was not prespecified
768519171,10,30,M,Atelectasis,16,10,False,False,exploratory warning; cutoff was not prespecified
768519171,10,30,M,Consolidation,4,10,True,False,exploratory warning; cutoff was not prespecified
768519171,10,30,M,Infiltration,54,10,False,False,exploratory warning; cutoff was not prespecified
768519171,10,30,M,Pneumothorax,1,10,True,False,exploratory warning; cutoff was not prespecified
768519171,10,30,M,Edema,1,10,True,False,exploratory warning; cutoff was not prespecified
768519171,10,30,M,Emphysema,0,10,True,True,exploratory warning; cutoff was not prespecified
768519171,10,30,M,Fibrosis,7,10,True,False,exploratory warning; cutoff was not prespecified
768519171,10,30,M,Effusion,16,10,False,False,exploratory warning; cutoff was not prespecified
768519171,10,30,M,Pneumonia,2,10,True,False,exploratory warning; cutoff was not prespecified
768519171,10,30,M,Pleural_Thickening,5,10,True,False,exploratory warning; cutoff was not prespecified
768519171,10,30,M,Cardiomegaly,7,10,True,False,exploratory warning; cutoff was not prespecified
768519171,10,30,M,Nodule,17,10,False,False,exploratory warning; cutoff was not prespecified
768519171,10,30,M,Mass,20,10,False,False,exploratory warning; cutoff was not prespecified
768519171,10,30,M,Hernia,0,10,True,True,exploratory warning; cutoff was not prespecified
768519171,10,40,M,Atelectasis,40,10,False,False,exploratory warning; cutoff was not prespecified
768519171,10,40,M,Consolidation,3,10,True,False,exploratory warning; cutoff was not prespecified
768519171,10,40,M,Infiltration,68,10,False,False,exploratory warning; cutoff was not prespecified
768519171,10,40,M,Pneumothorax,2,10,True,False,exploratory warning; cutoff was not prespecified
768519171,10,40,M,Edema,4,10,True,False,exploratory warning; cutoff was not prespecified
768519171,10,40,M,Emphysema,4,10,True,False,exploratory warning; cutoff was not prespecified
768519171,10,40,M,Fibrosis,13,10,False,False,exploratory warning; cutoff was not prespecified
768519171,10,40,M,Effusion,17,10,False,False,exploratory warning; cutoff was not prespecified
768519171,10,40,M,Pneumonia,1,10,True,False,exploratory warning; cutoff was not prespecified
768519171,10,40,M,Pleural_Thickening,11,10,False,False,exploratory warning; cutoff was not prespecified
768519171,10,40,M,Cardiomegaly,9,10,True,False,exploratory warning; cutoff was not prespecified
768519171,10,40,M,Nodule,27,10,False,False,exploratory warning; cutoff was not prespecified
768519171,10,40,M,Mass,24,10,False,False,exploratory warning; cutoff was not prespecified
768519171,10,40,M,Hernia,1,10,True,False,exploratory warning; cutoff was not prespecified
768519171,10,50,M,Atelectasis,51,10,False,False,exploratory warning; cutoff was not prespecified
768519171,10,50,M,Consolidation,13,10,False,False,exploratory warning; cutoff was not prespecified
768519171,10,50,M,Infiltration,94,10,False,False,exploratory warning; cutoff was not prespecified
768519171,10,50,M,Pneumothorax,3,10,True,False,exploratory warning; cutoff was not prespecified
768519171,10,50,M,Edema,0,10,True,True,exploratory warning; cutoff was not prespecified
768519171,10,50,M,Emphysema,5,10,True,False,exploratory warning; cutoff was not prespecified
768519171,10,50,M,Fibrosis,12,10,False,False,exploratory warning; cutoff was not prespecified
768519171,10,50,M,Effusion,29,10,False,False,exploratory warning; cutoff was not prespecified
768519171,10,50,M,Pneumonia,5,10,True,False,exploratory warning; cutoff was not prespecified
768519171,10,50,M,Pleural_Thickening,21,10,False,False,exploratory warning; cutoff was not prespecified
768519171,10,50,M,Cardiomegaly,11,10,False,False,exploratory warning; cutoff was not prespecified
768519171,10,50,M,Nodule,57,10,False,False,exploratory warning; cutoff was not prespecified
768519171,10,50,M,Mass,40,10,False,False,exploratory warning; cutoff was not prespecified
768519171,10,50,M,Hernia,0,10,True,True,exploratory warning; cutoff was not prespecified
768519171,10,60,M,Atelectasis,53,10,False,False,exploratory warning; cutoff was not prespecified
768519171,10,60,M,Consolidation,18,10,False,False,exploratory warning; cutoff was not prespecified
768519171,10,60,M,Infiltration,80,10,False,False,exploratory warning; cutoff was not prespecified
768519171,10,60,M,Pneumothorax,5,10,True,False,exploratory warning; cutoff was not prespecified
768519171,10,60,M,Edema,2,10,True,False,exploratory warning; cutoff was not prespecified
768519171,10,60,M,Emphysema,8,10,True,False,exploratory warning; cutoff was not prespecified
768519171,10,60,M,Fibrosis,13,10,False,False,exploratory warning; cutoff was not prespecified
768519171,10,60,M,Effusion,31,10,False,False,exploratory warning; cutoff was not prespecified
768519171,10,60,M,Pneumonia,3,10,True,False,exploratory warning; cutoff was not prespecified
768519171,10,60,M,Pleural_Thickening,25,10,False,False,exploratory warning; cutoff was not prespecified
768519171,10,60,M,Cardiomegaly,13,10,False,False,exploratory warning; cutoff was not prespecified
768519171,10,60,M,Nodule,39,10,False,False,exploratory warning; cutoff was not prespecified
768519171,10,60,M,Mass,32,10,False,False,exploratory warning; cutoff was not prespecified
768519171,10,60,M,Hernia,3,10,True,False,exploratory warning; cutoff was not prespecified
768519171,10,70,M,Atelectasis,21,10,False,False,exploratory warning; cutoff was not prespecified
768519171,10,70,M,Consolidation,4,10,True,False,exploratory warning; cutoff was not prespecified
768519171,10,70,M,Infiltration,24,10,False,False,exploratory warning; cutoff was not prespecified
768519171,10,70,M,Pneumothorax,3,10,True,False,exploratory warning; cutoff was not prespecified
768519171,10,70,M,Edema,1,10,True,False,exploratory warning; cutoff was not prespecified
768519171,10,70,M,Emphysema,10,10,False,False,exploratory warning; cutoff was not prespecified
768519171,10,70,M,Fibrosis,9,10,True,False,exploratory warning; cutoff was not prespecified
768519171,10,70,M,Effusion,15,10,False,False,exploratory warning; cutoff was not prespecified
768519171,10,70,M,Pneumonia,3,10,True,False,exploratory warning; cutoff was not prespecified
768519171,10,70,M,Pleural_Thickening,8,10,True,False,exploratory warning; cutoff was not prespecified
768519171,10,70,M,Cardiomegaly,4,10,True,False,exploratory warning; cutoff was not prespecified
768519171,10,70,M,Nodule,17,10,False,False,exploratory warning; cutoff was not prespecified
768519171,10,70,M,Mass,12,10,False,False,exploratory warning; cutoff was not prespecified
768519171,10,70,M,Hernia,2,10,True,False,exploratory warning; cutoff was not prespecified
768519171,10,80,M,Atelectasis,5,10,True,False,exploratory warning; cutoff was not prespecified
768519171,10,80,M,Consolidation,4,10,True,False,exploratory warning; cutoff was not prespecified
768519171,10,80,M,Infiltration,5,10,True,False,exploratory warning; cutoff was not prespecified
768519171,10,80,M,Pneumothorax,2,10,True,False,exploratory warning; cutoff was not prespecified
768519171,10,80,M,Edema,1,10,True,False,exploratory warning; cutoff was not prespecified
768519171,10,80,M,Emphysema,0,10,True,True,exploratory warning; cutoff was not prespecified
768519171,10,80,M,Fibrosis,4,10,True,False,exploratory warning; cutoff was not prespecified
768519171,10,80,M,Effusion,1,10,True,False,exploratory warning; cutoff was not prespecified
768519171,10,80,M,Pneumonia,0,10,True,True,exploratory warning; cutoff was not prespecified
768519171,10,80,M,Pleural_Thickening,0,10,True,True,exploratory warning; cutoff was not prespecified
768519171,10,80,M,Cardiomegaly,3,10,True,False,exploratory warning; cutoff was not prespecified
768519171,10,80,M,Nodule,4,10,True,False,exploratory warning; cutoff was not prespecified
768519171,10,80,M,Mass,5,10,True,False,exploratory warning; cutoff was not prespecified
768519171,10,80,M,Hernia,0,10,True,True,exploratory warning; cutoff was not prespecified
768519171,10,90,M,Atelectasis,0,10,True,True,exploratory warning; cutoff was not prespecified
768519171,10,90,M,Consolidation,0,10,True,True,exploratory warning; cutoff was not prespecified
768519171,10,90,M,Infiltration,0,10,True,True,exploratory warning; cutoff was not prespecified
768519171,10,90,M,Pneumothorax,0,10,True,True,exploratory warning; cutoff was not prespecified
768519171,10,90,M,Edema,0,10,True,True,exploratory warning; cutoff was not prespecified
768519171,10,90,M,Emphysema,0,10,True,True,exploratory warning; cutoff was not prespecified
768519171,10,90,M,Fibrosis,0,10,True,True,exploratory warning; cutoff was not prespecified
768519171,10,90,M,Effusion,0,10,True,True,exploratory warning; cutoff was not prespecified
768519171,10,90,M,Pneumonia,0,10,True,True,exploratory warning; cutoff was not prespecified
768519171,10,90,M,Pleural_Thickening,0,10,True,True,exploratory warning; cutoff was not prespecified
768519171,10,90,M,Cardiomegaly,0,10,True,True,exploratory warning; cutoff was not prespecified
768519171,10,90,M,Nodule,1,10,True,False,exploratory warning; cutoff was not prespecified
768519171,10,90,M,Mass,0,10,True,True,exploratory warning; cutoff was not prespecified
768519171,10,90,M,Hernia,0,10,True,True,exploratory warning; cutoff was not prespecified
113462462,5,0,F,Atelectasis,0,10,True,True,exploratory warning; cutoff was not prespecified
113462462,5,0,F,Consolidation,0,10,True,True,exploratory warning; cutoff was not prespecified
113462462,5,0,F,Infiltration,3,10,True,False,exploratory warning; cutoff was not prespecified
113462462,5,0,F,Pneumothorax,0,10,True,True,exploratory warning; cutoff was not prespecified
113462462,5,0,F,Edema,0,10,True,True,exploratory warning; cutoff was not prespecified
113462462,5,0,F,Emphysema,0,10,True,True,exploratory warning; cutoff was not prespecified
113462462,5,0,F,Fibrosis,0,10,True,True,exploratory warning; cutoff was not prespecified
113462462,5,0,F,Effusion,0,10,True,True,exploratory warning; cutoff was not prespecified
113462462,5,0,F,Pneumonia,0,10,True,True,exploratory warning; cutoff was not prespecified
113462462,5,0,F,Pleural_Thickening,0,10,True,True,exploratory warning; cutoff was not prespecified
113462462,5,0,F,Cardiomegaly,0,10,True,True,exploratory warning; cutoff was not prespecified
113462462,5,0,F,Nodule,0,10,True,True,exploratory warning; cutoff was not prespecified
113462462,5,0,F,Mass,0,10,True,True,exploratory warning; cutoff was not prespecified
113462462,5,0,F,Hernia,0,10,True,True,exploratory warning; cutoff was not prespecified
113462462,5,5,F,Atelectasis,1,10,True,False,exploratory warning; cutoff was not prespecified
113462462,5,5,F,Consolidation,0,10,True,True,exploratory warning; cutoff was not prespecified
113462462,5,5,F,Infiltration,5,10,True,False,exploratory warning; cutoff was not prespecified
113462462,5,5,F,Pneumothorax,0,10,True,True,exploratory warning; cutoff was not prespecified
113462462,5,5,F,Edema,0,10,True,True,exploratory warning; cutoff was not prespecified
113462462,5,5,F,Emphysema,0,10,True,True,exploratory warning; cutoff was not prespecified
113462462,5,5,F,Fibrosis,0,10,True,True,exploratory warning; cutoff was not prespecified
113462462,5,5,F,Effusion,1,10,True,False,exploratory warning; cutoff was not prespecified
113462462,5,5,F,Pneumonia,1,10,True,False,exploratory warning; cutoff was not prespecified
113462462,5,5,F,Pleural_Thickening,0,10,True,True,exploratory warning; cutoff was not prespecified
113462462,5,5,F,Cardiomegaly,2,10,True,False,exploratory warning; cutoff was not prespecified
113462462,5,5,F,Nodule,0,10,True,True,exploratory warning; cutoff was not prespecified
113462462,5,5,F,Mass,0,10,True,True,exploratory warning; cutoff was not prespecified
113462462,5,5,F,Hernia,0,10,True,True,exploratory warning; cutoff was not prespecified
113462462,5,10,F,Atelectasis,1,10,True,False,exploratory warning; cutoff was not prespecified
113462462,5,10,F,Consolidation,0,10,True,True,exploratory warning; cutoff was not prespecified
113462462,5,10,F,Infiltration,6,10,True,False,exploratory warning; cutoff was not prespecified
113462462,5,10,F,Pneumothorax,1,10,True,False,exploratory warning; cutoff was not prespecified
113462462,5,10,F,Edema,1,10,True,False,exploratory warning; cutoff was not prespecified
113462462,5,10,F,Emphysema,1,10,True,False,exploratory warning; cutoff was not prespecified
113462462,5,10,F,Fibrosis,0,10,True,True,exploratory warning; cutoff was not prespecified
113462462,5,10,F,Effusion,1,10,True,False,exploratory warning; cutoff was not prespecified
113462462,5,10,F,Pneumonia,2,10,True,False,exploratory warning; cutoff was not prespecified
113462462,5,10,F,Pleural_Thickening,2,10,True,False,exploratory warning; cutoff was not prespecified
113462462,5,10,F,Cardiomegaly,1,10,True,False,exploratory warning; cutoff was not prespecified
113462462,5,10,F,Nodule,1,10,True,False,exploratory warning; cutoff was not prespecified
113462462,5,10,F,Mass,1,10,True,False,exploratory warning; cutoff was not prespecified
113462462,5,10,F,Hernia,0,10,True,True,exploratory warning; cutoff was not prespecified
113462462,5,15,F,Atelectasis,1,10,True,False,exploratory warning; cutoff was not prespecified
113462462,5,15,F,Consolidation,0,10,True,True,exploratory warning; cutoff was not prespecified
113462462,5,15,F,Infiltration,8,10,True,False,exploratory warning; cutoff was not prespecified
113462462,5,15,F,Pneumothorax,0,10,True,True,exploratory warning; cutoff was not prespecified
113462462,5,15,F,Edema,0,10,True,True,exploratory warning; cutoff was not prespecified
113462462,5,15,F,Emphysema,0,10,True,True,exploratory warning; cutoff was not prespecified
113462462,5,15,F,Fibrosis,0,10,True,True,exploratory warning; cutoff was not prespecified
113462462,5,15,F,Effusion,2,10,True,False,exploratory warning; cutoff was not prespecified
113462462,5,15,F,Pneumonia,0,10,True,True,exploratory warning; cutoff was not prespecified
113462462,5,15,F,Pleural_Thickening,0,10,True,True,exploratory warning; cutoff was not prespecified
113462462,5,15,F,Cardiomegaly,0,10,True,True,exploratory warning; cutoff was not prespecified
113462462,5,15,F,Nodule,2,10,True,False,exploratory warning; cutoff was not prespecified
113462462,5,15,F,Mass,2,10,True,False,exploratory warning; cutoff was not prespecified
113462462,5,15,F,Hernia,0,10,True,True,exploratory warning; cutoff was not prespecified
113462462,5,20,F,Atelectasis,2,10,True,False,exploratory warning; cutoff was not prespecified
113462462,5,20,F,Consolidation,2,10,True,False,exploratory warning; cutoff was not prespecified
113462462,5,20,F,Infiltration,17,10,False,False,exploratory warning; cutoff was not prespecified
113462462,5,20,F,Pneumothorax,0,10,True,True,exploratory warning; cutoff was not prespecified
113462462,5,20,F,Edema,0,10,True,True,exploratory warning; cutoff was not prespecified
113462462,5,20,F,Emphysema,0,10,True,True,exploratory warning; cutoff was not prespecified
113462462,5,20,F,Fibrosis,0,10,True,True,exploratory warning; cutoff was not prespecified
113462462,5,20,F,Effusion,7,10,True,False,exploratory warning; cutoff was not prespecified
113462462,5,20,F,Pneumonia,0,10,True,True,exploratory warning; cutoff was not prespecified
113462462,5,20,F,Pleural_Thickening,2,10,True,False,exploratory warning; cutoff was not prespecified
113462462,5,20,F,Cardiomegaly,3,10,True,False,exploratory warning; cutoff was not prespecified
113462462,5,20,F,Nodule,7,10,True,False,exploratory warning; cutoff was not prespecified
113462462,5,20,F,Mass,8,10,True,False,exploratory warning; cutoff was not prespecified
113462462,5,20,F,Hernia,0,10,True,True,exploratory warning; cutoff was not prespecified
113462462,5,25,F,Atelectasis,2,10,True,False,exploratory warning; cutoff was not prespecified
113462462,5,25,F,Consolidation,2,10,True,False,exploratory warning; cutoff was not prespecified
113462462,5,25,F,Infiltration,22,10,False,False,exploratory warning; cutoff was not prespecified
113462462,5,25,F,Pneumothorax,3,10,True,False,exploratory warning; cutoff was not prespecified
113462462,5,25,F,Edema,0,10,True,True,exploratory warning; cutoff was not prespecified
113462462,5,25,F,Emphysema,0,10,True,True,exploratory warning; cutoff was not prespecified
113462462,5,25,F,Fibrosis,1,10,True,False,exploratory warning; cutoff was not prespecified
113462462,5,25,F,Effusion,2,10,True,False,exploratory warning; cutoff was not prespecified
113462462,5,25,F,Pneumonia,0,10,True,True,exploratory warning; cutoff was not prespecified
113462462,5,25,F,Pleural_Thickening,0,10,True,True,exploratory warning; cutoff was not prespecified
113462462,5,25,F,Cardiomegaly,0,10,True,True,exploratory warning; cutoff was not prespecified
113462462,5,25,F,Nodule,3,10,True,False,exploratory warning; cutoff was not prespecified
113462462,5,25,F,Mass,10,10,False,False,exploratory warning; cutoff was not prespecified
113462462,5,25,F,Hernia,0,10,True,True,exploratory warning; cutoff was not prespecified
113462462,5,30,F,Atelectasis,5,10,True,False,exploratory warning; cutoff was not prespecified
113462462,5,30,F,Consolidation,0,10,True,True,exploratory warning; cutoff was not prespecified
113462462,5,30,F,Infiltration,22,10,False,False,exploratory warning; cutoff was not prespecified
113462462,5,30,F,Pneumothorax,1,10,True,False,exploratory warning; cutoff was not prespecified
113462462,5,30,F,Edema,0,10,True,True,exploratory warning; cutoff was not prespecified
113462462,5,30,F,Emphysema,1,10,True,False,exploratory warning; cutoff was not prespecified
113462462,5,30,F,Fibrosis,2,10,True,False,exploratory warning; cutoff was not prespecified
113462462,5,30,F,Effusion,8,10,True,False,exploratory warning; cutoff was not prespecified
113462462,5,30,F,Pneumonia,2,10,True,False,exploratory warning; cutoff was not prespecified
113462462,5,30,F,Pleural_Thickening,2,10,True,False,exploratory warning; cutoff was not prespecified
113462462,5,30,F,Cardiomegaly,5,10,True,False,exploratory warning; cutoff was not prespecified
113462462,5,30,F,Nodule,6,10,True,False,exploratory warning; cutoff was not prespecified
113462462,5,30,F,Mass,6,10,True,False,exploratory warning; cutoff was not prespecified
113462462,5,30,F,Hernia,0,10,True,True,exploratory warning; cutoff was not prespecified
113462462,5,35,F,Atelectasis,8,10,True,False,exploratory warning; cutoff was not prespecified
113462462,5,35,F,Consolidation,0,10,True,True,exploratory warning; cutoff was not prespecified
113462462,5,35,F,Infiltration,33,10,False,False,exploratory warning; cutoff was not prespecified
113462462,5,35,F,Pneumothorax,3,10,True,False,exploratory warning; cutoff was not prespecified
113462462,5,35,F,Edema,0,10,True,True,exploratory warning; cutoff was not prespecified
113462462,5,35,F,Emphysema,0,10,True,True,exploratory warning; cutoff was not prespecified
113462462,5,35,F,Fibrosis,4,10,True,False,exploratory warning; cutoff was not prespecified
113462462,5,35,F,Effusion,9,10,True,False,exploratory warning; cutoff was not prespecified
113462462,5,35,F,Pneumonia,2,10,True,False,exploratory warning; cutoff was not prespecified
113462462,5,35,F,Pleural_Thickening,2,10,True,False,exploratory warning; cutoff was not prespecified
113462462,5,35,F,Cardiomegaly,9,10,True,False,exploratory warning; cutoff was not prespecified
113462462,5,35,F,Nodule,5,10,True,False,exploratory warning; cutoff was not prespecified
113462462,5,35,F,Mass,4,10,True,False,exploratory warning; cutoff was not prespecified
113462462,5,35,F,Hernia,0,10,True,True,exploratory warning; cutoff was not prespecified
113462462,5,40,F,Atelectasis,6,10,True,False,exploratory warning; cutoff was not prespecified
113462462,5,40,F,Consolidation,8,10,True,False,exploratory warning; cutoff was not prespecified
113462462,5,40,F,Infiltration,43,10,False,False,exploratory warning; cutoff was not prespecified
113462462,5,40,F,Pneumothorax,4,10,True,False,exploratory warning; cutoff was not prespecified
113462462,5,40,F,Edema,0,10,True,True,exploratory warning; cutoff was not prespecified
113462462,5,40,F,Emphysema,0,10,True,True,exploratory warning; cutoff was not prespecified
113462462,5,40,F,Fibrosis,6,10,True,False,exploratory warning; cutoff was not prespecified
113462462,5,40,F,Effusion,14,10,False,False,exploratory warning; cutoff was not prespecified
113462462,5,40,F,Pneumonia,1,10,True,False,exploratory warning; cutoff was not prespecified
113462462,5,40,F,Pleural_Thickening,5,10,True,False,exploratory warning; cutoff was not prespecified
113462462,5,40,F,Cardiomegaly,13,10,False,False,exploratory warning; cutoff was not prespecified
113462462,5,40,F,Nodule,19,10,False,False,exploratory warning; cutoff was not prespecified
113462462,5,40,F,Mass,12,10,False,False,exploratory warning; cutoff was not prespecified
113462462,5,40,F,Hernia,1,10,True,False,exploratory warning; cutoff was not prespecified
113462462,5,45,F,Atelectasis,13,10,False,False,exploratory warning; cutoff was not prespecified
113462462,5,45,F,Consolidation,4,10,True,False,exploratory warning; cutoff was not prespecified
113462462,5,45,F,Infiltration,31,10,False,False,exploratory warning; cutoff was not prespecified
113462462,5,45,F,Pneumothorax,0,10,True,True,exploratory warning; cutoff was not prespecified
113462462,5,45,F,Edema,0,10,True,True,exploratory warning; cutoff was not prespecified
113462462,5,45,F,Emphysema,0,10,True,True,exploratory warning; cutoff was not prespecified
113462462,5,45,F,Fibrosis,7,10,True,False,exploratory warning; cutoff was not prespecified
113462462,5,45,F,Effusion,10,10,False,False,exploratory warning; cutoff was not prespecified
113462462,5,45,F,Pneumonia,0,10,True,True,exploratory warning; cutoff was not prespecified
113462462,5,45,F,Pleural_Thickening,12,10,False,False,exploratory warning; cutoff was not prespecified
113462462,5,45,F,Cardiomegaly,5,10,True,False,exploratory warning; cutoff was not prespecified
113462462,5,45,F,Nodule,12,10,False,False,exploratory warning; cutoff was not prespecified
113462462,5,45,F,Mass,9,10,True,False,exploratory warning; cutoff was not prespecified
113462462,5,45,F,Hernia,1,10,True,False,exploratory warning; cutoff was not prespecified
113462462,5,50,F,Atelectasis,22,10,False,False,exploratory warning; cutoff was not prespecified
113462462,5,50,F,Consolidation,4,10,True,False,exploratory warning; cutoff was not prespecified
113462462,5,50,F,Infiltration,38,10,False,False,exploratory warning; cutoff was not prespecified
113462462,5,50,F,Pneumothorax,3,10,True,False,exploratory warning; cutoff was not prespecified
113462462,5,50,F,Edema,2,10,True,False,exploratory warning; cutoff was not prespecified
113462462,5,50,F,Emphysema,2,10,True,False,exploratory warning; cutoff was not prespecified
113462462,5,50,F,Fibrosis,8,10,True,False,exploratory warning; cutoff was not prespecified
113462462,5,50,F,Effusion,11,10,False,False,exploratory warning; cutoff was not prespecified
113462462,5,50,F,Pneumonia,2,10,True,False,exploratory warning; cutoff was not prespecified
113462462,5,50,F,Pleural_Thickening,11,10,False,False,exploratory warning; cutoff was not prespecified
113462462,5,50,F,Cardiomegaly,8,10,True,False,exploratory warning; cutoff was not prespecified
113462462,5,50,F,Nodule,18,10,False,False,exploratory warning; cutoff was not prespecified
113462462,5,50,F,Mass,18,10,False,False,exploratory warning; cutoff was not prespecified
113462462,5,50,F,Hernia,1,10,True,False,exploratory warning; cutoff was not prespecified
113462462,5,55,F,Atelectasis,22,10,False,False,exploratory warning; cutoff was not prespecified
113462462,5,55,F,Consolidation,7,10,True,False,exploratory warning; cutoff was not prespecified
113462462,5,55,F,Infiltration,30,10,False,False,exploratory warning; cutoff was not prespecified
113462462,5,55,F,Pneumothorax,2,10,True,False,exploratory warning; cutoff was not prespecified
113462462,5,55,F,Edema,0,10,True,True,exploratory warning; cutoff was not prespecified
113462462,5,55,F,Emphysema,1,10,True,False,exploratory warning; cutoff was not prespecified
113462462,5,55,F,Fibrosis,7,10,True,False,exploratory warning; cutoff was not prespecified
113462462,5,55,F,Effusion,23,10,False,False,exploratory warning; cutoff was not prespecified
113462462,5,55,F,Pneumonia,3,10,True,False,exploratory warning; cutoff was not prespecified
113462462,5,55,F,Pleural_Thickening,8,10,True,False,exploratory warning; cutoff was not prespecified
113462462,5,55,F,Cardiomegaly,11,10,False,False,exploratory warning; cutoff was not prespecified
113462462,5,55,F,Nodule,27,10,False,False,exploratory warning; cutoff was not prespecified
113462462,5,55,F,Mass,10,10,False,False,exploratory warning; cutoff was not prespecified
113462462,5,55,F,Hernia,2,10,True,False,exploratory warning; cutoff was not prespecified
113462462,5,60,F,Atelectasis,16,10,False,False,exploratory warning; cutoff was not prespecified
113462462,5,60,F,Consolidation,3,10,True,False,exploratory warning; cutoff was not prespecified
113462462,5,60,F,Infiltration,29,10,False,False,exploratory warning; cutoff was not prespecified
113462462,5,60,F,Pneumothorax,7,10,True,False,exploratory warning; cutoff was not prespecified
113462462,5,60,F,Edema,0,10,True,True,exploratory warning; cutoff was not prespecified
113462462,5,60,F,Emphysema,4,10,True,False,exploratory warning; cutoff was not prespecified
113462462,5,60,F,Fibrosis,4,10,True,False,exploratory warning; cutoff was not prespecified
113462462,5,60,F,Effusion,13,10,False,False,exploratory warning; cutoff was not prespecified
113462462,5,60,F,Pneumonia,2,10,True,False,exploratory warning; cutoff was not prespecified
113462462,5,60,F,Pleural_Thickening,8,10,True,False,exploratory warning; cutoff was not prespecified
113462462,5,60,F,Cardiomegaly,10,10,False,False,exploratory warning; cutoff was not prespecified
113462462,5,60,F,Nodule,17,10,False,False,exploratory warning; cutoff was not prespecified
113462462,5,60,F,Mass,14,10,False,False,exploratory warning; cutoff was not prespecified
113462462,5,60,F,Hernia,1,10,True,False,exploratory warning; cutoff was not prespecified
113462462,5,65,F,Atelectasis,14,10,False,False,exploratory warning; cutoff was not prespecified
113462462,5,65,F,Consolidation,0,10,True,True,exploratory warning; cutoff was not prespecified
113462462,5,65,F,Infiltration,16,10,False,False,exploratory warning; cutoff was not prespecified
113462462,5,65,F,Pneumothorax,2,10,True,False,exploratory warning; cutoff was not prespecified
113462462,5,65,F,Edema,0,10,True,True,exploratory warning; cutoff was not prespecified
113462462,5,65,F,Emphysema,6,10,True,False,exploratory warning; cutoff was not prespecified
113462462,5,65,F,Fibrosis,4,10,True,False,exploratory warning; cutoff was not prespecified
113462462,5,65,F,Effusion,6,10,True,False,exploratory warning; cutoff was not prespecified
113462462,5,65,F,Pneumonia,1,10,True,False,exploratory warning; cutoff was not prespecified
113462462,5,65,F,Pleural_Thickening,6,10,True,False,exploratory warning; cutoff was not prespecified
113462462,5,65,F,Cardiomegaly,8,10,True,False,exploratory warning; cutoff was not prespecified
113462462,5,65,F,Nodule,17,10,False,False,exploratory warning; cutoff was not prespecified
113462462,5,65,F,Mass,11,10,False,False,exploratory warning; cutoff was not prespecified
113462462,5,65,F,Hernia,1,10,True,False,exploratory warning; cutoff was not prespecified
113462462,5,70,F,Atelectasis,9,10,True,False,exploratory warning; cutoff was not prespecified
113462462,5,70,F,Consolidation,2,10,True,False,exploratory warning; cutoff was not prespecified
113462462,5,70,F,Infiltration,12,10,False,False,exploratory warning; cutoff was not prespecified
113462462,5,70,F,Pneumothorax,1,10,True,False,exploratory warning; cutoff was not prespecified
113462462,5,70,F,Edema,1,10,True,False,exploratory warning; cutoff was not prespecified
113462462,5,70,F,Emphysema,3,10,True,False,exploratory warning; cutoff was not prespecified
113462462,5,70,F,Fibrosis,4,10,True,False,exploratory warning; cutoff was not prespecified
113462462,5,70,F,Effusion,6,10,True,False,exploratory warning; cutoff was not prespecified
113462462,5,70,F,Pneumonia,0,10,True,True,exploratory warning; cutoff was not prespecified
113462462,5,70,F,Pleural_Thickening,3,10,True,False,exploratory warning; cutoff was not prespecified
113462462,5,70,F,Cardiomegaly,5,10,True,False,exploratory warning; cutoff was not prespecified
113462462,5,70,F,Nodule,3,10,True,False,exploratory warning; cutoff was not prespecified
113462462,5,70,F,Mass,3,10,True,False,exploratory warning; cutoff was not prespecified
113462462,5,70,F,Hernia,2,10,True,False,exploratory warning; cutoff was not prespecified
113462462,5,75,F,Atelectasis,3,10,True,False,exploratory warning; cutoff was not prespecified
113462462,5,75,F,Consolidation,0,10,True,True,exploratory warning; cutoff was not prespecified
113462462,5,75,F,Infiltration,7,10,True,False,exploratory warning; cutoff was not prespecified
113462462,5,75,F,Pneumothorax,0,10,True,True,exploratory warning; cutoff was not prespecified
113462462,5,75,F,Edema,0,10,True,True,exploratory warning; cutoff was not prespecified
113462462,5,75,F,Emphysema,0,10,True,True,exploratory warning; cutoff was not prespecified
113462462,5,75,F,Fibrosis,1,10,True,False,exploratory warning; cutoff was not prespecified
113462462,5,75,F,Effusion,4,10,True,False,exploratory warning; cutoff was not prespecified
113462462,5,75,F,Pneumonia,0,10,True,True,exploratory warning; cutoff was not prespecified
113462462,5,75,F,Pleural_Thickening,4,10,True,False,exploratory warning; cutoff was not prespecified
113462462,5,75,F,Cardiomegaly,3,10,True,False,exploratory warning; cutoff was not prespecified
113462462,5,75,F,Nodule,6,10,True,False,exploratory warning; cutoff was not prespecified
113462462,5,75,F,Mass,4,10,True,False,exploratory warning; cutoff was not prespecified
113462462,5,75,F,Hernia,1,10,True,False,exploratory warning; cutoff was not prespecified
113462462,5,80,F,Atelectasis,1,10,True,False,exploratory warning; cutoff was not prespecified
113462462,5,80,F,Consolidation,0,10,True,True,exploratory warning; cutoff was not prespecified
113462462,5,80,F,Infiltration,3,10,True,False,exploratory warning; cutoff was not prespecified
113462462,5,80,F,Pneumothorax,0,10,True,True,exploratory warning; cutoff was not prespecified
113462462,5,80,F,Edema,0,10,True,True,exploratory warning; cutoff was not prespecified
113462462,5,80,F,Emphysema,0,10,True,True,exploratory warning; cutoff was not prespecified
113462462,5,80,F,Fibrosis,0,10,True,True,exploratory warning; cutoff was not prespecified
113462462,5,80,F,Effusion,2,10,True,False,exploratory warning; cutoff was not prespecified
113462462,5,80,F,Pneumonia,0,10,True,True,exploratory warning; cutoff was not prespecified
113462462,5,80,F,Pleural_Thickening,2,10,True,False,exploratory warning; cutoff was not prespecified
113462462,5,80,F,Cardiomegaly,3,10,True,False,exploratory warning; cutoff was not prespecified
113462462,5,80,F,Nodule,3,10,True,False,exploratory warning; cutoff was not prespecified
113462462,5,80,F,Mass,0,10,True,True,exploratory warning; cutoff was not prespecified
113462462,5,80,F,Hernia,0,10,True,True,exploratory warning; cutoff was not prespecified
113462462,5,85,F,Atelectasis,0,10,True,True,exploratory warning; cutoff was not prespecified
113462462,5,85,F,Consolidation,0,10,True,True,exploratory warning; cutoff was not prespecified
113462462,5,85,F,Infiltration,1,10,True,False,exploratory warning; cutoff was not prespecified
113462462,5,85,F,Pneumothorax,0,10,True,True,exploratory warning; cutoff was not prespecified
113462462,5,85,F,Edema,0,10,True,True,exploratory warning; cutoff was not prespecified
113462462,5,85,F,Emphysema,0,10,True,True,exploratory warning; cutoff was not prespecified
113462462,5,85,F,Fibrosis,0,10,True,True,exploratory warning; cutoff was not prespecified
113462462,5,85,F,Effusion,1,10,True,False,exploratory warning; cutoff was not prespecified
113462462,5,85,F,Pneumonia,0,10,True,True,exploratory warning; cutoff was not prespecified
113462462,5,85,F,Pleural_Thickening,0,10,True,True,exploratory warning; cutoff was not prespecified
113462462,5,85,F,Cardiomegaly,2,10,True,False,exploratory warning; cutoff was not prespecified
113462462,5,85,F,Nodule,0,10,True,True,exploratory warning; cutoff was not prespecified
113462462,5,85,F,Mass,0,10,True,True,exploratory warning; cutoff was not prespecified
113462462,5,85,F,Hernia,1,10,True,False,exploratory warning; cutoff was not prespecified
113462462,5,90,F,Atelectasis,0,10,True,True,exploratory warning; cutoff was not prespecified
113462462,5,90,F,Consolidation,0,10,True,True,exploratory warning; cutoff was not prespecified
113462462,5,90,F,Infiltration,0,10,True,True,exploratory warning; cutoff was not prespecified
113462462,5,90,F,Pneumothorax,0,10,True,True,exploratory warning; cutoff was not prespecified
113462462,5,90,F,Edema,0,10,True,True,exploratory warning; cutoff was not prespecified
113462462,5,90,F,Emphysema,0,10,True,True,exploratory warning; cutoff was not prespecified
113462462,5,90,F,Fibrosis,0,10,True,True,exploratory warning; cutoff was not prespecified
113462462,5,90,F,Effusion,0,10,True,True,exploratory warning; cutoff was not prespecified
113462462,5,90,F,Pneumonia,0,10,True,True,exploratory warning; cutoff was not prespecified
113462462,5,90,F,Pleural_Thickening,0,10,True,True,exploratory warning; cutoff was not prespecified
113462462,5,90,F,Cardiomegaly,0,10,True,True,exploratory warning; cutoff was not prespecified
113462462,5,90,F,Nodule,0,10,True,True,exploratory warning; cutoff was not prespecified
113462462,5,90,F,Mass,0,10,True,True,exploratory warning; cutoff was not prespecified
113462462,5,90,F,Hernia,0,10,True,True,exploratory warning; cutoff was not prespecified
113462462,5,0,M,Atelectasis,0,10,True,True,exploratory warning; cutoff was not prespecified
113462462,5,0,M,Consolidation,1,10,True,False,exploratory warning; cutoff was not prespecified
113462462,5,0,M,Infiltration,4,10,True,False,exploratory warning; cutoff was not prespecified
113462462,5,0,M,Pneumothorax,0,10,True,True,exploratory warning; cutoff was not prespecified
113462462,5,0,M,Edema,0,10,True,True,exploratory warning; cutoff was not prespecified
113462462,5,0,M,Emphysema,0,10,True,True,exploratory warning; cutoff was not prespecified
113462462,5,0,M,Fibrosis,0,10,True,True,exploratory warning; cutoff was not prespecified
113462462,5,0,M,Effusion,0,10,True,True,exploratory warning; cutoff was not prespecified
113462462,5,0,M,Pneumonia,0,10,True,True,exploratory warning; cutoff was not prespecified
113462462,5,0,M,Pleural_Thickening,0,10,True,True,exploratory warning; cutoff was not prespecified
113462462,5,0,M,Cardiomegaly,0,10,True,True,exploratory warning; cutoff was not prespecified
113462462,5,0,M,Nodule,0,10,True,True,exploratory warning; cutoff was not prespecified
113462462,5,0,M,Mass,1,10,True,False,exploratory warning; cutoff was not prespecified
113462462,5,0,M,Hernia,0,10,True,True,exploratory warning; cutoff was not prespecified
113462462,5,5,M,Atelectasis,3,10,True,False,exploratory warning; cutoff was not prespecified
113462462,5,5,M,Consolidation,1,10,True,False,exploratory warning; cutoff was not prespecified
113462462,5,5,M,Infiltration,5,10,True,False,exploratory warning; cutoff was not prespecified
113462462,5,5,M,Pneumothorax,0,10,True,True,exploratory warning; cutoff was not prespecified
113462462,5,5,M,Edema,1,10,True,False,exploratory warning; cutoff was not prespecified
113462462,5,5,M,Emphysema,0,10,True,True,exploratory warning; cutoff was not prespecified
113462462,5,5,M,Fibrosis,0,10,True,True,exploratory warning; cutoff was not prespecified
113462462,5,5,M,Effusion,0,10,True,True,exploratory warning; cutoff was not prespecified
113462462,5,5,M,Pneumonia,2,10,True,False,exploratory warning; cutoff was not prespecified
113462462,5,5,M,Pleural_Thickening,0,10,True,True,exploratory warning; cutoff was not prespecified
113462462,5,5,M,Cardiomegaly,1,10,True,False,exploratory warning; cutoff was not prespecified
113462462,5,5,M,Nodule,0,10,True,True,exploratory warning; cutoff was not prespecified
113462462,5,5,M,Mass,0,10,True,True,exploratory warning; cutoff was not prespecified
113462462,5,5,M,Hernia,0,10,True,True,exploratory warning; cutoff was not prespecified
113462462,5,10,M,Atelectasis,1,10,True,False,exploratory warning; cutoff was not prespecified
113462462,5,10,M,Consolidation,2,10,True,False,exploratory warning; cutoff was not prespecified
113462462,5,10,M,Infiltration,7,10,True,False,exploratory warning; cutoff was not prespecified
113462462,5,10,M,Pneumothorax,1,10,True,False,exploratory warning; cutoff was not prespecified
113462462,5,10,M,Edema,0,10,True,True,exploratory warning; cutoff was not prespecified
113462462,5,10,M,Emphysema,0,10,True,True,exploratory warning; cutoff was not prespecified
113462462,5,10,M,Fibrosis,0,10,True,True,exploratory warning; cutoff was not prespecified
113462462,5,10,M,Effusion,2,10,True,False,exploratory warning; cutoff was not prespecified
113462462,5,10,M,Pneumonia,0,10,True,True,exploratory warning; cutoff was not prespecified
113462462,5,10,M,Pleural_Thickening,1,10,True,False,exploratory warning; cutoff was not prespecified
113462462,5,10,M,Cardiomegaly,2,10,True,False,exploratory warning; cutoff was not prespecified
113462462,5,10,M,Nodule,0,10,True,True,exploratory warning; cutoff was not prespecified
113462462,5,10,M,Mass,2,10,True,False,exploratory warning; cutoff was not prespecified
113462462,5,10,M,Hernia,0,10,True,True,exploratory warning; cutoff was not prespecified
113462462,5,15,M,Atelectasis,3,10,True,False,exploratory warning; cutoff was not prespecified
113462462,5,15,M,Consolidation,0,10,True,True,exploratory warning; cutoff was not prespecified
113462462,5,15,M,Infiltration,15,10,False,False,exploratory warning; cutoff was not prespecified
113462462,5,15,M,Pneumothorax,0,10,True,True,exploratory warning; cutoff was not prespecified
113462462,5,15,M,Edema,0,10,True,True,exploratory warning; cutoff was not prespecified
113462462,5,15,M,Emphysema,0,10,True,True,exploratory warning; cutoff was not prespecified
113462462,5,15,M,Fibrosis,1,10,True,False,exploratory warning; cutoff was not prespecified
113462462,5,15,M,Effusion,3,10,True,False,exploratory warning; cutoff was not prespecified
113462462,5,15,M,Pneumonia,0,10,True,True,exploratory warning; cutoff was not prespecified
113462462,5,15,M,Pleural_Thickening,3,10,True,False,exploratory warning; cutoff was not prespecified
113462462,5,15,M,Cardiomegaly,2,10,True,False,exploratory warning; cutoff was not prespecified
113462462,5,15,M,Nodule,3,10,True,False,exploratory warning; cutoff was not prespecified
113462462,5,15,M,Mass,4,10,True,False,exploratory warning; cutoff was not prespecified
113462462,5,15,M,Hernia,0,10,True,True,exploratory warning; cutoff was not prespecified
113462462,5,20,M,Atelectasis,9,10,True,False,exploratory warning; cutoff was not prespecified
113462462,5,20,M,Consolidation,1,10,True,False,exploratory warning; cutoff was not prespecified
113462462,5,20,M,Infiltration,17,10,False,False,exploratory warning; cutoff was not prespecified
113462462,5,20,M,Pneumothorax,3,10,True,False,exploratory warning; cutoff was not prespecified
113462462,5,20,M,Edema,0,10,True,True,exploratory warning; cutoff was not prespecified
113462462,5,20,M,Emphysema,1,10,True,False,exploratory warning; cutoff was not prespecified
113462462,5,20,M,Fibrosis,1,10,True,False,exploratory warning; cutoff was not prespecified
113462462,5,20,M,Effusion,4,10,True,False,exploratory warning; cutoff was not prespecified
113462462,5,20,M,Pneumonia,2,10,True,False,exploratory warning; cutoff was not prespecified
113462462,5,20,M,Pleural_Thickening,4,10,True,False,exploratory warning; cutoff was not prespecified
113462462,5,20,M,Cardiomegaly,3,10,True,False,exploratory warning; cutoff was not prespecified
113462462,5,20,M,Nodule,3,10,True,False,exploratory warning; cutoff was not prespecified
113462462,5,20,M,Mass,4,10,True,False,exploratory warning; cutoff was not prespecified
113462462,5,20,M,Hernia,0,10,True,True,exploratory warning; cutoff was not prespecified
113462462,5,25,M,Atelectasis,3,10,True,False,exploratory warning; cutoff was not prespecified
113462462,5,25,M,Consolidation,1,10,True,False,exploratory warning; cutoff was not prespecified
113462462,5,25,M,Infiltration,25,10,False,False,exploratory warning; cutoff was not prespecified
113462462,5,25,M,Pneumothorax,1,10,True,False,exploratory warning; cutoff was not prespecified
113462462,5,25,M,Edema,0,10,True,True,exploratory warning; cutoff was not prespecified
113462462,5,25,M,Emphysema,0,10,True,True,exploratory warning; cutoff was not prespecified
113462462,5,25,M,Fibrosis,0,10,True,True,exploratory warning; cutoff was not prespecified
113462462,5,25,M,Effusion,5,10,True,False,exploratory warning; cutoff was not prespecified
113462462,5,25,M,Pneumonia,2,10,True,False,exploratory warning; cutoff was not prespecified
113462462,5,25,M,Pleural_Thickening,1,10,True,False,exploratory warning; cutoff was not prespecified
113462462,5,25,M,Cardiomegaly,5,10,True,False,exploratory warning; cutoff was not prespecified
113462462,5,25,M,Nodule,7,10,True,False,exploratory warning; cutoff was not prespecified
113462462,5,25,M,Mass,5,10,True,False,exploratory warning; cutoff was not prespecified
113462462,5,25,M,Hernia,0,10,True,True,exploratory warning; cutoff was not prespecified
113462462,5,30,M,Atelectasis,6,10,True,False,exploratory warning; cutoff was not prespecified
113462462,5,30,M,Consolidation,4,10,True,False,exploratory warning; cutoff was not prespecified
113462462,5,30,M,Infiltration,35,10,False,False,exploratory warning; cutoff was not prespecified
113462462,5,30,M,Pneumothorax,1,10,True,False,exploratory warning; cutoff was not prespecified
113462462,5,30,M,Edema,1,10,True,False,exploratory warning; cutoff was not prespecified
113462462,5,30,M,Emphysema,0,10,True,True,exploratory warning; cutoff was not prespecified
113462462,5,30,M,Fibrosis,2,10,True,False,exploratory warning; cutoff was not prespecified
113462462,5,30,M,Effusion,8,10,True,False,exploratory warning; cutoff was not prespecified
113462462,5,30,M,Pneumonia,1,10,True,False,exploratory warning; cutoff was not prespecified
113462462,5,30,M,Pleural_Thickening,8,10,True,False,exploratory warning; cutoff was not prespecified
113462462,5,30,M,Cardiomegaly,1,10,True,False,exploratory warning; cutoff was not prespecified
113462462,5,30,M,Nodule,10,10,False,False,exploratory warning; cutoff was not prespecified
113462462,5,30,M,Mass,6,10,True,False,exploratory warning; cutoff was not prespecified
113462462,5,30,M,Hernia,0,10,True,True,exploratory warning; cutoff was not prespecified
113462462,5,35,M,Atelectasis,7,10,True,False,exploratory warning; cutoff was not prespecified
113462462,5,35,M,Consolidation,3,10,True,False,exploratory warning; cutoff was not prespecified
113462462,5,35,M,Infiltration,27,10,False,False,exploratory warning; cutoff was not prespecified
113462462,5,35,M,Pneumothorax,3,10,True,False,exploratory warning; cutoff was not prespecified
113462462,5,35,M,Edema,0,10,True,True,exploratory warning; cutoff was not prespecified
113462462,5,35,M,Emphysema,0,10,True,True,exploratory warning; cutoff was not prespecified
113462462,5,35,M,Fibrosis,4,10,True,False,exploratory warning; cutoff was not prespecified
113462462,5,35,M,Effusion,6,10,True,False,exploratory warning; cutoff was not prespecified
113462462,5,35,M,Pneumonia,2,10,True,False,exploratory warning; cutoff was not prespecified
113462462,5,35,M,Pleural_Thickening,5,10,True,False,exploratory warning; cutoff was not prespecified
113462462,5,35,M,Cardiomegaly,8,10,True,False,exploratory warning; cutoff was not prespecified
113462462,5,35,M,Nodule,9,10,True,False,exploratory warning; cutoff was not prespecified
113462462,5,35,M,Mass,13,10,False,False,exploratory warning; cutoff was not prespecified
113462462,5,35,M,Hernia,1,10,True,False,exploratory warning; cutoff was not prespecified
113462462,5,40,M,Atelectasis,9,10,True,False,exploratory warning; cutoff was not prespecified
113462462,5,40,M,Consolidation,3,10,True,False,exploratory warning; cutoff was not prespecified
113462462,5,40,M,Infiltration,33,10,False,False,exploratory warning; cutoff was not prespecified
113462462,5,40,M,Pneumothorax,2,10,True,False,exploratory warning; cutoff was not prespecified
113462462,5,40,M,Edema,1,10,True,False,exploratory warning; cutoff was not prespecified
113462462,5,40,M,Emphysema,2,10,True,False,exploratory warning; cutoff was not prespecified
113462462,5,40,M,Fibrosis,5,10,True,False,exploratory warning; cutoff was not prespecified
113462462,5,40,M,Effusion,7,10,True,False,exploratory warning; cutoff was not prespecified
113462462,5,40,M,Pneumonia,1,10,True,False,exploratory warning; cutoff was not prespecified
113462462,5,40,M,Pleural_Thickening,6,10,True,False,exploratory warning; cutoff was not prespecified
113462462,5,40,M,Cardiomegaly,4,10,True,False,exploratory warning; cutoff was not prespecified
113462462,5,40,M,Nodule,19,10,False,False,exploratory warning; cutoff was not prespecified
113462462,5,40,M,Mass,9,10,True,False,exploratory warning; cutoff was not prespecified
113462462,5,40,M,Hernia,0,10,True,True,exploratory warning; cutoff was not prespecified
113462462,5,45,M,Atelectasis,32,10,False,False,exploratory warning; cutoff was not prespecified
113462462,5,45,M,Consolidation,4,10,True,False,exploratory warning; cutoff was not prespecified
113462462,5,45,M,Infiltration,34,10,False,False,exploratory warning; cutoff was not prespecified
113462462,5,45,M,Pneumothorax,1,10,True,False,exploratory warning; cutoff was not prespecified
113462462,5,45,M,Edema,1,10,True,False,exploratory warning; cutoff was not prespecified
113462462,5,45,M,Emphysema,1,10,True,False,exploratory warning; cutoff was not prespecified
113462462,5,45,M,Fibrosis,8,10,True,False,exploratory warning; cutoff was not prespecified
113462462,5,45,M,Effusion,13,10,False,False,exploratory warning; cutoff was not prespecified
113462462,5,45,M,Pneumonia,2,10,True,False,exploratory warning; cutoff was not prespecified
113462462,5,45,M,Pleural_Thickening,3,10,True,False,exploratory warning; cutoff was not prespecified
113462462,5,45,M,Cardiomegaly,5,10,True,False,exploratory warning; cutoff was not prespecified
113462462,5,45,M,Nodule,18,10,False,False,exploratory warning; cutoff was not prespecified
113462462,5,45,M,Mass,22,10,False,False,exploratory warning; cutoff was not prespecified
113462462,5,45,M,Hernia,1,10,True,False,exploratory warning; cutoff was not prespecified
113462462,5,50,M,Atelectasis,28,10,False,False,exploratory warning; cutoff was not prespecified
113462462,5,50,M,Consolidation,5,10,True,False,exploratory warning; cutoff was not prespecified
113462462,5,50,M,Infiltration,53,10,False,False,exploratory warning; cutoff was not prespecified
113462462,5,50,M,Pneumothorax,5,10,True,False,exploratory warning; cutoff was not prespecified
113462462,5,50,M,Edema,2,10,True,False,exploratory warning; cutoff was not prespecified
113462462,5,50,M,Emphysema,4,10,True,False,exploratory warning; cutoff was not prespecified
113462462,5,50,M,Fibrosis,11,10,False,False,exploratory warning; cutoff was not prespecified
113462462,5,50,M,Effusion,15,10,False,False,exploratory warning; cutoff was not prespecified
113462462,5,50,M,Pneumonia,3,10,True,False,exploratory warning; cutoff was not prespecified
113462462,5,50,M,Pleural_Thickening,8,10,True,False,exploratory warning; cutoff was not prespecified
113462462,5,50,M,Cardiomegaly,9,10,True,False,exploratory warning; cutoff was not prespecified
113462462,5,50,M,Nodule,23,10,False,False,exploratory warning; cutoff was not prespecified
113462462,5,50,M,Mass,15,10,False,False,exploratory warning; cutoff was not prespecified
113462462,5,50,M,Hernia,1,10,True,False,exploratory warning; cutoff was not prespecified
113462462,5,55,M,Atelectasis,23,10,False,False,exploratory warning; cutoff was not prespecified
113462462,5,55,M,Consolidation,3,10,True,False,exploratory warning; cutoff was not prespecified
113462462,5,55,M,Infiltration,47,10,False,False,exploratory warning; cutoff was not prespecified
113462462,5,55,M,Pneumothorax,2,10,True,False,exploratory warning; cutoff was not prespecified
113462462,5,55,M,Edema,0,10,True,True,exploratory warning; cutoff was not prespecified
113462462,5,55,M,Emphysema,7,10,True,False,exploratory warning; cutoff was not prespecified
113462462,5,55,M,Fibrosis,8,10,True,False,exploratory warning; cutoff was not prespecified
113462462,5,55,M,Effusion,15,10,False,False,exploratory warning; cutoff was not prespecified
113462462,5,55,M,Pneumonia,0,10,True,True,exploratory warning; cutoff was not prespecified
113462462,5,55,M,Pleural_Thickening,10,10,False,False,exploratory warning; cutoff was not prespecified
113462462,5,55,M,Cardiomegaly,8,10,True,False,exploratory warning; cutoff was not prespecified
113462462,5,55,M,Nodule,30,10,False,False,exploratory warning; cutoff was not prespecified
113462462,5,55,M,Mass,14,10,False,False,exploratory warning; cutoff was not prespecified
113462462,5,55,M,Hernia,1,10,True,False,exploratory warning; cutoff was not prespecified
113462462,5,60,M,Atelectasis,28,10,False,False,exploratory warning; cutoff was not prespecified
113462462,5,60,M,Consolidation,2,10,True,False,exploratory warning; cutoff was not prespecified
113462462,5,60,M,Infiltration,42,10,False,False,exploratory warning; cutoff was not prespecified
113462462,5,60,M,Pneumothorax,2,10,True,False,exploratory warning; cutoff was not prespecified
113462462,5,60,M,Edema,2,10,True,False,exploratory warning; cutoff was not prespecified
113462462,5,60,M,Emphysema,10,10,False,False,exploratory warning; cutoff was not prespecified
113462462,5,60,M,Fibrosis,7,10,True,False,exploratory warning; cutoff was not prespecified
113462462,5,60,M,Effusion,21,10,False,False,exploratory warning; cutoff was not prespecified
113462462,5,60,M,Pneumonia,1,10,True,False,exploratory warning; cutoff was not prespecified
113462462,5,60,M,Pleural_Thickening,16,10,False,False,exploratory warning; cutoff was not prespecified
113462462,5,60,M,Cardiomegaly,9,10,True,False,exploratory warning; cutoff was not prespecified
113462462,5,60,M,Nodule,32,10,False,False,exploratory warning; cutoff was not prespecified
113462462,5,60,M,Mass,24,10,False,False,exploratory warning; cutoff was not prespecified
113462462,5,60,M,Hernia,3,10,True,False,exploratory warning; cutoff was not prespecified
113462462,5,65,M,Atelectasis,26,10,False,False,exploratory warning; cutoff was not prespecified
113462462,5,65,M,Consolidation,5,10,True,False,exploratory warning; cutoff was not prespecified
113462462,5,65,M,Infiltration,33,10,False,False,exploratory warning; cutoff was not prespecified
113462462,5,65,M,Pneumothorax,2,10,True,False,exploratory warning; cutoff was not prespecified
113462462,5,65,M,Edema,0,10,True,True,exploratory warning; cutoff was not prespecified
113462462,5,65,M,Emphysema,5,10,True,False,exploratory warning; cutoff was not prespecified
113462462,5,65,M,Fibrosis,5,10,True,False,exploratory warning; cutoff was not prespecified
113462462,5,65,M,Effusion,13,10,False,False,exploratory warning; cutoff was not prespecified
113462462,5,65,M,Pneumonia,2,10,True,False,exploratory warning; cutoff was not prespecified
113462462,5,65,M,Pleural_Thickening,10,10,False,False,exploratory warning; cutoff was not prespecified
113462462,5,65,M,Cardiomegaly,3,10,True,False,exploratory warning; cutoff was not prespecified
113462462,5,65,M,Nodule,24,10,False,False,exploratory warning; cutoff was not prespecified
113462462,5,65,M,Mass,13,10,False,False,exploratory warning; cutoff was not prespecified
113462462,5,65,M,Hernia,3,10,True,False,exploratory warning; cutoff was not prespecified
113462462,5,70,M,Atelectasis,14,10,False,False,exploratory warning; cutoff was not prespecified
113462462,5,70,M,Consolidation,2,10,True,False,exploratory warning; cutoff was not prespecified
113462462,5,70,M,Infiltration,19,10,False,False,exploratory warning; cutoff was not prespecified
113462462,5,70,M,Pneumothorax,3,10,True,False,exploratory warning; cutoff was not prespecified
113462462,5,70,M,Edema,0,10,True,True,exploratory warning; cutoff was not prespecified
113462462,5,70,M,Emphysema,5,10,True,False,exploratory warning; cutoff was not prespecified
113462462,5,70,M,Fibrosis,6,10,True,False,exploratory warning; cutoff was not prespecified
113462462,5,70,M,Effusion,13,10,False,False,exploratory warning; cutoff was not prespecified
113462462,5,70,M,Pneumonia,2,10,True,False,exploratory warning; cutoff was not prespecified
113462462,5,70,M,Pleural_Thickening,5,10,True,False,exploratory warning; cutoff was not prespecified
113462462,5,70,M,Cardiomegaly,4,10,True,False,exploratory warning; cutoff was not prespecified
113462462,5,70,M,Nodule,10,10,False,False,exploratory warning; cutoff was not prespecified
113462462,5,70,M,Mass,13,10,False,False,exploratory warning; cutoff was not prespecified
113462462,5,70,M,Hernia,1,10,True,False,exploratory warning; cutoff was not prespecified
113462462,5,75,M,Atelectasis,4,10,True,False,exploratory warning; cutoff was not prespecified
113462462,5,75,M,Consolidation,1,10,True,False,exploratory warning; cutoff was not prespecified
113462462,5,75,M,Infiltration,10,10,False,False,exploratory warning; cutoff was not prespecified
113462462,5,75,M,Pneumothorax,1,10,True,False,exploratory warning; cutoff was not prespecified
113462462,5,75,M,Edema,0,10,True,True,exploratory warning; cutoff was not prespecified
113462462,5,75,M,Emphysema,3,10,True,False,exploratory warning; cutoff was not prespecified
113462462,5,75,M,Fibrosis,4,10,True,False,exploratory warning; cutoff was not prespecified
113462462,5,75,M,Effusion,5,10,True,False,exploratory warning; cutoff was not prespecified
113462462,5,75,M,Pneumonia,0,10,True,True,exploratory warning; cutoff was not prespecified
113462462,5,75,M,Pleural_Thickening,6,10,True,False,exploratory warning; cutoff was not prespecified
113462462,5,75,M,Cardiomegaly,5,10,True,False,exploratory warning; cutoff was not prespecified
113462462,5,75,M,Nodule,7,10,True,False,exploratory warning; cutoff was not prespecified
113462462,5,75,M,Mass,4,10,True,False,exploratory warning; cutoff was not prespecified
113462462,5,75,M,Hernia,1,10,True,False,exploratory warning; cutoff was not prespecified
113462462,5,80,M,Atelectasis,1,10,True,False,exploratory warning; cutoff was not prespecified
113462462,5,80,M,Consolidation,1,10,True,False,exploratory warning; cutoff was not prespecified
113462462,5,80,M,Infiltration,7,10,True,False,exploratory warning; cutoff was not prespecified
113462462,5,80,M,Pneumothorax,2,10,True,False,exploratory warning; cutoff was not prespecified
113462462,5,80,M,Edema,1,10,True,False,exploratory warning; cutoff was not prespecified
113462462,5,80,M,Emphysema,2,10,True,False,exploratory warning; cutoff was not prespecified
113462462,5,80,M,Fibrosis,3,10,True,False,exploratory warning; cutoff was not prespecified
113462462,5,80,M,Effusion,1,10,True,False,exploratory warning; cutoff was not prespecified
113462462,5,80,M,Pneumonia,0,10,True,True,exploratory warning; cutoff was not prespecified
113462462,5,80,M,Pleural_Thickening,2,10,True,False,exploratory warning; cutoff was not prespecified
113462462,5,80,M,Cardiomegaly,1,10,True,False,exploratory warning; cutoff was not prespecified
113462462,5,80,M,Nodule,5,10,True,False,exploratory warning; cutoff was not prespecified
113462462,5,80,M,Mass,6,10,True,False,exploratory warning; cutoff was not prespecified
113462462,5,80,M,Hernia,1,10,True,False,exploratory warning; cutoff was not prespecified
113462462,5,85,M,Atelectasis,1,10,True,False,exploratory warning; cutoff was not prespecified
113462462,5,85,M,Consolidation,0,10,True,True,exploratory warning; cutoff was not prespecified
113462462,5,85,M,Infiltration,1,10,True,False,exploratory warning; cutoff was not prespecified
113462462,5,85,M,Pneumothorax,0,10,True,True,exploratory warning; cutoff was not prespecified
113462462,5,85,M,Edema,0,10,True,True,exploratory warning; cutoff was not prespecified
113462462,5,85,M,Emphysema,0,10,True,True,exploratory warning; cutoff was not prespecified
113462462,5,85,M,Fibrosis,0,10,True,True,exploratory warning; cutoff was not prespecified
113462462,5,85,M,Effusion,0,10,True,True,exploratory warning; cutoff was not prespecified
113462462,5,85,M,Pneumonia,0,10,True,True,exploratory warning; cutoff was not prespecified
113462462,5,85,M,Pleural_Thickening,0,10,True,True,exploratory warning; cutoff was not prespecified
113462462,5,85,M,Cardiomegaly,1,10,True,False,exploratory warning; cutoff was not prespecified
113462462,5,85,M,Nodule,1,10,True,False,exploratory warning; cutoff was not prespecified
113462462,5,85,M,Mass,0,10,True,True,exploratory warning; cutoff was not prespecified
113462462,5,85,M,Hernia,0,10,True,True,exploratory warning; cutoff was not prespecified
113462462,5,90,M,Atelectasis,0,10,True,True,exploratory warning; cutoff was not prespecified
113462462,5,90,M,Consolidation,0,10,True,True,exploratory warning; cutoff was not prespecified
113462462,5,90,M,Infiltration,0,10,True,True,exploratory warning; cutoff was not prespecified
113462462,5,90,M,Pneumothorax,0,10,True,True,exploratory warning; cutoff was not prespecified
113462462,5,90,M,Edema,0,10,True,True,exploratory warning; cutoff was not prespecified
113462462,5,90,M,Emphysema,0,10,True,True,exploratory warning; cutoff was not prespecified
113462462,5,90,M,Fibrosis,0,10,True,True,exploratory warning; cutoff was not prespecified
113462462,5,90,M,Effusion,0,10,True,True,exploratory warning; cutoff was not prespecified
113462462,5,90,M,Pneumonia,0,10,True,True,exploratory warning; cutoff was not prespecified
113462462,5,90,M,Pleural_Thickening,0,10,True,True,exploratory warning; cutoff was not prespecified
113462462,5,90,M,Cardiomegaly,0,10,True,True,exploratory warning; cutoff was not prespecified
113462462,5,90,M,Nodule,0,10,True,True,exploratory warning; cutoff was not prespecified
113462462,5,90,M,Mass,0,10,True,True,exploratory warning; cutoff was not prespecified
113462462,5,90,M,Hernia,0,10,True,True,exploratory warning; cutoff was not prespecified
113462462,10,0,F,Atelectasis,1,10,True,False,exploratory warning; cutoff was not prespecified
113462462,10,0,F,Consolidation,0,10,True,True,exploratory warning; cutoff was not prespecified
113462462,10,0,F,Infiltration,8,10,True,False,exploratory warning; cutoff was not prespecified
113462462,10,0,F,Pneumothorax,0,10,True,True,exploratory warning; cutoff was not prespecified
113462462,10,0,F,Edema,0,10,True,True,exploratory warning; cutoff was not prespecified
113462462,10,0,F,Emphysema,0,10,True,True,exploratory warning; cutoff was not prespecified
113462462,10,0,F,Fibrosis,0,10,True,True,exploratory warning; cutoff was not prespecified
113462462,10,0,F,Effusion,1,10,True,False,exploratory warning; cutoff was not prespecified
113462462,10,0,F,Pneumonia,1,10,True,False,exploratory warning; cutoff was not prespecified
113462462,10,0,F,Pleural_Thickening,0,10,True,True,exploratory warning; cutoff was not prespecified
113462462,10,0,F,Cardiomegaly,2,10,True,False,exploratory warning; cutoff was not prespecified
113462462,10,0,F,Nodule,0,10,True,True,exploratory warning; cutoff was not prespecified
113462462,10,0,F,Mass,0,10,True,True,exploratory warning; cutoff was not prespecified
113462462,10,0,F,Hernia,0,10,True,True,exploratory warning; cutoff was not prespecified
113462462,10,10,F,Atelectasis,2,10,True,False,exploratory warning; cutoff was not prespecified
113462462,10,10,F,Consolidation,0,10,True,True,exploratory warning; cutoff was not prespecified
113462462,10,10,F,Infiltration,14,10,False,False,exploratory warning; cutoff was not prespecified
113462462,10,10,F,Pneumothorax,1,10,True,False,exploratory warning; cutoff was not prespecified
113462462,10,10,F,Edema,1,10,True,False,exploratory warning; cutoff was not prespecified
113462462,10,10,F,Emphysema,1,10,True,False,exploratory warning; cutoff was not prespecified
113462462,10,10,F,Fibrosis,0,10,True,True,exploratory warning; cutoff was not prespecified
113462462,10,10,F,Effusion,3,10,True,False,exploratory warning; cutoff was not prespecified
113462462,10,10,F,Pneumonia,2,10,True,False,exploratory warning; cutoff was not prespecified
113462462,10,10,F,Pleural_Thickening,2,10,True,False,exploratory warning; cutoff was not prespecified
113462462,10,10,F,Cardiomegaly,1,10,True,False,exploratory warning; cutoff was not prespecified
113462462,10,10,F,Nodule,3,10,True,False,exploratory warning; cutoff was not prespecified
113462462,10,10,F,Mass,3,10,True,False,exploratory warning; cutoff was not prespecified
113462462,10,10,F,Hernia,0,10,True,True,exploratory warning; cutoff was not prespecified
113462462,10,20,F,Atelectasis,4,10,True,False,exploratory warning; cutoff was not prespecified
113462462,10,20,F,Consolidation,4,10,True,False,exploratory warning; cutoff was not prespecified
113462462,10,20,F,Infiltration,39,10,False,False,exploratory warning; cutoff was not prespecified
113462462,10,20,F,Pneumothorax,3,10,True,False,exploratory warning; cutoff was not prespecified
113462462,10,20,F,Edema,0,10,True,True,exploratory warning; cutoff was not prespecified
113462462,10,20,F,Emphysema,0,10,True,True,exploratory warning; cutoff was not prespecified
113462462,10,20,F,Fibrosis,1,10,True,False,exploratory warning; cutoff was not prespecified
113462462,10,20,F,Effusion,9,10,True,False,exploratory warning; cutoff was not prespecified
113462462,10,20,F,Pneumonia,0,10,True,True,exploratory warning; cutoff was not prespecified
113462462,10,20,F,Pleural_Thickening,2,10,True,False,exploratory warning; cutoff was not prespecified
113462462,10,20,F,Cardiomegaly,3,10,True,False,exploratory warning; cutoff was not prespecified
113462462,10,20,F,Nodule,10,10,False,False,exploratory warning; cutoff was not prespecified
113462462,10,20,F,Mass,18,10,False,False,exploratory warning; cutoff was not prespecified
113462462,10,20,F,Hernia,0,10,True,True,exploratory warning; cutoff was not prespecified
113462462,10,30,F,Atelectasis,13,10,False,False,exploratory warning; cutoff was not prespecified
113462462,10,30,F,Consolidation,0,10,True,True,exploratory warning; cutoff was not prespecified
113462462,10,30,F,Infiltration,55,10,False,False,exploratory warning; cutoff was not prespecified
113462462,10,30,F,Pneumothorax,4,10,True,False,exploratory warning; cutoff was not prespecified
113462462,10,30,F,Edema,0,10,True,True,exploratory warning; cutoff was not prespecified
113462462,10,30,F,Emphysema,1,10,True,False,exploratory warning; cutoff was not prespecified
113462462,10,30,F,Fibrosis,6,10,True,False,exploratory warning; cutoff was not prespecified
113462462,10,30,F,Effusion,17,10,False,False,exploratory warning; cutoff was not prespecified
113462462,10,30,F,Pneumonia,4,10,True,False,exploratory warning; cutoff was not prespecified
113462462,10,30,F,Pleural_Thickening,4,10,True,False,exploratory warning; cutoff was not prespecified
113462462,10,30,F,Cardiomegaly,14,10,False,False,exploratory warning; cutoff was not prespecified
113462462,10,30,F,Nodule,11,10,False,False,exploratory warning; cutoff was not prespecified
113462462,10,30,F,Mass,10,10,False,False,exploratory warning; cutoff was not prespecified
113462462,10,30,F,Hernia,0,10,True,True,exploratory warning; cutoff was not prespecified
113462462,10,40,F,Atelectasis,19,10,False,False,exploratory warning; cutoff was not prespecified
113462462,10,40,F,Consolidation,12,10,False,False,exploratory warning; cutoff was not prespecified
113462462,10,40,F,Infiltration,74,10,False,False,exploratory warning; cutoff was not prespecified
113462462,10,40,F,Pneumothorax,4,10,True,False,exploratory warning; cutoff was not prespecified
113462462,10,40,F,Edema,0,10,True,True,exploratory warning; cutoff was not prespecified
113462462,10,40,F,Emphysema,0,10,True,True,exploratory warning; cutoff was not prespecified
113462462,10,40,F,Fibrosis,13,10,False,False,exploratory warning; cutoff was not prespecified
113462462,10,40,F,Effusion,24,10,False,False,exploratory warning; cutoff was not prespecified
113462462,10,40,F,Pneumonia,1,10,True,False,exploratory warning; cutoff was not prespecified
113462462,10,40,F,Pleural_Thickening,17,10,False,False,exploratory warning; cutoff was not prespecified
113462462,10,40,F,Cardiomegaly,18,10,False,False,exploratory warning; cutoff was not prespecified
113462462,10,40,F,Nodule,31,10,False,False,exploratory warning; cutoff was not prespecified
113462462,10,40,F,Mass,21,10,False,False,exploratory warning; cutoff was not prespecified
113462462,10,40,F,Hernia,2,10,True,False,exploratory warning; cutoff was not prespecified
113462462,10,50,F,Atelectasis,44,10,False,False,exploratory warning; cutoff was not prespecified
113462462,10,50,F,Consolidation,11,10,False,False,exploratory warning; cutoff was not prespecified
113462462,10,50,F,Infiltration,68,10,False,False,exploratory warning; cutoff was not prespecified
113462462,10,50,F,Pneumothorax,5,10,True,False,exploratory warning; cutoff was not prespecified
113462462,10,50,F,Edema,2,10,True,False,exploratory warning; cutoff was not prespecified
113462462,10,50,F,Emphysema,3,10,True,False,exploratory warning; cutoff was not prespecified
113462462,10,50,F,Fibrosis,15,10,False,False,exploratory warning; cutoff was not prespecified
113462462,10,50,F,Effusion,34,10,False,False,exploratory warning; cutoff was not prespecified
113462462,10,50,F,Pneumonia,5,10,True,False,exploratory warning; cutoff was not prespecified
113462462,10,50,F,Pleural_Thickening,19,10,False,False,exploratory warning; cutoff was not prespecified
113462462,10,50,F,Cardiomegaly,19,10,False,False,exploratory warning; cutoff was not prespecified
113462462,10,50,F,Nodule,45,10,False,False,exploratory warning; cutoff was not prespecified
113462462,10,50,F,Mass,28,10,False,False,exploratory warning; cutoff was not prespecified
113462462,10,50,F,Hernia,3,10,True,False,exploratory warning; cutoff was not prespecified
113462462,10,60,F,Atelectasis,30,10,False,False,exploratory warning; cutoff was not prespecified
113462462,10,60,F,Consolidation,3,10,True,False,exploratory warning; cutoff was not prespecified
113462462,10,60,F,Infiltration,45,10,False,False,exploratory warning; cutoff was not prespecified
113462462,10,60,F,Pneumothorax,9,10,True,False,exploratory warning; cutoff was not prespecified
113462462,10,60,F,Edema,0,10,True,True,exploratory warning; cutoff was not prespecified
113462462,10,60,F,Emphysema,10,10,False,False,exploratory warning; cutoff was not prespecified
113462462,10,60,F,Fibrosis,8,10,True,False,exploratory warning; cutoff was not prespecified
113462462,10,60,F,Effusion,19,10,False,False,exploratory warning; cutoff was not prespecified
113462462,10,60,F,Pneumonia,3,10,True,False,exploratory warning; cutoff was not prespecified
113462462,10,60,F,Pleural_Thickening,14,10,False,False,exploratory warning; cutoff was not prespecified
113462462,10,60,F,Cardiomegaly,18,10,False,False,exploratory warning; cutoff was not prespecified
113462462,10,60,F,Nodule,34,10,False,False,exploratory warning; cutoff was not prespecified
113462462,10,60,F,Mass,25,10,False,False,exploratory warning; cutoff was not prespecified
113462462,10,60,F,Hernia,2,10,True,False,exploratory warning; cutoff was not prespecified
113462462,10,70,F,Atelectasis,12,10,False,False,exploratory warning; cutoff was not prespecified
113462462,10,70,F,Consolidation,2,10,True,False,exploratory warning; cutoff was not prespecified
113462462,10,70,F,Infiltration,19,10,False,False,exploratory warning; cutoff was not prespecified
113462462,10,70,F,Pneumothorax,1,10,True,False,exploratory warning; cutoff was not prespecified
113462462,10,70,F,Edema,1,10,True,False,exploratory warning; cutoff was not prespecified
113462462,10,70,F,Emphysema,3,10,True,False,exploratory warning; cutoff was not prespecified
113462462,10,70,F,Fibrosis,5,10,True,False,exploratory warning; cutoff was not prespecified
113462462,10,70,F,Effusion,10,10,False,False,exploratory warning; cutoff was not prespecified
113462462,10,70,F,Pneumonia,0,10,True,True,exploratory warning; cutoff was not prespecified
113462462,10,70,F,Pleural_Thickening,7,10,True,False,exploratory warning; cutoff was not prespecified
113462462,10,70,F,Cardiomegaly,8,10,True,False,exploratory warning; cutoff was not prespecified
113462462,10,70,F,Nodule,9,10,True,False,exploratory warning; cutoff was not prespecified
113462462,10,70,F,Mass,7,10,True,False,exploratory warning; cutoff was not prespecified
113462462,10,70,F,Hernia,3,10,True,False,exploratory warning; cutoff was not prespecified
113462462,10,80,F,Atelectasis,1,10,True,False,exploratory warning; cutoff was not prespecified
113462462,10,80,F,Consolidation,0,10,True,True,exploratory warning; cutoff was not prespecified
113462462,10,80,F,Infiltration,4,10,True,False,exploratory warning; cutoff was not prespecified
113462462,10,80,F,Pneumothorax,0,10,True,True,exploratory warning; cutoff was not prespecified
113462462,10,80,F,Edema,0,10,True,True,exploratory warning; cutoff was not prespecified
113462462,10,80,F,Emphysema,0,10,True,True,exploratory warning; cutoff was not prespecified
113462462,10,80,F,Fibrosis,0,10,True,True,exploratory warning; cutoff was not prespecified
113462462,10,80,F,Effusion,3,10,True,False,exploratory warning; cutoff was not prespecified
113462462,10,80,F,Pneumonia,0,10,True,True,exploratory warning; cutoff was not prespecified
113462462,10,80,F,Pleural_Thickening,2,10,True,False,exploratory warning; cutoff was not prespecified
113462462,10,80,F,Cardiomegaly,5,10,True,False,exploratory warning; cutoff was not prespecified
113462462,10,80,F,Nodule,3,10,True,False,exploratory warning; cutoff was not prespecified
113462462,10,80,F,Mass,0,10,True,True,exploratory warning; cutoff was not prespecified
113462462,10,80,F,Hernia,1,10,True,False,exploratory warning; cutoff was not prespecified
113462462,10,90,F,Atelectasis,0,10,True,True,exploratory warning; cutoff was not prespecified
113462462,10,90,F,Consolidation,0,10,True,True,exploratory warning; cutoff was not prespecified
113462462,10,90,F,Infiltration,0,10,True,True,exploratory warning; cutoff was not prespecified
113462462,10,90,F,Pneumothorax,0,10,True,True,exploratory warning; cutoff was not prespecified
113462462,10,90,F,Edema,0,10,True,True,exploratory warning; cutoff was not prespecified
113462462,10,90,F,Emphysema,0,10,True,True,exploratory warning; cutoff was not prespecified
113462462,10,90,F,Fibrosis,0,10,True,True,exploratory warning; cutoff was not prespecified
113462462,10,90,F,Effusion,0,10,True,True,exploratory warning; cutoff was not prespecified
113462462,10,90,F,Pneumonia,0,10,True,True,exploratory warning; cutoff was not prespecified
113462462,10,90,F,Pleural_Thickening,0,10,True,True,exploratory warning; cutoff was not prespecified
113462462,10,90,F,Cardiomegaly,0,10,True,True,exploratory warning; cutoff was not prespecified
113462462,10,90,F,Nodule,0,10,True,True,exploratory warning; cutoff was not prespecified
113462462,10,90,F,Mass,0,10,True,True,exploratory warning; cutoff was not prespecified
113462462,10,90,F,Hernia,0,10,True,True,exploratory warning; cutoff was not prespecified
113462462,10,0,M,Atelectasis,3,10,True,False,exploratory warning; cutoff was not prespecified
113462462,10,0,M,Consolidation,2,10,True,False,exploratory warning; cutoff was not prespecified
113462462,10,0,M,Infiltration,9,10,True,False,exploratory warning; cutoff was not prespecified
113462462,10,0,M,Pneumothorax,0,10,True,True,exploratory warning; cutoff was not prespecified
113462462,10,0,M,Edema,1,10,True,False,exploratory warning; cutoff was not prespecified
113462462,10,0,M,Emphysema,0,10,True,True,exploratory warning; cutoff was not prespecified
113462462,10,0,M,Fibrosis,0,10,True,True,exploratory warning; cutoff was not prespecified
113462462,10,0,M,Effusion,0,10,True,True,exploratory warning; cutoff was not prespecified
113462462,10,0,M,Pneumonia,2,10,True,False,exploratory warning; cutoff was not prespecified
113462462,10,0,M,Pleural_Thickening,0,10,True,True,exploratory warning; cutoff was not prespecified
113462462,10,0,M,Cardiomegaly,1,10,True,False,exploratory warning; cutoff was not prespecified
113462462,10,0,M,Nodule,0,10,True,True,exploratory warning; cutoff was not prespecified
113462462,10,0,M,Mass,1,10,True,False,exploratory warning; cutoff was not prespecified
113462462,10,0,M,Hernia,0,10,True,True,exploratory warning; cutoff was not prespecified
113462462,10,10,M,Atelectasis,4,10,True,False,exploratory warning; cutoff was not prespecified
113462462,10,10,M,Consolidation,2,10,True,False,exploratory warning; cutoff was not prespecified
113462462,10,10,M,Infiltration,22,10,False,False,exploratory warning; cutoff was not prespecified
113462462,10,10,M,Pneumothorax,1,10,True,False,exploratory warning; cutoff was not prespecified
113462462,10,10,M,Edema,0,10,True,True,exploratory warning; cutoff was not prespecified
113462462,10,10,M,Emphysema,0,10,True,True,exploratory warning; cutoff was not prespecified
113462462,10,10,M,Fibrosis,1,10,True,False,exploratory warning; cutoff was not prespecified
113462462,10,10,M,Effusion,5,10,True,False,exploratory warning; cutoff was not prespecified
113462462,10,10,M,Pneumonia,0,10,True,True,exploratory warning; cutoff was not prespecified
113462462,10,10,M,Pleural_Thickening,4,10,True,False,exploratory warning; cutoff was not prespecified
113462462,10,10,M,Cardiomegaly,4,10,True,False,exploratory warning; cutoff was not prespecified
113462462,10,10,M,Nodule,3,10,True,False,exploratory warning; cutoff was not prespecified
113462462,10,10,M,Mass,6,10,True,False,exploratory warning; cutoff was not prespecified
113462462,10,10,M,Hernia,0,10,True,True,exploratory warning; cutoff was not prespecified
113462462,10,20,M,Atelectasis,12,10,False,False,exploratory warning; cutoff was not prespecified
113462462,10,20,M,Consolidation,2,10,True,False,exploratory warning; cutoff was not prespecified
113462462,10,20,M,Infiltration,42,10,False,False,exploratory warning; cutoff was not prespecified
113462462,10,20,M,Pneumothorax,4,10,True,False,exploratory warning; cutoff was not prespecified
113462462,10,20,M,Edema,0,10,True,True,exploratory warning; cutoff was not prespecified
113462462,10,20,M,Emphysema,1,10,True,False,exploratory warning; cutoff was not prespecified
113462462,10,20,M,Fibrosis,1,10,True,False,exploratory warning; cutoff was not prespecified
113462462,10,20,M,Effusion,9,10,True,False,exploratory warning; cutoff was not prespecified
113462462,10,20,M,Pneumonia,4,10,True,False,exploratory warning; cutoff was not prespecified
113462462,10,20,M,Pleural_Thickening,5,10,True,False,exploratory warning; cutoff was not prespecified
113462462,10,20,M,Cardiomegaly,8,10,True,False,exploratory warning; cutoff was not prespecified
113462462,10,20,M,Nodule,10,10,False,False,exploratory warning; cutoff was not prespecified
113462462,10,20,M,Mass,9,10,True,False,exploratory warning; cutoff was not prespecified
113462462,10,20,M,Hernia,0,10,True,True,exploratory warning; cutoff was not prespecified
113462462,10,30,M,Atelectasis,13,10,False,False,exploratory warning; cutoff was not prespecified
113462462,10,30,M,Consolidation,7,10,True,False,exploratory warning; cutoff was not prespecified
113462462,10,30,M,Infiltration,62,10,False,False,exploratory warning; cutoff was not prespecified
113462462,10,30,M,Pneumothorax,4,10,True,False,exploratory warning; cutoff was not prespecified
113462462,10,30,M,Edema,1,10,True,False,exploratory warning; cutoff was not prespecified
113462462,10,30,M,Emphysema,0,10,True,True,exploratory warning; cutoff was not prespecified
113462462,10,30,M,Fibrosis,6,10,True,False,exploratory warning; cutoff was not prespecified
113462462,10,30,M,Effusion,14,10,False,False,exploratory warning; cutoff was not prespecified
113462462,10,30,M,Pneumonia,3,10,True,False,exploratory warning; cutoff was not prespecified
113462462,10,30,M,Pleural_Thickening,13,10,False,False,exploratory warning; cutoff was not prespecified
113462462,10,30,M,Cardiomegaly,9,10,True,False,exploratory warning; cutoff was not prespecified
113462462,10,30,M,Nodule,19,10,False,False,exploratory warning; cutoff was not prespecified
113462462,10,30,M,Mass,19,10,False,False,exploratory warning; cutoff was not prespecified
113462462,10,30,M,Hernia,1,10,True,False,exploratory warning; cutoff was not prespecified
113462462,10,40,M,Atelectasis,41,10,False,False,exploratory warning; cutoff was not prespecified
113462462,10,40,M,Consolidation,7,10,True,False,exploratory warning; cutoff was not prespecified
113462462,10,40,M,Infiltration,67,10,False,False,exploratory warning; cutoff was not prespecified
113462462,10,40,M,Pneumothorax,3,10,True,False,exploratory warning; cutoff was not prespecified
113462462,10,40,M,Edema,2,10,True,False,exploratory warning; cutoff was not prespecified
113462462,10,40,M,Emphysema,3,10,True,False,exploratory warning; cutoff was not prespecified
113462462,10,40,M,Fibrosis,13,10,False,False,exploratory warning; cutoff was not prespecified
113462462,10,40,M,Effusion,20,10,False,False,exploratory warning; cutoff was not prespecified
113462462,10,40,M,Pneumonia,3,10,True,False,exploratory warning; cutoff was not prespecified
113462462,10,40,M,Pleural_Thickening,9,10,True,False,exploratory warning; cutoff was not prespecified
113462462,10,40,M,Cardiomegaly,9,10,True,False,exploratory warning; cutoff was not prespecified
113462462,10,40,M,Nodule,37,10,False,False,exploratory warning; cutoff was not prespecified
113462462,10,40,M,Mass,31,10,False,False,exploratory warning; cutoff was not prespecified
113462462,10,40,M,Hernia,1,10,True,False,exploratory warning; cutoff was not prespecified
113462462,10,50,M,Atelectasis,51,10,False,False,exploratory warning; cutoff was not prespecified
113462462,10,50,M,Consolidation,8,10,True,False,exploratory warning; cutoff was not prespecified
113462462,10,50,M,Infiltration,100,10,False,False,exploratory warning; cutoff was not prespecified
113462462,10,50,M,Pneumothorax,7,10,True,False,exploratory warning; cutoff was not prespecified
113462462,10,50,M,Edema,2,10,True,False,exploratory warning; cutoff was not prespecified
113462462,10,50,M,Emphysema,11,10,False,False,exploratory warning; cutoff was not prespecified
113462462,10,50,M,Fibrosis,19,10,False,False,exploratory warning; cutoff was not prespecified
113462462,10,50,M,Effusion,30,10,False,False,exploratory warning; cutoff was not prespecified
113462462,10,50,M,Pneumonia,3,10,True,False,exploratory warning; cutoff was not prespecified
113462462,10,50,M,Pleural_Thickening,18,10,False,False,exploratory warning; cutoff was not prespecified
113462462,10,50,M,Cardiomegaly,17,10,False,False,exploratory warning; cutoff was not prespecified
113462462,10,50,M,Nodule,53,10,False,False,exploratory warning; cutoff was not prespecified
113462462,10,50,M,Mass,29,10,False,False,exploratory warning; cutoff was not prespecified
113462462,10,50,M,Hernia,2,10,True,False,exploratory warning; cutoff was not prespecified
113462462,10,60,M,Atelectasis,54,10,False,False,exploratory warning; cutoff was not prespecified
113462462,10,60,M,Consolidation,7,10,True,False,exploratory warning; cutoff was not prespecified
113462462,10,60,M,Infiltration,75,10,False,False,exploratory warning; cutoff was not prespecified
113462462,10,60,M,Pneumothorax,4,10,True,False,exploratory warning; cutoff was not prespecified
113462462,10,60,M,Edema,2,10,True,False,exploratory warning; cutoff was not prespecified
113462462,10,60,M,Emphysema,15,10,False,False,exploratory warning; cutoff was not prespecified
113462462,10,60,M,Fibrosis,12,10,False,False,exploratory warning; cutoff was not prespecified
113462462,10,60,M,Effusion,34,10,False,False,exploratory warning; cutoff was not prespecified
113462462,10,60,M,Pneumonia,3,10,True,False,exploratory warning; cutoff was not prespecified
113462462,10,60,M,Pleural_Thickening,26,10,False,False,exploratory warning; cutoff was not prespecified
113462462,10,60,M,Cardiomegaly,12,10,False,False,exploratory warning; cutoff was not prespecified
113462462,10,60,M,Nodule,56,10,False,False,exploratory warning; cutoff was not prespecified
113462462,10,60,M,Mass,37,10,False,False,exploratory warning; cutoff was not prespecified
113462462,10,60,M,Hernia,6,10,True,False,exploratory warning; cutoff was not prespecified
113462462,10,70,M,Atelectasis,18,10,False,False,exploratory warning; cutoff was not prespecified
113462462,10,70,M,Consolidation,3,10,True,False,exploratory warning; cutoff was not prespecified
113462462,10,70,M,Infiltration,29,10,False,False,exploratory warning; cutoff was not prespecified
113462462,10,70,M,Pneumothorax,4,10,True,False,exploratory warning; cutoff was not prespecified
113462462,10,70,M,Edema,0,10,True,True,exploratory warning; cutoff was not prespecified
113462462,10,70,M,Emphysema,8,10,True,False,exploratory warning; cutoff was not prespecified
113462462,10,70,M,Fibrosis,10,10,False,False,exploratory warning; cutoff was not prespecified
113462462,10,70,M,Effusion,18,10,False,False,exploratory warning; cutoff was not prespecified
113462462,10,70,M,Pneumonia,2,10,True,False,exploratory warning; cutoff was not prespecified
113462462,10,70,M,Pleural_Thickening,11,10,False,False,exploratory warning; cutoff was not prespecified
113462462,10,70,M,Cardiomegaly,9,10,True,False,exploratory warning; cutoff was not prespecified
113462462,10,70,M,Nodule,17,10,False,False,exploratory warning; cutoff was not prespecified
113462462,10,70,M,Mass,17,10,False,False,exploratory warning; cutoff was not prespecified
113462462,10,70,M,Hernia,2,10,True,False,exploratory warning; cutoff was not prespecified
113462462,10,80,M,Atelectasis,2,10,True,False,exploratory warning; cutoff was not prespecified
113462462,10,80,M,Consolidation,1,10,True,False,exploratory warning; cutoff was not prespecified
113462462,10,80,M,Infiltration,8,10,True,False,exploratory warning; cutoff was not prespecified
113462462,10,80,M,Pneumothorax,2,10,True,False,exploratory warning; cutoff was not prespecified
113462462,10,80,M,Edema,1,10,True,False,exploratory warning; cutoff was not prespecified
113462462,10,80,M,Emphysema,2,10,True,False,exploratory warning; cutoff was not prespecified
113462462,10,80,M,Fibrosis,3,10,True,False,exploratory warning; cutoff was not prespecified
113462462,10,80,M,Effusion,1,10,True,False,exploratory warning; cutoff was not prespecified
113462462,10,80,M,Pneumonia,0,10,True,True,exploratory warning; cutoff was not prespecified
113462462,10,80,M,Pleural_Thickening,2,10,True,False,exploratory warning; cutoff was not prespecified
113462462,10,80,M,Cardiomegaly,2,10,True,False,exploratory warning; cutoff was not prespecified
113462462,10,80,M,Nodule,6,10,True,False,exploratory warning; cutoff was not prespecified
113462462,10,80,M,Mass,6,10,True,False,exploratory warning; cutoff was not prespecified
113462462,10,80,M,Hernia,1,10,True,False,exploratory warning; cutoff was not prespecified
113462462,10,90,M,Atelectasis,0,10,True,True,exploratory warning; cutoff was not prespecified
113462462,10,90,M,Consolidation,0,10,True,True,exploratory warning; cutoff was not prespecified
113462462,10,90,M,Infiltration,0,10,True,True,exploratory warning; cutoff was not prespecified
113462462,10,90,M,Pneumothorax,0,10,True,True,exploratory warning; cutoff was not prespecified
113462462,10,90,M,Edema,0,10,True,True,exploratory warning; cutoff was not prespecified
113462462,10,90,M,Emphysema,0,10,True,True,exploratory warning; cutoff was not prespecified
113462462,10,90,M,Fibrosis,0,10,True,True,exploratory warning; cutoff was not prespecified
113462462,10,90,M,Effusion,0,10,True,True,exploratory warning; cutoff was not prespecified
113462462,10,90,M,Pneumonia,0,10,True,True,exploratory warning; cutoff was not prespecified
113462462,10,90,M,Pleural_Thickening,0,10,True,True,exploratory warning; cutoff was not prespecified
113462462,10,90,M,Cardiomegaly,0,10,True,True,exploratory warning; cutoff was not prespecified
113462462,10,90,M,Nodule,0,10,True,True,exploratory warning; cutoff was not prespecified
113462462,10,90,M,Mass,0,10,True,True,exploratory warning; cutoff was not prespecified
113462462,10,90,M,Hernia,0,10,True,True,exploratory warning; cutoff was not prespecified
2748406118,5,0,F,Atelectasis,1,10,True,False,exploratory warning; cutoff was not prespecified
2748406118,5,0,F,Consolidation,1,10,True,False,exploratory warning; cutoff was not prespecified
2748406118,5,0,F,Infiltration,7,10,True,False,exploratory warning; cutoff was not prespecified
2748406118,5,0,F,Pneumothorax,0,10,True,True,exploratory warning; cutoff was not prespecified
2748406118,5,0,F,Edema,2,10,True,False,exploratory warning; cutoff was not prespecified
2748406118,5,0,F,Emphysema,0,10,True,True,exploratory warning; cutoff was not prespecified
2748406118,5,0,F,Fibrosis,0,10,True,True,exploratory warning; cutoff was not prespecified
2748406118,5,0,F,Effusion,0,10,True,True,exploratory warning; cutoff was not prespecified
2748406118,5,0,F,Pneumonia,2,10,True,False,exploratory warning; cutoff was not prespecified
2748406118,5,0,F,Pleural_Thickening,0,10,True,True,exploratory warning; cutoff was not prespecified
2748406118,5,0,F,Cardiomegaly,0,10,True,True,exploratory warning; cutoff was not prespecified
2748406118,5,0,F,Nodule,0,10,True,True,exploratory warning; cutoff was not prespecified
2748406118,5,0,F,Mass,2,10,True,False,exploratory warning; cutoff was not prespecified
2748406118,5,0,F,Hernia,0,10,True,True,exploratory warning; cutoff was not prespecified
2748406118,5,5,F,Atelectasis,1,10,True,False,exploratory warning; cutoff was not prespecified
2748406118,5,5,F,Consolidation,1,10,True,False,exploratory warning; cutoff was not prespecified
2748406118,5,5,F,Infiltration,2,10,True,False,exploratory warning; cutoff was not prespecified
2748406118,5,5,F,Pneumothorax,0,10,True,True,exploratory warning; cutoff was not prespecified
2748406118,5,5,F,Edema,0,10,True,True,exploratory warning; cutoff was not prespecified
2748406118,5,5,F,Emphysema,0,10,True,True,exploratory warning; cutoff was not prespecified
2748406118,5,5,F,Fibrosis,0,10,True,True,exploratory warning; cutoff was not prespecified
2748406118,5,5,F,Effusion,1,10,True,False,exploratory warning; cutoff was not prespecified
2748406118,5,5,F,Pneumonia,0,10,True,True,exploratory warning; cutoff was not prespecified
2748406118,5,5,F,Pleural_Thickening,0,10,True,True,exploratory warning; cutoff was not prespecified
2748406118,5,5,F,Cardiomegaly,0,10,True,True,exploratory warning; cutoff was not prespecified
2748406118,5,5,F,Nodule,0,10,True,True,exploratory warning; cutoff was not prespecified
2748406118,5,5,F,Mass,0,10,True,True,exploratory warning; cutoff was not prespecified
2748406118,5,5,F,Hernia,0,10,True,True,exploratory warning; cutoff was not prespecified
2748406118,5,10,F,Atelectasis,0,10,True,True,exploratory warning; cutoff was not prespecified
2748406118,5,10,F,Consolidation,1,10,True,False,exploratory warning; cutoff was not prespecified
2748406118,5,10,F,Infiltration,3,10,True,False,exploratory warning; cutoff was not prespecified
2748406118,5,10,F,Pneumothorax,1,10,True,False,exploratory warning; cutoff was not prespecified
2748406118,5,10,F,Edema,0,10,True,True,exploratory warning; cutoff was not prespecified
2748406118,5,10,F,Emphysema,0,10,True,True,exploratory warning; cutoff was not prespecified
2748406118,5,10,F,Fibrosis,0,10,True,True,exploratory warning; cutoff was not prespecified
2748406118,5,10,F,Effusion,0,10,True,True,exploratory warning; cutoff was not prespecified
2748406118,5,10,F,Pneumonia,0,10,True,True,exploratory warning; cutoff was not prespecified
2748406118,5,10,F,Pleural_Thickening,0,10,True,True,exploratory warning; cutoff was not prespecified
2748406118,5,10,F,Cardiomegaly,1,10,True,False,exploratory warning; cutoff was not prespecified
2748406118,5,10,F,Nodule,3,10,True,False,exploratory warning; cutoff was not prespecified
2748406118,5,10,F,Mass,0,10,True,True,exploratory warning; cutoff was not prespecified
2748406118,5,10,F,Hernia,0,10,True,True,exploratory warning; cutoff was not prespecified
2748406118,5,15,F,Atelectasis,2,10,True,False,exploratory warning; cutoff was not prespecified
2748406118,5,15,F,Consolidation,1,10,True,False,exploratory warning; cutoff was not prespecified
2748406118,5,15,F,Infiltration,8,10,True,False,exploratory warning; cutoff was not prespecified
2748406118,5,15,F,Pneumothorax,0,10,True,True,exploratory warning; cutoff was not prespecified
2748406118,5,15,F,Edema,0,10,True,True,exploratory warning; cutoff was not prespecified
2748406118,5,15,F,Emphysema,0,10,True,True,exploratory warning; cutoff was not prespecified
2748406118,5,15,F,Fibrosis,0,10,True,True,exploratory warning; cutoff was not prespecified
2748406118,5,15,F,Effusion,2,10,True,False,exploratory warning; cutoff was not prespecified
2748406118,5,15,F,Pneumonia,0,10,True,True,exploratory warning; cutoff was not prespecified
2748406118,5,15,F,Pleural_Thickening,0,10,True,True,exploratory warning; cutoff was not prespecified
2748406118,5,15,F,Cardiomegaly,1,10,True,False,exploratory warning; cutoff was not prespecified
2748406118,5,15,F,Nodule,5,10,True,False,exploratory warning; cutoff was not prespecified
2748406118,5,15,F,Mass,3,10,True,False,exploratory warning; cutoff was not prespecified
2748406118,5,15,F,Hernia,0,10,True,True,exploratory warning; cutoff was not prespecified
2748406118,5,20,F,Atelectasis,5,10,True,False,exploratory warning; cutoff was not prespecified
2748406118,5,20,F,Consolidation,1,10,True,False,exploratory warning; cutoff was not prespecified
2748406118,5,20,F,Infiltration,12,10,False,False,exploratory warning; cutoff was not prespecified
2748406118,5,20,F,Pneumothorax,2,10,True,False,exploratory warning; cutoff was not prespecified
2748406118,5,20,F,Edema,0,10,True,True,exploratory warning; cutoff was not prespecified
2748406118,5,20,F,Emphysema,0,10,True,True,exploratory warning; cutoff was not prespecified
2748406118,5,20,F,Fibrosis,1,10,True,False,exploratory warning; cutoff was not prespecified
2748406118,5,20,F,Effusion,5,10,True,False,exploratory warning; cutoff was not prespecified
2748406118,5,20,F,Pneumonia,1,10,True,False,exploratory warning; cutoff was not prespecified
2748406118,5,20,F,Pleural_Thickening,1,10,True,False,exploratory warning; cutoff was not prespecified
2748406118,5,20,F,Cardiomegaly,2,10,True,False,exploratory warning; cutoff was not prespecified
2748406118,5,20,F,Nodule,5,10,True,False,exploratory warning; cutoff was not prespecified
2748406118,5,20,F,Mass,6,10,True,False,exploratory warning; cutoff was not prespecified
2748406118,5,20,F,Hernia,0,10,True,True,exploratory warning; cutoff was not prespecified
2748406118,5,25,F,Atelectasis,3,10,True,False,exploratory warning; cutoff was not prespecified
2748406118,5,25,F,Consolidation,0,10,True,True,exploratory warning; cutoff was not prespecified
2748406118,5,25,F,Infiltration,17,10,False,False,exploratory warning; cutoff was not prespecified
2748406118,5,25,F,Pneumothorax,2,10,True,False,exploratory warning; cutoff was not prespecified
2748406118,5,25,F,Edema,1,10,True,False,exploratory warning; cutoff was not prespecified
2748406118,5,25,F,Emphysema,0,10,True,True,exploratory warning; cutoff was not prespecified
2748406118,5,25,F,Fibrosis,1,10,True,False,exploratory warning; cutoff was not prespecified
2748406118,5,25,F,Effusion,1,10,True,False,exploratory warning; cutoff was not prespecified
2748406118,5,25,F,Pneumonia,1,10,True,False,exploratory warning; cutoff was not prespecified
2748406118,5,25,F,Pleural_Thickening,0,10,True,True,exploratory warning; cutoff was not prespecified
2748406118,5,25,F,Cardiomegaly,7,10,True,False,exploratory warning; cutoff was not prespecified
2748406118,5,25,F,Nodule,6,10,True,False,exploratory warning; cutoff was not prespecified
2748406118,5,25,F,Mass,8,10,True,False,exploratory warning; cutoff was not prespecified
2748406118,5,25,F,Hernia,1,10,True,False,exploratory warning; cutoff was not prespecified
2748406118,5,30,F,Atelectasis,6,10,True,False,exploratory warning; cutoff was not prespecified
2748406118,5,30,F,Consolidation,0,10,True,True,exploratory warning; cutoff was not prespecified
2748406118,5,30,F,Infiltration,26,10,False,False,exploratory warning; cutoff was not prespecified
2748406118,5,30,F,Pneumothorax,1,10,True,False,exploratory warning; cutoff was not prespecified
2748406118,5,30,F,Edema,1,10,True,False,exploratory warning; cutoff was not prespecified
2748406118,5,30,F,Emphysema,1,10,True,False,exploratory warning; cutoff was not prespecified
2748406118,5,30,F,Fibrosis,4,10,True,False,exploratory warning; cutoff was not prespecified
2748406118,5,30,F,Effusion,8,10,True,False,exploratory warning; cutoff was not prespecified
2748406118,5,30,F,Pneumonia,1,10,True,False,exploratory warning; cutoff was not prespecified
2748406118,5,30,F,Pleural_Thickening,2,10,True,False,exploratory warning; cutoff was not prespecified
2748406118,5,30,F,Cardiomegaly,5,10,True,False,exploratory warning; cutoff was not prespecified
2748406118,5,30,F,Nodule,3,10,True,False,exploratory warning; cutoff was not prespecified
2748406118,5,30,F,Mass,2,10,True,False,exploratory warning; cutoff was not prespecified
2748406118,5,30,F,Hernia,0,10,True,True,exploratory warning; cutoff was not prespecified
2748406118,5,35,F,Atelectasis,4,10,True,False,exploratory warning; cutoff was not prespecified
2748406118,5,35,F,Consolidation,2,10,True,False,exploratory warning; cutoff was not prespecified
2748406118,5,35,F,Infiltration,35,10,False,False,exploratory warning; cutoff was not prespecified
2748406118,5,35,F,Pneumothorax,3,10,True,False,exploratory warning; cutoff was not prespecified
2748406118,5,35,F,Edema,1,10,True,False,exploratory warning; cutoff was not prespecified
2748406118,5,35,F,Emphysema,1,10,True,False,exploratory warning; cutoff was not prespecified
2748406118,5,35,F,Fibrosis,2,10,True,False,exploratory warning; cutoff was not prespecified
2748406118,5,35,F,Effusion,4,10,True,False,exploratory warning; cutoff was not prespecified
2748406118,5,35,F,Pneumonia,3,10,True,False,exploratory warning; cutoff was not prespecified
2748406118,5,35,F,Pleural_Thickening,2,10,True,False,exploratory warning; cutoff was not prespecified
2748406118,5,35,F,Cardiomegaly,9,10,True,False,exploratory warning; cutoff was not prespecified
2748406118,5,35,F,Nodule,5,10,True,False,exploratory warning; cutoff was not prespecified
2748406118,5,35,F,Mass,4,10,True,False,exploratory warning; cutoff was not prespecified
2748406118,5,35,F,Hernia,0,10,True,True,exploratory warning; cutoff was not prespecified
2748406118,5,40,F,Atelectasis,8,10,True,False,exploratory warning; cutoff was not prespecified
2748406118,5,40,F,Consolidation,2,10,True,False,exploratory warning; cutoff was not prespecified
2748406118,5,40,F,Infiltration,26,10,False,False,exploratory warning; cutoff was not prespecified
2748406118,5,40,F,Pneumothorax,4,10,True,False,exploratory warning; cutoff was not prespecified
2748406118,5,40,F,Edema,0,10,True,True,exploratory warning; cutoff was not prespecified
2748406118,5,40,F,Emphysema,1,10,True,False,exploratory warning; cutoff was not prespecified
2748406118,5,40,F,Fibrosis,4,10,True,False,exploratory warning; cutoff was not prespecified
2748406118,5,40,F,Effusion,6,10,True,False,exploratory warning; cutoff was not prespecified
2748406118,5,40,F,Pneumonia,2,10,True,False,exploratory warning; cutoff was not prespecified
2748406118,5,40,F,Pleural_Thickening,6,10,True,False,exploratory warning; cutoff was not prespecified
2748406118,5,40,F,Cardiomegaly,6,10,True,False,exploratory warning; cutoff was not prespecified
2748406118,5,40,F,Nodule,13,10,False,False,exploratory warning; cutoff was not prespecified
2748406118,5,40,F,Mass,7,10,True,False,exploratory warning; cutoff was not prespecified
2748406118,5,40,F,Hernia,0,10,True,True,exploratory warning; cutoff was not prespecified
2748406118,5,45,F,Atelectasis,15,10,False,False,exploratory warning; cutoff was not prespecified
2748406118,5,45,F,Consolidation,3,10,True,False,exploratory warning; cutoff was not prespecified
2748406118,5,45,F,Infiltration,40,10,False,False,exploratory warning; cutoff was not prespecified
2748406118,5,45,F,Pneumothorax,5,10,True,False,exploratory warning; cutoff was not prespecified
2748406118,5,45,F,Edema,1,10,True,False,exploratory warning; cutoff was not prespecified
2748406118,5,45,F,Emphysema,0,10,True,True,exploratory warning; cutoff was not prespecified
2748406118,5,45,F,Fibrosis,6,10,True,False,exploratory warning; cutoff was not prespecified
2748406118,5,45,F,Effusion,14,10,False,False,exploratory warning; cutoff was not prespecified
2748406118,5,45,F,Pneumonia,4,10,True,False,exploratory warning; cutoff was not prespecified
2748406118,5,45,F,Pleural_Thickening,8,10,True,False,exploratory warning; cutoff was not prespecified
2748406118,5,45,F,Cardiomegaly,3,10,True,False,exploratory warning; cutoff was not prespecified
2748406118,5,45,F,Nodule,15,10,False,False,exploratory warning; cutoff was not prespecified
2748406118,5,45,F,Mass,10,10,False,False,exploratory warning; cutoff was not prespecified
2748406118,5,45,F,Hernia,1,10,True,False,exploratory warning; cutoff was not prespecified
2748406118,5,50,F,Atelectasis,21,10,False,False,exploratory warning; cutoff was not prespecified
2748406118,5,50,F,Consolidation,5,10,True,False,exploratory warning; cutoff was not prespecified
2748406118,5,50,F,Infiltration,36,10,False,False,exploratory warning; cutoff was not prespecified
2748406118,5,50,F,Pneumothorax,6,10,True,False,exploratory warning; cutoff was not prespecified
2748406118,5,50,F,Edema,0,10,True,True,exploratory warning; cutoff was not prespecified
2748406118,5,50,F,Emphysema,3,10,True,False,exploratory warning; cutoff was not prespecified
2748406118,5,50,F,Fibrosis,13,10,False,False,exploratory warning; cutoff was not prespecified
2748406118,5,50,F,Effusion,18,10,False,False,exploratory warning; cutoff was not prespecified
2748406118,5,50,F,Pneumonia,1,10,True,False,exploratory warning; cutoff was not prespecified
2748406118,5,50,F,Pleural_Thickening,13,10,False,False,exploratory warning; cutoff was not prespecified
2748406118,5,50,F,Cardiomegaly,18,10,False,False,exploratory warning; cutoff was not prespecified
2748406118,5,50,F,Nodule,24,10,False,False,exploratory warning; cutoff was not prespecified
2748406118,5,50,F,Mass,15,10,False,False,exploratory warning; cutoff was not prespecified
2748406118,5,50,F,Hernia,1,10,True,False,exploratory warning; cutoff was not prespecified
2748406118,5,55,F,Atelectasis,21,10,False,False,exploratory warning; cutoff was not prespecified
2748406118,5,55,F,Consolidation,5,10,True,False,exploratory warning; cutoff was not prespecified
2748406118,5,55,F,Infiltration,28,10,False,False,exploratory warning; cutoff was not prespecified
2748406118,5,55,F,Pneumothorax,2,10,True,False,exploratory warning; cutoff was not prespecified
2748406118,5,55,F,Edema,1,10,True,False,exploratory warning; cutoff was not prespecified
2748406118,5,55,F,Emphysema,3,10,True,False,exploratory warning; cutoff was not prespecified
2748406118,5,55,F,Fibrosis,6,10,True,False,exploratory warning; cutoff was not prespecified
2748406118,5,55,F,Effusion,15,10,False,False,exploratory warning; cutoff was not prespecified
2748406118,5,55,F,Pneumonia,2,10,True,False,exploratory warning; cutoff was not prespecified
2748406118,5,55,F,Pleural_Thickening,14,10,False,False,exploratory warning; cutoff was not prespecified
2748406118,5,55,F,Cardiomegaly,11,10,False,False,exploratory warning; cutoff was not prespecified
2748406118,5,55,F,Nodule,21,10,False,False,exploratory warning; cutoff was not prespecified
2748406118,5,55,F,Mass,15,10,False,False,exploratory warning; cutoff was not prespecified
2748406118,5,55,F,Hernia,2,10,True,False,exploratory warning; cutoff was not prespecified
2748406118,5,60,F,Atelectasis,16,10,False,False,exploratory warning; cutoff was not prespecified
2748406118,5,60,F,Consolidation,5,10,True,False,exploratory warning; cutoff was not prespecified
2748406118,5,60,F,Infiltration,45,10,False,False,exploratory warning; cutoff was not prespecified
2748406118,5,60,F,Pneumothorax,3,10,True,False,exploratory warning; cutoff was not prespecified
2748406118,5,60,F,Edema,1,10,True,False,exploratory warning; cutoff was not prespecified
2748406118,5,60,F,Emphysema,1,10,True,False,exploratory warning; cutoff was not prespecified
2748406118,5,60,F,Fibrosis,4,10,True,False,exploratory warning; cutoff was not prespecified
2748406118,5,60,F,Effusion,21,10,False,False,exploratory warning; cutoff was not prespecified
2748406118,5,60,F,Pneumonia,3,10,True,False,exploratory warning; cutoff was not prespecified
2748406118,5,60,F,Pleural_Thickening,7,10,True,False,exploratory warning; cutoff was not prespecified
2748406118,5,60,F,Cardiomegaly,10,10,False,False,exploratory warning; cutoff was not prespecified
2748406118,5,60,F,Nodule,30,10,False,False,exploratory warning; cutoff was not prespecified
2748406118,5,60,F,Mass,16,10,False,False,exploratory warning; cutoff was not prespecified
2748406118,5,60,F,Hernia,0,10,True,True,exploratory warning; cutoff was not prespecified
2748406118,5,65,F,Atelectasis,14,10,False,False,exploratory warning; cutoff was not prespecified
2748406118,5,65,F,Consolidation,4,10,True,False,exploratory warning; cutoff was not prespecified
2748406118,5,65,F,Infiltration,15,10,False,False,exploratory warning; cutoff was not prespecified
2748406118,5,65,F,Pneumothorax,2,10,True,False,exploratory warning; cutoff was not prespecified
2748406118,5,65,F,Edema,0,10,True,True,exploratory warning; cutoff was not prespecified
2748406118,5,65,F,Emphysema,4,10,True,False,exploratory warning; cutoff was not prespecified
2748406118,5,65,F,Fibrosis,7,10,True,False,exploratory warning; cutoff was not prespecified
2748406118,5,65,F,Effusion,11,10,False,False,exploratory warning; cutoff was not prespecified
2748406118,5,65,F,Pneumonia,0,10,True,True,exploratory warning; cutoff was not prespecified
2748406118,5,65,F,Pleural_Thickening,10,10,False,False,exploratory warning; cutoff was not prespecified
2748406118,5,65,F,Cardiomegaly,7,10,True,False,exploratory warning; cutoff was not prespecified
2748406118,5,65,F,Nodule,17,10,False,False,exploratory warning; cutoff was not prespecified
2748406118,5,65,F,Mass,14,10,False,False,exploratory warning; cutoff was not prespecified
2748406118,5,65,F,Hernia,0,10,True,True,exploratory warning; cutoff was not prespecified
2748406118,5,70,F,Atelectasis,4,10,True,False,exploratory warning; cutoff was not prespecified
2748406118,5,70,F,Consolidation,3,10,True,False,exploratory warning; cutoff was not prespecified
2748406118,5,70,F,Infiltration,11,10,False,False,exploratory warning; cutoff was not prespecified
2748406118,5,70,F,Pneumothorax,0,10,True,True,exploratory warning; cutoff was not prespecified
2748406118,5,70,F,Edema,1,10,True,False,exploratory warning; cutoff was not prespecified
2748406118,5,70,F,Emphysema,1,10,True,False,exploratory warning; cutoff was not prespecified
2748406118,5,70,F,Fibrosis,4,10,True,False,exploratory warning; cutoff was not prespecified
2748406118,5,70,F,Effusion,6,10,True,False,exploratory warning; cutoff was not prespecified
2748406118,5,70,F,Pneumonia,0,10,True,True,exploratory warning; cutoff was not prespecified
2748406118,5,70,F,Pleural_Thickening,5,10,True,False,exploratory warning; cutoff was not prespecified
2748406118,5,70,F,Cardiomegaly,7,10,True,False,exploratory warning; cutoff was not prespecified
2748406118,5,70,F,Nodule,6,10,True,False,exploratory warning; cutoff was not prespecified
2748406118,5,70,F,Mass,7,10,True,False,exploratory warning; cutoff was not prespecified
2748406118,5,70,F,Hernia,0,10,True,True,exploratory warning; cutoff was not prespecified
2748406118,5,75,F,Atelectasis,5,10,True,False,exploratory warning; cutoff was not prespecified
2748406118,5,75,F,Consolidation,0,10,True,True,exploratory warning; cutoff was not prespecified
2748406118,5,75,F,Infiltration,4,10,True,False,exploratory warning; cutoff was not prespecified
2748406118,5,75,F,Pneumothorax,0,10,True,True,exploratory warning; cutoff was not prespecified
2748406118,5,75,F,Edema,1,10,True,False,exploratory warning; cutoff was not prespecified
2748406118,5,75,F,Emphysema,3,10,True,False,exploratory warning; cutoff was not prespecified
2748406118,5,75,F,Fibrosis,1,10,True,False,exploratory warning; cutoff was not prespecified
2748406118,5,75,F,Effusion,7,10,True,False,exploratory warning; cutoff was not prespecified
2748406118,5,75,F,Pneumonia,1,10,True,False,exploratory warning; cutoff was not prespecified
2748406118,5,75,F,Pleural_Thickening,6,10,True,False,exploratory warning; cutoff was not prespecified
2748406118,5,75,F,Cardiomegaly,3,10,True,False,exploratory warning; cutoff was not prespecified
2748406118,5,75,F,Nodule,4,10,True,False,exploratory warning; cutoff was not prespecified
2748406118,5,75,F,Mass,3,10,True,False,exploratory warning; cutoff was not prespecified
2748406118,5,75,F,Hernia,0,10,True,True,exploratory warning; cutoff was not prespecified
2748406118,5,80,F,Atelectasis,0,10,True,True,exploratory warning; cutoff was not prespecified
2748406118,5,80,F,Consolidation,0,10,True,True,exploratory warning; cutoff was not prespecified
2748406118,5,80,F,Infiltration,3,10,True,False,exploratory warning; cutoff was not prespecified
2748406118,5,80,F,Pneumothorax,0,10,True,True,exploratory warning; cutoff was not prespecified
2748406118,5,80,F,Edema,0,10,True,True,exploratory warning; cutoff was not prespecified
2748406118,5,80,F,Emphysema,0,10,True,True,exploratory warning; cutoff was not prespecified
2748406118,5,80,F,Fibrosis,0,10,True,True,exploratory warning; cutoff was not prespecified
2748406118,5,80,F,Effusion,1,10,True,False,exploratory warning; cutoff was not prespecified
2748406118,5,80,F,Pneumonia,0,10,True,True,exploratory warning; cutoff was not prespecified
2748406118,5,80,F,Pleural_Thickening,2,10,True,False,exploratory warning; cutoff was not prespecified
2748406118,5,80,F,Cardiomegaly,1,10,True,False,exploratory warning; cutoff was not prespecified
2748406118,5,80,F,Nodule,3,10,True,False,exploratory warning; cutoff was not prespecified
2748406118,5,80,F,Mass,2,10,True,False,exploratory warning; cutoff was not prespecified
2748406118,5,80,F,Hernia,1,10,True,False,exploratory warning; cutoff was not prespecified
2748406118,5,85,F,Atelectasis,0,10,True,True,exploratory warning; cutoff was not prespecified
2748406118,5,85,F,Consolidation,0,10,True,True,exploratory warning; cutoff was not prespecified
2748406118,5,85,F,Infiltration,0,10,True,True,exploratory warning; cutoff was not prespecified
2748406118,5,85,F,Pneumothorax,0,10,True,True,exploratory warning; cutoff was not prespecified
2748406118,5,85,F,Edema,0,10,True,True,exploratory warning; cutoff was not prespecified
2748406118,5,85,F,Emphysema,0,10,True,True,exploratory warning; cutoff was not prespecified
2748406118,5,85,F,Fibrosis,0,10,True,True,exploratory warning; cutoff was not prespecified
2748406118,5,85,F,Effusion,0,10,True,True,exploratory warning; cutoff was not prespecified
2748406118,5,85,F,Pneumonia,0,10,True,True,exploratory warning; cutoff was not prespecified
2748406118,5,85,F,Pleural_Thickening,0,10,True,True,exploratory warning; cutoff was not prespecified
2748406118,5,85,F,Cardiomegaly,0,10,True,True,exploratory warning; cutoff was not prespecified
2748406118,5,85,F,Nodule,0,10,True,True,exploratory warning; cutoff was not prespecified
2748406118,5,85,F,Mass,0,10,True,True,exploratory warning; cutoff was not prespecified
2748406118,5,85,F,Hernia,0,10,True,True,exploratory warning; cutoff was not prespecified
2748406118,5,90,F,Atelectasis,2,10,True,False,exploratory warning; cutoff was not prespecified
2748406118,5,90,F,Consolidation,0,10,True,True,exploratory warning; cutoff was not prespecified
2748406118,5,90,F,Infiltration,1,10,True,False,exploratory warning; cutoff was not prespecified
2748406118,5,90,F,Pneumothorax,0,10,True,True,exploratory warning; cutoff was not prespecified
2748406118,5,90,F,Edema,0,10,True,True,exploratory warning; cutoff was not prespecified
2748406118,5,90,F,Emphysema,0,10,True,True,exploratory warning; cutoff was not prespecified
2748406118,5,90,F,Fibrosis,0,10,True,True,exploratory warning; cutoff was not prespecified
2748406118,5,90,F,Effusion,0,10,True,True,exploratory warning; cutoff was not prespecified
2748406118,5,90,F,Pneumonia,0,10,True,True,exploratory warning; cutoff was not prespecified
2748406118,5,90,F,Pleural_Thickening,1,10,True,False,exploratory warning; cutoff was not prespecified
2748406118,5,90,F,Cardiomegaly,0,10,True,True,exploratory warning; cutoff was not prespecified
2748406118,5,90,F,Nodule,0,10,True,True,exploratory warning; cutoff was not prespecified
2748406118,5,90,F,Mass,0,10,True,True,exploratory warning; cutoff was not prespecified
2748406118,5,90,F,Hernia,0,10,True,True,exploratory warning; cutoff was not prespecified
2748406118,5,0,M,Atelectasis,2,10,True,False,exploratory warning; cutoff was not prespecified
2748406118,5,0,M,Consolidation,0,10,True,True,exploratory warning; cutoff was not prespecified
2748406118,5,0,M,Infiltration,5,10,True,False,exploratory warning; cutoff was not prespecified
2748406118,5,0,M,Pneumothorax,0,10,True,True,exploratory warning; cutoff was not prespecified
2748406118,5,0,M,Edema,0,10,True,True,exploratory warning; cutoff was not prespecified
2748406118,5,0,M,Emphysema,0,10,True,True,exploratory warning; cutoff was not prespecified
2748406118,5,0,M,Fibrosis,0,10,True,True,exploratory warning; cutoff was not prespecified
2748406118,5,0,M,Effusion,1,10,True,False,exploratory warning; cutoff was not prespecified
2748406118,5,0,M,Pneumonia,1,10,True,False,exploratory warning; cutoff was not prespecified
2748406118,5,0,M,Pleural_Thickening,1,10,True,False,exploratory warning; cutoff was not prespecified
2748406118,5,0,M,Cardiomegaly,0,10,True,True,exploratory warning; cutoff was not prespecified
2748406118,5,0,M,Nodule,0,10,True,True,exploratory warning; cutoff was not prespecified
2748406118,5,0,M,Mass,0,10,True,True,exploratory warning; cutoff was not prespecified
2748406118,5,0,M,Hernia,0,10,True,True,exploratory warning; cutoff was not prespecified
2748406118,5,5,M,Atelectasis,4,10,True,False,exploratory warning; cutoff was not prespecified
2748406118,5,5,M,Consolidation,2,10,True,False,exploratory warning; cutoff was not prespecified
2748406118,5,5,M,Infiltration,6,10,True,False,exploratory warning; cutoff was not prespecified
2748406118,5,5,M,Pneumothorax,0,10,True,True,exploratory warning; cutoff was not prespecified
2748406118,5,5,M,Edema,1,10,True,False,exploratory warning; cutoff was not prespecified
2748406118,5,5,M,Emphysema,0,10,True,True,exploratory warning; cutoff was not prespecified
2748406118,5,5,M,Fibrosis,1,10,True,False,exploratory warning; cutoff was not prespecified
2748406118,5,5,M,Effusion,1,10,True,False,exploratory warning; cutoff was not prespecified
2748406118,5,5,M,Pneumonia,1,10,True,False,exploratory warning; cutoff was not prespecified
2748406118,5,5,M,Pleural_Thickening,0,10,True,True,exploratory warning; cutoff was not prespecified
2748406118,5,5,M,Cardiomegaly,1,10,True,False,exploratory warning; cutoff was not prespecified
2748406118,5,5,M,Nodule,0,10,True,True,exploratory warning; cutoff was not prespecified
2748406118,5,5,M,Mass,1,10,True,False,exploratory warning; cutoff was not prespecified
2748406118,5,5,M,Hernia,0,10,True,True,exploratory warning; cutoff was not prespecified
2748406118,5,10,M,Atelectasis,3,10,True,False,exploratory warning; cutoff was not prespecified
2748406118,5,10,M,Consolidation,1,10,True,False,exploratory warning; cutoff was not prespecified
2748406118,5,10,M,Infiltration,8,10,True,False,exploratory warning; cutoff was not prespecified
2748406118,5,10,M,Pneumothorax,0,10,True,True,exploratory warning; cutoff was not prespecified
2748406118,5,10,M,Edema,0,10,True,True,exploratory warning; cutoff was not prespecified
2748406118,5,10,M,Emphysema,0,10,True,True,exploratory warning; cutoff was not prespecified
2748406118,5,10,M,Fibrosis,1,10,True,False,exploratory warning; cutoff was not prespecified
2748406118,5,10,M,Effusion,2,10,True,False,exploratory warning; cutoff was not prespecified
2748406118,5,10,M,Pneumonia,0,10,True,True,exploratory warning; cutoff was not prespecified
2748406118,5,10,M,Pleural_Thickening,0,10,True,True,exploratory warning; cutoff was not prespecified
2748406118,5,10,M,Cardiomegaly,3,10,True,False,exploratory warning; cutoff was not prespecified
2748406118,5,10,M,Nodule,1,10,True,False,exploratory warning; cutoff was not prespecified
2748406118,5,10,M,Mass,3,10,True,False,exploratory warning; cutoff was not prespecified
2748406118,5,10,M,Hernia,0,10,True,True,exploratory warning; cutoff was not prespecified
2748406118,5,15,M,Atelectasis,4,10,True,False,exploratory warning; cutoff was not prespecified
2748406118,5,15,M,Consolidation,2,10,True,False,exploratory warning; cutoff was not prespecified
2748406118,5,15,M,Infiltration,14,10,False,False,exploratory warning; cutoff was not prespecified
2748406118,5,15,M,Pneumothorax,1,10,True,False,exploratory warning; cutoff was not prespecified
2748406118,5,15,M,Edema,0,10,True,True,exploratory warning; cutoff was not prespecified
2748406118,5,15,M,Emphysema,2,10,True,False,exploratory warning; cutoff was not prespecified
2748406118,5,15,M,Fibrosis,0,10,True,True,exploratory warning; cutoff was not prespecified
2748406118,5,15,M,Effusion,4,10,True,False,exploratory warning; cutoff was not prespecified
2748406118,5,15,M,Pneumonia,0,10,True,True,exploratory warning; cutoff was not prespecified
2748406118,5,15,M,Pleural_Thickening,2,10,True,False,exploratory warning; cutoff was not prespecified
2748406118,5,15,M,Cardiomegaly,3,10,True,False,exploratory warning; cutoff was not prespecified
2748406118,5,15,M,Nodule,4,10,True,False,exploratory warning; cutoff was not prespecified
2748406118,5,15,M,Mass,2,10,True,False,exploratory warning; cutoff was not prespecified
2748406118,5,15,M,Hernia,0,10,True,True,exploratory warning; cutoff was not prespecified
2748406118,5,20,M,Atelectasis,10,10,False,False,exploratory warning; cutoff was not prespecified
2748406118,5,20,M,Consolidation,2,10,True,False,exploratory warning; cutoff was not prespecified
2748406118,5,20,M,Infiltration,17,10,False,False,exploratory warning; cutoff was not prespecified
2748406118,5,20,M,Pneumothorax,1,10,True,False,exploratory warning; cutoff was not prespecified
2748406118,5,20,M,Edema,0,10,True,True,exploratory warning; cutoff was not prespecified
2748406118,5,20,M,Emphysema,0,10,True,True,exploratory warning; cutoff was not prespecified
2748406118,5,20,M,Fibrosis,0,10,True,True,exploratory warning; cutoff was not prespecified
2748406118,5,20,M,Effusion,3,10,True,False,exploratory warning; cutoff was not prespecified
2748406118,5,20,M,Pneumonia,4,10,True,False,exploratory warning; cutoff was not prespecified
2748406118,5,20,M,Pleural_Thickening,3,10,True,False,exploratory warning; cutoff was not prespecified
2748406118,5,20,M,Cardiomegaly,6,10,True,False,exploratory warning; cutoff was not prespecified
2748406118,5,20,M,Nodule,6,10,True,False,exploratory warning; cutoff was not prespecified
2748406118,5,20,M,Mass,10,10,False,False,exploratory warning; cutoff was not prespecified
2748406118,5,20,M,Hernia,0,10,True,True,exploratory warning; cutoff was not prespecified
2748406118,5,25,M,Atelectasis,3,10,True,False,exploratory warning; cutoff was not prespecified
2748406118,5,25,M,Consolidation,1,10,True,False,exploratory warning; cutoff was not prespecified
2748406118,5,25,M,Infiltration,32,10,False,False,exploratory warning; cutoff was not prespecified
2748406118,5,25,M,Pneumothorax,0,10,True,True,exploratory warning; cutoff was not prespecified
2748406118,5,25,M,Edema,1,10,True,False,exploratory warning; cutoff was not prespecified
2748406118,5,25,M,Emphysema,0,10,True,True,exploratory warning; cutoff was not prespecified
2748406118,5,25,M,Fibrosis,0,10,True,True,exploratory warning; cutoff was not prespecified
2748406118,5,25,M,Effusion,4,10,True,False,exploratory warning; cutoff was not prespecified
2748406118,5,25,M,Pneumonia,3,10,True,False,exploratory warning; cutoff was not prespecified
2748406118,5,25,M,Pleural_Thickening,2,10,True,False,exploratory warning; cutoff was not prespecified
2748406118,5,25,M,Cardiomegaly,4,10,True,False,exploratory warning; cutoff was not prespecified
2748406118,5,25,M,Nodule,7,10,True,False,exploratory warning; cutoff was not prespecified
2748406118,5,25,M,Mass,10,10,False,False,exploratory warning; cutoff was not prespecified
2748406118,5,25,M,Hernia,0,10,True,True,exploratory warning; cutoff was not prespecified
2748406118,5,30,M,Atelectasis,9,10,True,False,exploratory warning; cutoff was not prespecified
2748406118,5,30,M,Consolidation,0,10,True,True,exploratory warning; cutoff was not prespecified
2748406118,5,30,M,Infiltration,30,10,False,False,exploratory warning; cutoff was not prespecified
2748406118,5,30,M,Pneumothorax,1,10,True,False,exploratory warning; cutoff was not prespecified
2748406118,5,30,M,Edema,1,10,True,False,exploratory warning; cutoff was not prespecified
2748406118,5,30,M,Emphysema,0,10,True,True,exploratory warning; cutoff was not prespecified
2748406118,5,30,M,Fibrosis,1,10,True,False,exploratory warning; cutoff was not prespecified
2748406118,5,30,M,Effusion,8,10,True,False,exploratory warning; cutoff was not prespecified
2748406118,5,30,M,Pneumonia,0,10,True,True,exploratory warning; cutoff was not prespecified
2748406118,5,30,M,Pleural_Thickening,5,10,True,False,exploratory warning; cutoff was not prespecified
2748406118,5,30,M,Cardiomegaly,3,10,True,False,exploratory warning; cutoff was not prespecified
2748406118,5,30,M,Nodule,6,10,True,False,exploratory warning; cutoff was not prespecified
2748406118,5,30,M,Mass,6,10,True,False,exploratory warning; cutoff was not prespecified
2748406118,5,30,M,Hernia,0,10,True,True,exploratory warning; cutoff was not prespecified
2748406118,5,35,M,Atelectasis,6,10,True,False,exploratory warning; cutoff was not prespecified
2748406118,5,35,M,Consolidation,1,10,True,False,exploratory warning; cutoff was not prespecified
2748406118,5,35,M,Infiltration,29,10,False,False,exploratory warning; cutoff was not prespecified
2748406118,5,35,M,Pneumothorax,0,10,True,True,exploratory warning; cutoff was not prespecified
2748406118,5,35,M,Edema,0,10,True,True,exploratory warning; cutoff was not prespecified
2748406118,5,35,M,Emphysema,1,10,True,False,exploratory warning; cutoff was not prespecified
2748406118,5,35,M,Fibrosis,4,10,True,False,exploratory warning; cutoff was not prespecified
2748406118,5,35,M,Effusion,7,10,True,False,exploratory warning; cutoff was not prespecified
2748406118,5,35,M,Pneumonia,1,10,True,False,exploratory warning; cutoff was not prespecified
2748406118,5,35,M,Pleural_Thickening,3,10,True,False,exploratory warning; cutoff was not prespecified
2748406118,5,35,M,Cardiomegaly,8,10,True,False,exploratory warning; cutoff was not prespecified
2748406118,5,35,M,Nodule,9,10,True,False,exploratory warning; cutoff was not prespecified
2748406118,5,35,M,Mass,10,10,False,False,exploratory warning; cutoff was not prespecified
2748406118,5,35,M,Hernia,0,10,True,True,exploratory warning; cutoff was not prespecified
2748406118,5,40,M,Atelectasis,14,10,False,False,exploratory warning; cutoff was not prespecified
2748406118,5,40,M,Consolidation,4,10,True,False,exploratory warning; cutoff was not prespecified
2748406118,5,40,M,Infiltration,33,10,False,False,exploratory warning; cutoff was not prespecified
2748406118,5,40,M,Pneumothorax,1,10,True,False,exploratory warning; cutoff was not prespecified
2748406118,5,40,M,Edema,1,10,True,False,exploratory warning; cutoff was not prespecified
2748406118,5,40,M,Emphysema,1,10,True,False,exploratory warning; cutoff was not prespecified
2748406118,5,40,M,Fibrosis,2,10,True,False,exploratory warning; cutoff was not prespecified
2748406118,5,40,M,Effusion,5,10,True,False,exploratory warning; cutoff was not prespecified
2748406118,5,40,M,Pneumonia,1,10,True,False,exploratory warning; cutoff was not prespecified
2748406118,5,40,M,Pleural_Thickening,3,10,True,False,exploratory warning; cutoff was not prespecified
2748406118,5,40,M,Cardiomegaly,4,10,True,False,exploratory warning; cutoff was not prespecified
2748406118,5,40,M,Nodule,8,10,True,False,exploratory warning; cutoff was not prespecified
2748406118,5,40,M,Mass,12,10,False,False,exploratory warning; cutoff was not prespecified
2748406118,5,40,M,Hernia,0,10,True,True,exploratory warning; cutoff was not prespecified
2748406118,5,45,M,Atelectasis,24,10,False,False,exploratory warning; cutoff was not prespecified
2748406118,5,45,M,Consolidation,2,10,True,False,exploratory warning; cutoff was not prespecified
2748406118,5,45,M,Infiltration,34,10,False,False,exploratory warning; cutoff was not prespecified
2748406118,5,45,M,Pneumothorax,0,10,True,True,exploratory warning; cutoff was not prespecified
2748406118,5,45,M,Edema,2,10,True,False,exploratory warning; cutoff was not prespecified
2748406118,5,45,M,Emphysema,1,10,True,False,exploratory warning; cutoff was not prespecified
2748406118,5,45,M,Fibrosis,7,10,True,False,exploratory warning; cutoff was not prespecified
2748406118,5,45,M,Effusion,13,10,False,False,exploratory warning; cutoff was not prespecified
2748406118,5,45,M,Pneumonia,1,10,True,False,exploratory warning; cutoff was not prespecified
2748406118,5,45,M,Pleural_Thickening,7,10,True,False,exploratory warning; cutoff was not prespecified
2748406118,5,45,M,Cardiomegaly,6,10,True,False,exploratory warning; cutoff was not prespecified
2748406118,5,45,M,Nodule,19,10,False,False,exploratory warning; cutoff was not prespecified
2748406118,5,45,M,Mass,13,10,False,False,exploratory warning; cutoff was not prespecified
2748406118,5,45,M,Hernia,0,10,True,True,exploratory warning; cutoff was not prespecified
2748406118,5,50,M,Atelectasis,21,10,False,False,exploratory warning; cutoff was not prespecified
2748406118,5,50,M,Consolidation,4,10,True,False,exploratory warning; cutoff was not prespecified
2748406118,5,50,M,Infiltration,53,10,False,False,exploratory warning; cutoff was not prespecified
2748406118,5,50,M,Pneumothorax,1,10,True,False,exploratory warning; cutoff was not prespecified
2748406118,5,50,M,Edema,1,10,True,False,exploratory warning; cutoff was not prespecified
2748406118,5,50,M,Emphysema,3,10,True,False,exploratory warning; cutoff was not prespecified
2748406118,5,50,M,Fibrosis,6,10,True,False,exploratory warning; cutoff was not prespecified
2748406118,5,50,M,Effusion,11,10,False,False,exploratory warning; cutoff was not prespecified
2748406118,5,50,M,Pneumonia,3,10,True,False,exploratory warning; cutoff was not prespecified
2748406118,5,50,M,Pleural_Thickening,6,10,True,False,exploratory warning; cutoff was not prespecified
2748406118,5,50,M,Cardiomegaly,8,10,True,False,exploratory warning; cutoff was not prespecified
2748406118,5,50,M,Nodule,18,10,False,False,exploratory warning; cutoff was not prespecified
2748406118,5,50,M,Mass,9,10,True,False,exploratory warning; cutoff was not prespecified
2748406118,5,50,M,Hernia,0,10,True,True,exploratory warning; cutoff was not prespecified
2748406118,5,55,M,Atelectasis,27,10,False,False,exploratory warning; cutoff was not prespecified
2748406118,5,55,M,Consolidation,3,10,True,False,exploratory warning; cutoff was not prespecified
2748406118,5,55,M,Infiltration,46,10,False,False,exploratory warning; cutoff was not prespecified
2748406118,5,55,M,Pneumothorax,2,10,True,False,exploratory warning; cutoff was not prespecified
2748406118,5,55,M,Edema,0,10,True,True,exploratory warning; cutoff was not prespecified
2748406118,5,55,M,Emphysema,1,10,True,False,exploratory warning; cutoff was not prespecified
2748406118,5,55,M,Fibrosis,8,10,True,False,exploratory warning; cutoff was not prespecified
2748406118,5,55,M,Effusion,20,10,False,False,exploratory warning; cutoff was not prespecified
2748406118,5,55,M,Pneumonia,0,10,True,True,exploratory warning; cutoff was not prespecified
2748406118,5,55,M,Pleural_Thickening,9,10,True,False,exploratory warning; cutoff was not prespecified
2748406118,5,55,M,Cardiomegaly,7,10,True,False,exploratory warning; cutoff was not prespecified
2748406118,5,55,M,Nodule,33,10,False,False,exploratory warning; cutoff was not prespecified
2748406118,5,55,M,Mass,24,10,False,False,exploratory warning; cutoff was not prespecified
2748406118,5,55,M,Hernia,1,10,True,False,exploratory warning; cutoff was not prespecified
2748406118,5,60,M,Atelectasis,24,10,False,False,exploratory warning; cutoff was not prespecified
2748406118,5,60,M,Consolidation,3,10,True,False,exploratory warning; cutoff was not prespecified
2748406118,5,60,M,Infiltration,45,10,False,False,exploratory warning; cutoff was not prespecified
2748406118,5,60,M,Pneumothorax,0,10,True,True,exploratory warning; cutoff was not prespecified
2748406118,5,60,M,Edema,2,10,True,False,exploratory warning; cutoff was not prespecified
2748406118,5,60,M,Emphysema,2,10,True,False,exploratory warning; cutoff was not prespecified
2748406118,5,60,M,Fibrosis,9,10,True,False,exploratory warning; cutoff was not prespecified
2748406118,5,60,M,Effusion,20,10,False,False,exploratory warning; cutoff was not prespecified
2748406118,5,60,M,Pneumonia,3,10,True,False,exploratory warning; cutoff was not prespecified
2748406118,5,60,M,Pleural_Thickening,13,10,False,False,exploratory warning; cutoff was not prespecified
2748406118,5,60,M,Cardiomegaly,4,10,True,False,exploratory warning; cutoff was not prespecified
2748406118,5,60,M,Nodule,23,10,False,False,exploratory warning; cutoff was not prespecified
2748406118,5,60,M,Mass,16,10,False,False,exploratory warning; cutoff was not prespecified
2748406118,5,60,M,Hernia,3,10,True,False,exploratory warning; cutoff was not prespecified
2748406118,5,65,M,Atelectasis,27,10,False,False,exploratory warning; cutoff was not prespecified
2748406118,5,65,M,Consolidation,3,10,True,False,exploratory warning; cutoff was not prespecified
2748406118,5,65,M,Infiltration,28,10,False,False,exploratory warning; cutoff was not prespecified
2748406118,5,65,M,Pneumothorax,2,10,True,False,exploratory warning; cutoff was not prespecified
2748406118,5,65,M,Edema,1,10,True,False,exploratory warning; cutoff was not prespecified
2748406118,5,65,M,Emphysema,8,10,True,False,exploratory warning; cutoff was not prespecified
2748406118,5,65,M,Fibrosis,5,10,True,False,exploratory warning; cutoff was not prespecified
2748406118,5,65,M,Effusion,8,10,True,False,exploratory warning; cutoff was not prespecified
2748406118,5,65,M,Pneumonia,3,10,True,False,exploratory warning; cutoff was not prespecified
2748406118,5,65,M,Pleural_Thickening,13,10,False,False,exploratory warning; cutoff was not prespecified
2748406118,5,65,M,Cardiomegaly,7,10,True,False,exploratory warning; cutoff was not prespecified
2748406118,5,65,M,Nodule,15,10,False,False,exploratory warning; cutoff was not prespecified
2748406118,5,65,M,Mass,9,10,True,False,exploratory warning; cutoff was not prespecified
2748406118,5,65,M,Hernia,1,10,True,False,exploratory warning; cutoff was not prespecified
2748406118,5,70,M,Atelectasis,16,10,False,False,exploratory warning; cutoff was not prespecified
2748406118,5,70,M,Consolidation,0,10,True,True,exploratory warning; cutoff was not prespecified
2748406118,5,70,M,Infiltration,15,10,False,False,exploratory warning; cutoff was not prespecified
2748406118,5,70,M,Pneumothorax,1,10,True,False,exploratory warning; cutoff was not prespecified
2748406118,5,70,M,Edema,0,10,True,True,exploratory warning; cutoff was not prespecified
2748406118,5,70,M,Emphysema,5,10,True,False,exploratory warning; cutoff was not prespecified
2748406118,5,70,M,Fibrosis,3,10,True,False,exploratory warning; cutoff was not prespecified
2748406118,5,70,M,Effusion,8,10,True,False,exploratory warning; cutoff was not prespecified
2748406118,5,70,M,Pneumonia,2,10,True,False,exploratory warning; cutoff was not prespecified
2748406118,5,70,M,Pleural_Thickening,4,10,True,False,exploratory warning; cutoff was not prespecified
2748406118,5,70,M,Cardiomegaly,3,10,True,False,exploratory warning; cutoff was not prespecified
2748406118,5,70,M,Nodule,8,10,True,False,exploratory warning; cutoff was not prespecified
2748406118,5,70,M,Mass,6,10,True,False,exploratory warning; cutoff was not prespecified
2748406118,5,70,M,Hernia,0,10,True,True,exploratory warning; cutoff was not prespecified
2748406118,5,75,M,Atelectasis,8,10,True,False,exploratory warning; cutoff was not prespecified
2748406118,5,75,M,Consolidation,1,10,True,False,exploratory warning; cutoff was not prespecified
2748406118,5,75,M,Infiltration,10,10,False,False,exploratory warning; cutoff was not prespecified
2748406118,5,75,M,Pneumothorax,1,10,True,False,exploratory warning; cutoff was not prespecified
2748406118,5,75,M,Edema,0,10,True,True,exploratory warning; cutoff was not prespecified
2748406118,5,75,M,Emphysema,2,10,True,False,exploratory warning; cutoff was not prespecified
2748406118,5,75,M,Fibrosis,3,10,True,False,exploratory warning; cutoff was not prespecified
2748406118,5,75,M,Effusion,7,10,True,False,exploratory warning; cutoff was not prespecified
2748406118,5,75,M,Pneumonia,0,10,True,True,exploratory warning; cutoff was not prespecified
2748406118,5,75,M,Pleural_Thickening,2,10,True,False,exploratory warning; cutoff was not prespecified
2748406118,5,75,M,Cardiomegaly,3,10,True,False,exploratory warning; cutoff was not prespecified
2748406118,5,75,M,Nodule,2,10,True,False,exploratory warning; cutoff was not prespecified
2748406118,5,75,M,Mass,4,10,True,False,exploratory warning; cutoff was not prespecified
2748406118,5,75,M,Hernia,0,10,True,True,exploratory warning; cutoff was not prespecified
2748406118,5,80,M,Atelectasis,5,10,True,False,exploratory warning; cutoff was not prespecified
2748406118,5,80,M,Consolidation,1,10,True,False,exploratory warning; cutoff was not prespecified
2748406118,5,80,M,Infiltration,5,10,True,False,exploratory warning; cutoff was not prespecified
2748406118,5,80,M,Pneumothorax,0,10,True,True,exploratory warning; cutoff was not prespecified
2748406118,5,80,M,Edema,1,10,True,False,exploratory warning; cutoff was not prespecified
2748406118,5,80,M,Emphysema,2,10,True,False,exploratory warning; cutoff was not prespecified
2748406118,5,80,M,Fibrosis,1,10,True,False,exploratory warning; cutoff was not prespecified
2748406118,5,80,M,Effusion,1,10,True,False,exploratory warning; cutoff was not prespecified
2748406118,5,80,M,Pneumonia,0,10,True,True,exploratory warning; cutoff was not prespecified
2748406118,5,80,M,Pleural_Thickening,0,10,True,True,exploratory warning; cutoff was not prespecified
2748406118,5,80,M,Cardiomegaly,1,10,True,False,exploratory warning; cutoff was not prespecified
2748406118,5,80,M,Nodule,2,10,True,False,exploratory warning; cutoff was not prespecified
2748406118,5,80,M,Mass,3,10,True,False,exploratory warning; cutoff was not prespecified
2748406118,5,80,M,Hernia,0,10,True,True,exploratory warning; cutoff was not prespecified
2748406118,5,85,M,Atelectasis,0,10,True,True,exploratory warning; cutoff was not prespecified
2748406118,5,85,M,Consolidation,1,10,True,False,exploratory warning; cutoff was not prespecified
2748406118,5,85,M,Infiltration,1,10,True,False,exploratory warning; cutoff was not prespecified
2748406118,5,85,M,Pneumothorax,0,10,True,True,exploratory warning; cutoff was not prespecified
2748406118,5,85,M,Edema,0,10,True,True,exploratory warning; cutoff was not prespecified
2748406118,5,85,M,Emphysema,1,10,True,False,exploratory warning; cutoff was not prespecified
2748406118,5,85,M,Fibrosis,1,10,True,False,exploratory warning; cutoff was not prespecified
2748406118,5,85,M,Effusion,2,10,True,False,exploratory warning; cutoff was not prespecified
2748406118,5,85,M,Pneumonia,0,10,True,True,exploratory warning; cutoff was not prespecified
2748406118,5,85,M,Pleural_Thickening,0,10,True,True,exploratory warning; cutoff was not prespecified
2748406118,5,85,M,Cardiomegaly,2,10,True,False,exploratory warning; cutoff was not prespecified
2748406118,5,85,M,Nodule,1,10,True,False,exploratory warning; cutoff was not prespecified
2748406118,5,85,M,Mass,1,10,True,False,exploratory warning; cutoff was not prespecified
2748406118,5,85,M,Hernia,0,10,True,True,exploratory warning; cutoff was not prespecified
2748406118,5,90,M,Atelectasis,0,10,True,True,exploratory warning; cutoff was not prespecified
2748406118,5,90,M,Consolidation,0,10,True,True,exploratory warning; cutoff was not prespecified
2748406118,5,90,M,Infiltration,0,10,True,True,exploratory warning; cutoff was not prespecified
2748406118,5,90,M,Pneumothorax,0,10,True,True,exploratory warning; cutoff was not prespecified
2748406118,5,90,M,Edema,0,10,True,True,exploratory warning; cutoff was not prespecified
2748406118,5,90,M,Emphysema,0,10,True,True,exploratory warning; cutoff was not prespecified
2748406118,5,90,M,Fibrosis,0,10,True,True,exploratory warning; cutoff was not prespecified
2748406118,5,90,M,Effusion,0,10,True,True,exploratory warning; cutoff was not prespecified
2748406118,5,90,M,Pneumonia,0,10,True,True,exploratory warning; cutoff was not prespecified
2748406118,5,90,M,Pleural_Thickening,0,10,True,True,exploratory warning; cutoff was not prespecified
2748406118,5,90,M,Cardiomegaly,0,10,True,True,exploratory warning; cutoff was not prespecified
2748406118,5,90,M,Nodule,1,10,True,False,exploratory warning; cutoff was not prespecified
2748406118,5,90,M,Mass,0,10,True,True,exploratory warning; cutoff was not prespecified
2748406118,5,90,M,Hernia,0,10,True,True,exploratory warning; cutoff was not prespecified
2748406118,10,0,F,Atelectasis,2,10,True,False,exploratory warning; cutoff was not prespecified
2748406118,10,0,F,Consolidation,2,10,True,False,exploratory warning; cutoff was not prespecified
2748406118,10,0,F,Infiltration,9,10,True,False,exploratory warning; cutoff was not prespecified
2748406118,10,0,F,Pneumothorax,0,10,True,True,exploratory warning; cutoff was not prespecified
2748406118,10,0,F,Edema,2,10,True,False,exploratory warning; cutoff was not prespecified
2748406118,10,0,F,Emphysema,0,10,True,True,exploratory warning; cutoff was not prespecified
2748406118,10,0,F,Fibrosis,0,10,True,True,exploratory warning; cutoff was not prespecified
2748406118,10,0,F,Effusion,1,10,True,False,exploratory warning; cutoff was not prespecified
2748406118,10,0,F,Pneumonia,2,10,True,False,exploratory warning; cutoff was not prespecified
2748406118,10,0,F,Pleural_Thickening,0,10,True,True,exploratory warning; cutoff was not prespecified
2748406118,10,0,F,Cardiomegaly,0,10,True,True,exploratory warning; cutoff was not prespecified
2748406118,10,0,F,Nodule,0,10,True,True,exploratory warning; cutoff was not prespecified
2748406118,10,0,F,Mass,2,10,True,False,exploratory warning; cutoff was not prespecified
2748406118,10,0,F,Hernia,0,10,True,True,exploratory warning; cutoff was not prespecified
2748406118,10,10,F,Atelectasis,2,10,True,False,exploratory warning; cutoff was not prespecified
2748406118,10,10,F,Consolidation,2,10,True,False,exploratory warning; cutoff was not prespecified
2748406118,10,10,F,Infiltration,11,10,False,False,exploratory warning; cutoff was not prespecified
2748406118,10,10,F,Pneumothorax,1,10,True,False,exploratory warning; cutoff was not prespecified
2748406118,10,10,F,Edema,0,10,True,True,exploratory warning; cutoff was not prespecified
2748406118,10,10,F,Emphysema,0,10,True,True,exploratory warning; cutoff was not prespecified
2748406118,10,10,F,Fibrosis,0,10,True,True,exploratory warning; cutoff was not prespecified
2748406118,10,10,F,Effusion,2,10,True,False,exploratory warning; cutoff was not prespecified
2748406118,10,10,F,Pneumonia,0,10,True,True,exploratory warning; cutoff was not prespecified
2748406118,10,10,F,Pleural_Thickening,0,10,True,True,exploratory warning; cutoff was not prespecified
2748406118,10,10,F,Cardiomegaly,2,10,True,False,exploratory warning; cutoff was not prespecified
2748406118,10,10,F,Nodule,8,10,True,False,exploratory warning; cutoff was not prespecified
2748406118,10,10,F,Mass,3,10,True,False,exploratory warning; cutoff was not prespecified
2748406118,10,10,F,Hernia,0,10,True,True,exploratory warning; cutoff was not prespecified
2748406118,10,20,F,Atelectasis,8,10,True,False,exploratory warning; cutoff was not prespecified
2748406118,10,20,F,Consolidation,1,10,True,False,exploratory warning; cutoff was not prespecified
2748406118,10,20,F,Infiltration,29,10,False,False,exploratory warning; cutoff was not prespecified
2748406118,10,20,F,Pneumothorax,4,10,True,False,exploratory warning; cutoff was not prespecified
2748406118,10,20,F,Edema,1,10,True,False,exploratory warning; cutoff was not prespecified
2748406118,10,20,F,Emphysema,0,10,True,True,exploratory warning; cutoff was not prespecified
2748406118,10,20,F,Fibrosis,2,10,True,False,exploratory warning; cutoff was not prespecified
2748406118,10,20,F,Effusion,6,10,True,False,exploratory warning; cutoff was not prespecified
2748406118,10,20,F,Pneumonia,2,10,True,False,exploratory warning; cutoff was not prespecified
2748406118,10,20,F,Pleural_Thickening,1,10,True,False,exploratory warning; cutoff was not prespecified
2748406118,10,20,F,Cardiomegaly,9,10,True,False,exploratory warning; cutoff was not prespecified
2748406118,10,20,F,Nodule,11,10,False,False,exploratory warning; cutoff was not prespecified
2748406118,10,20,F,Mass,14,10,False,False,exploratory warning; cutoff was not prespecified
2748406118,10,20,F,Hernia,1,10,True,False,exploratory warning; cutoff was not prespecified
2748406118,10,30,F,Atelectasis,10,10,False,False,exploratory warning; cutoff was not prespecified
2748406118,10,30,F,Consolidation,2,10,True,False,exploratory warning; cutoff was not prespecified
2748406118,10,30,F,Infiltration,61,10,False,False,exploratory warning; cutoff was not prespecified
2748406118,10,30,F,Pneumothorax,4,10,True,False,exploratory warning; cutoff was not prespecified
2748406118,10,30,F,Edema,2,10,True,False,exploratory warning; cutoff was not prespecified
2748406118,10,30,F,Emphysema,2,10,True,False,exploratory warning; cutoff was not prespecified
2748406118,10,30,F,Fibrosis,6,10,True,False,exploratory warning; cutoff was not prespecified
2748406118,10,30,F,Effusion,12,10,False,False,exploratory warning; cutoff was not prespecified
2748406118,10,30,F,Pneumonia,4,10,True,False,exploratory warning; cutoff was not prespecified
2748406118,10,30,F,Pleural_Thickening,4,10,True,False,exploratory warning; cutoff was not prespecified
2748406118,10,30,F,Cardiomegaly,14,10,False,False,exploratory warning; cutoff was not prespecified
2748406118,10,30,F,Nodule,8,10,True,False,exploratory warning; cutoff was not prespecified
2748406118,10,30,F,Mass,6,10,True,False,exploratory warning; cutoff was not prespecified
2748406118,10,30,F,Hernia,0,10,True,True,exploratory warning; cutoff was not prespecified
2748406118,10,40,F,Atelectasis,23,10,False,False,exploratory warning; cutoff was not prespecified
2748406118,10,40,F,Consolidation,5,10,True,False,exploratory warning; cutoff was not prespecified
2748406118,10,40,F,Infiltration,66,10,False,False,exploratory warning; cutoff was not prespecified
2748406118,10,40,F,Pneumothorax,9,10,True,False,exploratory warning; cutoff was not prespecified
2748406118,10,40,F,Edema,1,10,True,False,exploratory warning; cutoff was not prespecified
2748406118,10,40,F,Emphysema,1,10,True,False,exploratory warning; cutoff was not prespecified
2748406118,10,40,F,Fibrosis,10,10,False,False,exploratory warning; cutoff was not prespecified
2748406118,10,40,F,Effusion,20,10,False,False,exploratory warning; cutoff was not prespecified
2748406118,10,40,F,Pneumonia,6,10,True,False,exploratory warning; cutoff was not prespecified
2748406118,10,40,F,Pleural_Thickening,14,10,False,False,exploratory warning; cutoff was not prespecified
2748406118,10,40,F,Cardiomegaly,9,10,True,False,exploratory warning; cutoff was not prespecified
2748406118,10,40,F,Nodule,28,10,False,False,exploratory warning; cutoff was not prespecified
2748406118,10,40,F,Mass,17,10,False,False,exploratory warning; cutoff was not prespecified
2748406118,10,40,F,Hernia,1,10,True,False,exploratory warning; cutoff was not prespecified
2748406118,10,50,F,Atelectasis,42,10,False,False,exploratory warning; cutoff was not prespecified
2748406118,10,50,F,Consolidation,10,10,False,False,exploratory warning; cutoff was not prespecified
2748406118,10,50,F,Infiltration,64,10,False,False,exploratory warning; cutoff was not prespecified
2748406118,10,50,F,Pneumothorax,8,10,True,False,exploratory warning; cutoff was not prespecified
2748406118,10,50,F,Edema,1,10,True,False,exploratory warning; cutoff was not prespecified
2748406118,10,50,F,Emphysema,6,10,True,False,exploratory warning; cutoff was not prespecified
2748406118,10,50,F,Fibrosis,19,10,False,False,exploratory warning; cutoff was not prespecified
2748406118,10,50,F,Effusion,33,10,False,False,exploratory warning; cutoff was not prespecified
2748406118,10,50,F,Pneumonia,3,10,True,False,exploratory warning; cutoff was not prespecified
2748406118,10,50,F,Pleural_Thickening,27,10,False,False,exploratory warning; cutoff was not prespecified
2748406118,10,50,F,Cardiomegaly,29,10,False,False,exploratory warning; cutoff was not prespecified
2748406118,10,50,F,Nodule,45,10,False,False,exploratory warning; cutoff was not prespecified
2748406118,10,50,F,Mass,30,10,False,False,exploratory warning; cutoff was not prespecified
2748406118,10,50,F,Hernia,3,10,True,False,exploratory warning; cutoff was not prespecified
2748406118,10,60,F,Atelectasis,30,10,False,False,exploratory warning; cutoff was not prespecified
2748406118,10,60,F,Consolidation,9,10,True,False,exploratory warning; cutoff was not prespecified
2748406118,10,60,F,Infiltration,60,10,False,False,exploratory warning; cutoff was not prespecified
2748406118,10,60,F,Pneumothorax,5,10,True,False,exploratory warning; cutoff was not prespecified
2748406118,10,60,F,Edema,1,10,True,False,exploratory warning; cutoff was not prespecified
2748406118,10,60,F,Emphysema,5,10,True,False,exploratory warning; cutoff was not prespecified
2748406118,10,60,F,Fibrosis,11,10,False,False,exploratory warning; cutoff was not prespecified
2748406118,10,60,F,Effusion,32,10,False,False,exploratory warning; cutoff was not prespecified
2748406118,10,60,F,Pneumonia,3,10,True,False,exploratory warning; cutoff was not prespecified
2748406118,10,60,F,Pleural_Thickening,17,10,False,False,exploratory warning; cutoff was not prespecified
2748406118,10,60,F,Cardiomegaly,17,10,False,False,exploratory warning; cutoff was not prespecified
2748406118,10,60,F,Nodule,47,10,False,False,exploratory warning; cutoff was not prespecified
2748406118,10,60,F,Mass,30,10,False,False,exploratory warning; cutoff was not prespecified
2748406118,10,60,F,Hernia,0,10,True,True,exploratory warning; cutoff was not prespecified
2748406118,10,70,F,Atelectasis,9,10,True,False,exploratory warning; cutoff was not prespecified
2748406118,10,70,F,Consolidation,3,10,True,False,exploratory warning; cutoff was not prespecified
2748406118,10,70,F,Infiltration,15,10,False,False,exploratory warning; cutoff was not prespecified
2748406118,10,70,F,Pneumothorax,0,10,True,True,exploratory warning; cutoff was not prespecified
2748406118,10,70,F,Edema,2,10,True,False,exploratory warning; cutoff was not prespecified
2748406118,10,70,F,Emphysema,4,10,True,False,exploratory warning; cutoff was not prespecified
2748406118,10,70,F,Fibrosis,5,10,True,False,exploratory warning; cutoff was not prespecified
2748406118,10,70,F,Effusion,13,10,False,False,exploratory warning; cutoff was not prespecified
2748406118,10,70,F,Pneumonia,1,10,True,False,exploratory warning; cutoff was not prespecified
2748406118,10,70,F,Pleural_Thickening,11,10,False,False,exploratory warning; cutoff was not prespecified
2748406118,10,70,F,Cardiomegaly,10,10,False,False,exploratory warning; cutoff was not prespecified
2748406118,10,70,F,Nodule,10,10,False,False,exploratory warning; cutoff was not prespecified
2748406118,10,70,F,Mass,10,10,False,False,exploratory warning; cutoff was not prespecified
2748406118,10,70,F,Hernia,0,10,True,True,exploratory warning; cutoff was not prespecified
2748406118,10,80,F,Atelectasis,0,10,True,True,exploratory warning; cutoff was not prespecified
2748406118,10,80,F,Consolidation,0,10,True,True,exploratory warning; cutoff was not prespecified
2748406118,10,80,F,Infiltration,3,10,True,False,exploratory warning; cutoff was not prespecified
2748406118,10,80,F,Pneumothorax,0,10,True,True,exploratory warning; cutoff was not prespecified
2748406118,10,80,F,Edema,0,10,True,True,exploratory warning; cutoff was not prespecified
2748406118,10,80,F,Emphysema,0,10,True,True,exploratory warning; cutoff was not prespecified
2748406118,10,80,F,Fibrosis,0,10,True,True,exploratory warning; cutoff was not prespecified
2748406118,10,80,F,Effusion,1,10,True,False,exploratory warning; cutoff was not prespecified
2748406118,10,80,F,Pneumonia,0,10,True,True,exploratory warning; cutoff was not prespecified
2748406118,10,80,F,Pleural_Thickening,2,10,True,False,exploratory warning; cutoff was not prespecified
2748406118,10,80,F,Cardiomegaly,1,10,True,False,exploratory warning; cutoff was not prespecified
2748406118,10,80,F,Nodule,3,10,True,False,exploratory warning; cutoff was not prespecified
2748406118,10,80,F,Mass,2,10,True,False,exploratory warning; cutoff was not prespecified
2748406118,10,80,F,Hernia,1,10,True,False,exploratory warning; cutoff was not prespecified
2748406118,10,90,F,Atelectasis,2,10,True,False,exploratory warning; cutoff was not prespecified
2748406118,10,90,F,Consolidation,0,10,True,True,exploratory warning; cutoff was not prespecified
2748406118,10,90,F,Infiltration,1,10,True,False,exploratory warning; cutoff was not prespecified
2748406118,10,90,F,Pneumothorax,0,10,True,True,exploratory warning; cutoff was not prespecified
2748406118,10,90,F,Edema,0,10,True,True,exploratory warning; cutoff was not prespecified
2748406118,10,90,F,Emphysema,0,10,True,True,exploratory warning; cutoff was not prespecified
2748406118,10,90,F,Fibrosis,0,10,True,True,exploratory warning; cutoff was not prespecified
2748406118,10,90,F,Effusion,0,10,True,True,exploratory warning; cutoff was not prespecified
2748406118,10,90,F,Pneumonia,0,10,True,True,exploratory warning; cutoff was not prespecified
2748406118,10,90,F,Pleural_Thickening,1,10,True,False,exploratory warning; cutoff was not prespecified
2748406118,10,90,F,Cardiomegaly,0,10,True,True,exploratory warning; cutoff was not prespecified
2748406118,10,90,F,Nodule,0,10,True,True,exploratory warning; cutoff was not prespecified
2748406118,10,90,F,Mass,0,10,True,True,exploratory warning; cutoff was not prespecified
2748406118,10,90,F,Hernia,0,10,True,True,exploratory warning; cutoff was not prespecified
2748406118,10,0,M,Atelectasis,6,10,True,False,exploratory warning; cutoff was not prespecified
2748406118,10,0,M,Consolidation,2,10,True,False,exploratory warning; cutoff was not prespecified
2748406118,10,0,M,Infiltration,11,10,False,False,exploratory warning; cutoff was not prespecified
2748406118,10,0,M,Pneumothorax,0,10,True,True,exploratory warning; cutoff was not prespecified
2748406118,10,0,M,Edema,1,10,True,False,exploratory warning; cutoff was not prespecified
2748406118,10,0,M,Emphysema,0,10,True,True,exploratory warning; cutoff was not prespecified
2748406118,10,0,M,Fibrosis,1,10,True,False,exploratory warning; cutoff was not prespecified
2748406118,10,0,M,Effusion,2,10,True,False,exploratory warning; cutoff was not prespecified
2748406118,10,0,M,Pneumonia,2,10,True,False,exploratory warning; cutoff was not prespecified
2748406118,10,0,M,Pleural_Thickening,1,10,True,False,exploratory warning; cutoff was not prespecified
2748406118,10,0,M,Cardiomegaly,1,10,True,False,exploratory warning; cutoff was not prespecified
2748406118,10,0,M,Nodule,0,10,True,True,exploratory warning; cutoff was not prespecified
2748406118,10,0,M,Mass,1,10,True,False,exploratory warning; cutoff was not prespecified
2748406118,10,0,M,Hernia,0,10,True,True,exploratory warning; cutoff was not prespecified
2748406118,10,10,M,Atelectasis,7,10,True,False,exploratory warning; cutoff was not prespecified
2748406118,10,10,M,Consolidation,3,10,True,False,exploratory warning; cutoff was not prespecified
2748406118,10,10,M,Infiltration,22,10,False,False,exploratory warning; cutoff was not prespecified
2748406118,10,10,M,Pneumothorax,1,10,True,False,exploratory warning; cutoff was not prespecified
2748406118,10,10,M,Edema,0,10,True,True,exploratory warning; cutoff was not prespecified
2748406118,10,10,M,Emphysema,2,10,True,False,exploratory warning; cutoff was not prespecified
2748406118,10,10,M,Fibrosis,1,10,True,False,exploratory warning; cutoff was not prespecified
2748406118,10,10,M,Effusion,6,10,True,False,exploratory warning; cutoff was not prespecified
2748406118,10,10,M,Pneumonia,0,10,True,True,exploratory warning; cutoff was not prespecified
2748406118,10,10,M,Pleural_Thickening,2,10,True,False,exploratory warning; cutoff was not prespecified
2748406118,10,10,M,Cardiomegaly,6,10,True,False,exploratory warning; cutoff was not prespecified
2748406118,10,10,M,Nodule,5,10,True,False,exploratory warning; cutoff was not prespecified
2748406118,10,10,M,Mass,5,10,True,False,exploratory warning; cutoff was not prespecified
2748406118,10,10,M,Hernia,0,10,True,True,exploratory warning; cutoff was not prespecified
2748406118,10,20,M,Atelectasis,13,10,False,False,exploratory warning; cutoff was not prespecified
2748406118,10,20,M,Consolidation,3,10,True,False,exploratory warning; cutoff was not prespecified
2748406118,10,20,M,Infiltration,49,10,False,False,exploratory warning; cutoff was not prespecified
2748406118,10,20,M,Pneumothorax,1,10,True,False,exploratory warning; cutoff was not prespecified
2748406118,10,20,M,Edema,1,10,True,False,exploratory warning; cutoff was not prespecified
2748406118,10,20,M,Emphysema,0,10,True,True,exploratory warning; cutoff was not prespecified
2748406118,10,20,M,Fibrosis,0,10,True,True,exploratory warning; cutoff was not prespecified
2748406118,10,20,M,Effusion,7,10,True,False,exploratory warning; cutoff was not prespecified
2748406118,10,20,M,Pneumonia,7,10,True,False,exploratory warning; cutoff was not prespecified
2748406118,10,20,M,Pleural_Thickening,5,10,True,False,exploratory warning; cutoff was not prespecified
2748406118,10,20,M,Cardiomegaly,10,10,False,False,exploratory warning; cutoff was not prespecified
2748406118,10,20,M,Nodule,13,10,False,False,exploratory warning; cutoff was not prespecified
2748406118,10,20,M,Mass,20,10,False,False,exploratory warning; cutoff was not prespecified
2748406118,10,20,M,Hernia,0,10,True,True,exploratory warning; cutoff was not prespecified
2748406118,10,30,M,Atelectasis,15,10,False,False,exploratory warning; cutoff was not prespecified
2748406118,10,30,M,Consolidation,1,10,True,False,exploratory warning; cutoff was not prespecified
2748406118,10,30,M,Infiltration,59,10,False,False,exploratory warning; cutoff was not prespecified
2748406118,10,30,M,Pneumothorax,1,10,True,False,exploratory warning; cutoff was not prespecified
2748406118,10,30,M,Edema,1,10,True,False,exploratory warning; cutoff was not prespecified
2748406118,10,30,M,Emphysema,1,10,True,False,exploratory warning; cutoff was not prespecified
2748406118,10,30,M,Fibrosis,5,10,True,False,exploratory warning; cutoff was not prespecified
2748406118,10,30,M,Effusion,15,10,False,False,exploratory warning; cutoff was not prespecified
2748406118,10,30,M,Pneumonia,1,10,True,False,exploratory warning; cutoff was not prespecified
2748406118,10,30,M,Pleural_Thickening,8,10,True,False,exploratory warning; cutoff was not prespecified
2748406118,10,30,M,Cardiomegaly,11,10,False,False,exploratory warning; cutoff was not prespecified
2748406118,10,30,M,Nodule,15,10,False,False,exploratory warning; cutoff was not prespecified
2748406118,10,30,M,Mass,16,10,False,False,exploratory warning; cutoff was not prespecified
2748406118,10,30,M,Hernia,0,10,True,True,exploratory warning; cutoff was not prespecified
2748406118,10,40,M,Atelectasis,38,10,False,False,exploratory warning; cutoff was not prespecified
2748406118,10,40,M,Consolidation,6,10,True,False,exploratory warning; cutoff was not prespecified
2748406118,10,40,M,Infiltration,67,10,False,False,exploratory warning; cutoff was not prespecified
2748406118,10,40,M,Pneumothorax,1,10,True,False,exploratory warning; cutoff was not prespecified
2748406118,10,40,M,Edema,3,10,True,False,exploratory warning; cutoff was not prespecified
2748406118,10,40,M,Emphysema,2,10,True,False,exploratory warning; cutoff was not prespecified
2748406118,10,40,M,Fibrosis,9,10,True,False,exploratory warning; cutoff was not prespecified
2748406118,10,40,M,Effusion,18,10,False,False,exploratory warning; cutoff was not prespecified
2748406118,10,40,M,Pneumonia,2,10,True,False,exploratory warning; cutoff was not prespecified
2748406118,10,40,M,Pleural_Thickening,10,10,False,False,exploratory warning; cutoff was not prespecified
2748406118,10,40,M,Cardiomegaly,10,10,False,False,exploratory warning; cutoff was not prespecified
2748406118,10,40,M,Nodule,27,10,False,False,exploratory warning; cutoff was not prespecified
2748406118,10,40,M,Mass,25,10,False,False,exploratory warning; cutoff was not prespecified
2748406118,10,40,M,Hernia,0,10,True,True,exploratory warning; cutoff was not prespecified
2748406118,10,50,M,Atelectasis,48,10,False,False,exploratory warning; cutoff was not prespecified
2748406118,10,50,M,Consolidation,7,10,True,False,exploratory warning; cutoff was not prespecified
2748406118,10,50,M,Infiltration,99,10,False,False,exploratory warning; cutoff was not prespecified
2748406118,10,50,M,Pneumothorax,3,10,True,False,exploratory warning; cutoff was not prespecified
2748406118,10,50,M,Edema,1,10,True,False,exploratory warning; cutoff was not prespecified
2748406118,10,50,M,Emphysema,4,10,True,False,exploratory warning; cutoff was not prespecified
2748406118,10,50,M,Fibrosis,14,10,False,False,exploratory warning; cutoff was not prespecified
2748406118,10,50,M,Effusion,31,10,False,False,exploratory warning; cutoff was not prespecified
2748406118,10,50,M,Pneumonia,3,10,True,False,exploratory warning; cutoff was not prespecified
2748406118,10,50,M,Pleural_Thickening,15,10,False,False,exploratory warning; cutoff was not prespecified
2748406118,10,50,M,Cardiomegaly,15,10,False,False,exploratory warning; cutoff was not prespecified
2748406118,10,50,M,Nodule,51,10,False,False,exploratory warning; cutoff was not prespecified
2748406118,10,50,M,Mass,33,10,False,False,exploratory warning; cutoff was not prespecified
2748406118,10,50,M,Hernia,1,10,True,False,exploratory warning; cutoff was not prespecified
2748406118,10,60,M,Atelectasis,51,10,False,False,exploratory warning; cutoff was not prespecified
2748406118,10,60,M,Consolidation,6,10,True,False,exploratory warning; cutoff was not prespecified
2748406118,10,60,M,Infiltration,73,10,False,False,exploratory warning; cutoff was not prespecified
2748406118,10,60,M,Pneumothorax,2,10,True,False,exploratory warning; cutoff was not prespecified
2748406118,10,60,M,Edema,3,10,True,False,exploratory warning; cutoff was not prespecified
2748406118,10,60,M,Emphysema,10,10,False,False,exploratory warning; cutoff was not prespecified
2748406118,10,60,M,Fibrosis,14,10,False,False,exploratory warning; cutoff was not prespecified
2748406118,10,60,M,Effusion,28,10,False,False,exploratory warning; cutoff was not prespecified
2748406118,10,60,M,Pneumonia,6,10,True,False,exploratory warning; cutoff was not prespecified
2748406118,10,60,M,Pleural_Thickening,26,10,False,False,exploratory warning; cutoff was not prespecified
2748406118,10,60,M,Cardiomegaly,11,10,False,False,exploratory warning; cutoff was not prespecified
2748406118,10,60,M,Nodule,38,10,False,False,exploratory warning; cutoff was not prespecified
2748406118,10,60,M,Mass,25,10,False,False,exploratory warning; cutoff was not prespecified
2748406118,10,60,M,Hernia,4,10,True,False,exploratory warning; cutoff was not prespecified
2748406118,10,70,M,Atelectasis,24,10,False,False,exploratory warning; cutoff was not prespecified
2748406118,10,70,M,Consolidation,1,10,True,False,exploratory warning; cutoff was not prespecified
2748406118,10,70,M,Infiltration,25,10,False,False,exploratory warning; cutoff was not prespecified
2748406118,10,70,M,Pneumothorax,2,10,True,False,exploratory warning; cutoff was not prespecified
2748406118,10,70,M,Edema,0,10,True,True,exploratory warning; cutoff was not prespecified
2748406118,10,70,M,Emphysema,7,10,True,False,exploratory warning; cutoff was not prespecified
2748406118,10,70,M,Fibrosis,6,10,True,False,exploratory warning; cutoff was not prespecified
2748406118,10,70,M,Effusion,15,10,False,False,exploratory warning; cutoff was not prespecified
2748406118,10,70,M,Pneumonia,2,10,True,False,exploratory warning; cutoff was not prespecified
2748406118,10,70,M,Pleural_Thickening,6,10,True,False,exploratory warning; cutoff was not prespecified
2748406118,10,70,M,Cardiomegaly,6,10,True,False,exploratory warning; cutoff was not prespecified
2748406118,10,70,M,Nodule,10,10,False,False,exploratory warning; cutoff was not prespecified
2748406118,10,70,M,Mass,10,10,False,False,exploratory warning; cutoff was not prespecified
2748406118,10,70,M,Hernia,0,10,True,True,exploratory warning; cutoff was not prespecified
2748406118,10,80,M,Atelectasis,5,10,True,False,exploratory warning; cutoff was not prespecified
2748406118,10,80,M,Consolidation,2,10,True,False,exploratory warning; cutoff was not prespecified
2748406118,10,80,M,Infiltration,6,10,True,False,exploratory warning; cutoff was not prespecified
2748406118,10,80,M,Pneumothorax,0,10,True,True,exploratory warning; cutoff was not prespecified
2748406118,10,80,M,Edema,1,10,True,False,exploratory warning; cutoff was not prespecified
2748406118,10,80,M,Emphysema,3,10,True,False,exploratory warning; cutoff was not prespecified
2748406118,10,80,M,Fibrosis,2,10,True,False,exploratory warning; cutoff was not prespecified
2748406118,10,80,M,Effusion,3,10,True,False,exploratory warning; cutoff was not prespecified
2748406118,10,80,M,Pneumonia,0,10,True,True,exploratory warning; cutoff was not prespecified
2748406118,10,80,M,Pleural_Thickening,0,10,True,True,exploratory warning; cutoff was not prespecified
2748406118,10,80,M,Cardiomegaly,3,10,True,False,exploratory warning; cutoff was not prespecified
2748406118,10,80,M,Nodule,3,10,True,False,exploratory warning; cutoff was not prespecified
2748406118,10,80,M,Mass,4,10,True,False,exploratory warning; cutoff was not prespecified
2748406118,10,80,M,Hernia,0,10,True,True,exploratory warning; cutoff was not prespecified
2748406118,10,90,M,Atelectasis,0,10,True,True,exploratory warning; cutoff was not prespecified
2748406118,10,90,M,Consolidation,0,10,True,True,exploratory warning; cutoff was not prespecified
2748406118,10,90,M,Infiltration,0,10,True,True,exploratory warning; cutoff was not prespecified
2748406118,10,90,M,Pneumothorax,0,10,True,True,exploratory warning; cutoff was not prespecified
2748406118,10,90,M,Edema,0,10,True,True,exploratory warning; cutoff was not prespecified
2748406118,10,90,M,Emphysema,0,10,True,True,exploratory warning; cutoff was not prespecified
2748406118,10,90,M,Fibrosis,0,10,True,True,exploratory warning; cutoff was not prespecified
2748406118,10,90,M,Effusion,0,10,True,True,exploratory warning; cutoff was not prespecified
2748406118,10,90,M,Pneumonia,0,10,True,True,exploratory warning; cutoff was not prespecified
2748406118,10,90,M,Pleural_Thickening,0,10,True,True,exploratory warning; cutoff was not prespecified
2748406118,10,90,M,Cardiomegaly,0,10,True,True,exploratory warning; cutoff was not prespecified
2748406118,10,90,M,Nodule,1,10,True,False,exploratory warning; cutoff was not prespecified
2748406118,10,90,M,Mass,0,10,True,True,exploratory warning; cutoff was not prespecified
2748406118,10,90,M,Hernia,0,10,True,True,exploratory warning; cutoff was not prespecified
1569714665,5,0,F,Atelectasis,0,10,True,True,exploratory warning; cutoff was not prespecified
1569714665,5,0,F,Consolidation,1,10,True,False,exploratory warning; cutoff was not prespecified
1569714665,5,0,F,Infiltration,1,10,True,False,exploratory warning; cutoff was not prespecified
1569714665,5,0,F,Pneumothorax,0,10,True,True,exploratory warning; cutoff was not prespecified
1569714665,5,0,F,Edema,1,10,True,False,exploratory warning; cutoff was not prespecified
1569714665,5,0,F,Emphysema,0,10,True,True,exploratory warning; cutoff was not prespecified
1569714665,5,0,F,Fibrosis,0,10,True,True,exploratory warning; cutoff was not prespecified
1569714665,5,0,F,Effusion,0,10,True,True,exploratory warning; cutoff was not prespecified
1569714665,5,0,F,Pneumonia,0,10,True,True,exploratory warning; cutoff was not prespecified
1569714665,5,0,F,Pleural_Thickening,0,10,True,True,exploratory warning; cutoff was not prespecified
1569714665,5,0,F,Cardiomegaly,0,10,True,True,exploratory warning; cutoff was not prespecified
1569714665,5,0,F,Nodule,0,10,True,True,exploratory warning; cutoff was not prespecified
1569714665,5,0,F,Mass,1,10,True,False,exploratory warning; cutoff was not prespecified
1569714665,5,0,F,Hernia,0,10,True,True,exploratory warning; cutoff was not prespecified
1569714665,5,5,F,Atelectasis,2,10,True,False,exploratory warning; cutoff was not prespecified
1569714665,5,5,F,Consolidation,2,10,True,False,exploratory warning; cutoff was not prespecified
1569714665,5,5,F,Infiltration,1,10,True,False,exploratory warning; cutoff was not prespecified
1569714665,5,5,F,Pneumothorax,0,10,True,True,exploratory warning; cutoff was not prespecified
1569714665,5,5,F,Edema,0,10,True,True,exploratory warning; cutoff was not prespecified
1569714665,5,5,F,Emphysema,0,10,True,True,exploratory warning; cutoff was not prespecified
1569714665,5,5,F,Fibrosis,0,10,True,True,exploratory warning; cutoff was not prespecified
1569714665,5,5,F,Effusion,1,10,True,False,exploratory warning; cutoff was not prespecified
1569714665,5,5,F,Pneumonia,1,10,True,False,exploratory warning; cutoff was not prespecified
1569714665,5,5,F,Pleural_Thickening,0,10,True,True,exploratory warning; cutoff was not prespecified
1569714665,5,5,F,Cardiomegaly,0,10,True,True,exploratory warning; cutoff was not prespecified
1569714665,5,5,F,Nodule,0,10,True,True,exploratory warning; cutoff was not prespecified
1569714665,5,5,F,Mass,0,10,True,True,exploratory warning; cutoff was not prespecified
1569714665,5,5,F,Hernia,0,10,True,True,exploratory warning; cutoff was not prespecified
1569714665,5,10,F,Atelectasis,1,10,True,False,exploratory warning; cutoff was not prespecified
1569714665,5,10,F,Consolidation,0,10,True,True,exploratory warning; cutoff was not prespecified
1569714665,5,10,F,Infiltration,6,10,True,False,exploratory warning; cutoff was not prespecified
1569714665,5,10,F,Pneumothorax,0,10,True,True,exploratory warning; cutoff was not prespecified
1569714665,5,10,F,Edema,1,10,True,False,exploratory warning; cutoff was not prespecified
1569714665,5,10,F,Emphysema,0,10,True,True,exploratory warning; cutoff was not prespecified
1569714665,5,10,F,Fibrosis,0,10,True,True,exploratory warning; cutoff was not prespecified
1569714665,5,10,F,Effusion,0,10,True,True,exploratory warning; cutoff was not prespecified
1569714665,5,10,F,Pneumonia,0,10,True,True,exploratory warning; cutoff was not prespecified
1569714665,5,10,F,Pleural_Thickening,0,10,True,True,exploratory warning; cutoff was not prespecified
1569714665,5,10,F,Cardiomegaly,0,10,True,True,exploratory warning; cutoff was not prespecified
1569714665,5,10,F,Nodule,0,10,True,True,exploratory warning; cutoff was not prespecified
1569714665,5,10,F,Mass,0,10,True,True,exploratory warning; cutoff was not prespecified
1569714665,5,10,F,Hernia,0,10,True,True,exploratory warning; cutoff was not prespecified
1569714665,5,15,F,Atelectasis,3,10,True,False,exploratory warning; cutoff was not prespecified
1569714665,5,15,F,Consolidation,1,10,True,False,exploratory warning; cutoff was not prespecified
1569714665,5,15,F,Infiltration,9,10,True,False,exploratory warning; cutoff was not prespecified
1569714665,5,15,F,Pneumothorax,2,10,True,False,exploratory warning; cutoff was not prespecified
1569714665,5,15,F,Edema,0,10,True,True,exploratory warning; cutoff was not prespecified
1569714665,5,15,F,Emphysema,0,10,True,True,exploratory warning; cutoff was not prespecified
1569714665,5,15,F,Fibrosis,0,10,True,True,exploratory warning; cutoff was not prespecified
1569714665,5,15,F,Effusion,1,10,True,False,exploratory warning; cutoff was not prespecified
1569714665,5,15,F,Pneumonia,1,10,True,False,exploratory warning; cutoff was not prespecified
1569714665,5,15,F,Pleural_Thickening,0,10,True,True,exploratory warning; cutoff was not prespecified
1569714665,5,15,F,Cardiomegaly,1,10,True,False,exploratory warning; cutoff was not prespecified
1569714665,5,15,F,Nodule,0,10,True,True,exploratory warning; cutoff was not prespecified
1569714665,5,15,F,Mass,0,10,True,True,exploratory warning; cutoff was not prespecified
1569714665,5,15,F,Hernia,0,10,True,True,exploratory warning; cutoff was not prespecified
1569714665,5,20,F,Atelectasis,1,10,True,False,exploratory warning; cutoff was not prespecified
1569714665,5,20,F,Consolidation,4,10,True,False,exploratory warning; cutoff was not prespecified
1569714665,5,20,F,Infiltration,10,10,False,False,exploratory warning; cutoff was not prespecified
1569714665,5,20,F,Pneumothorax,0,10,True,True,exploratory warning; cutoff was not prespecified
1569714665,5,20,F,Edema,0,10,True,True,exploratory warning; cutoff was not prespecified
1569714665,5,20,F,Emphysema,0,10,True,True,exploratory warning; cutoff was not prespecified
1569714665,5,20,F,Fibrosis,0,10,True,True,exploratory warning; cutoff was not prespecified
1569714665,5,20,F,Effusion,2,10,True,False,exploratory warning; cutoff was not prespecified
1569714665,5,20,F,Pneumonia,0,10,True,True,exploratory warning; cutoff was not prespecified
1569714665,5,20,F,Pleural_Thickening,0,10,True,True,exploratory warning; cutoff was not prespecified
1569714665,5,20,F,Cardiomegaly,2,10,True,False,exploratory warning; cutoff was not prespecified
1569714665,5,20,F,Nodule,2,10,True,False,exploratory warning; cutoff was not prespecified
1569714665,5,20,F,Mass,5,10,True,False,exploratory warning; cutoff was not prespecified
1569714665,5,20,F,Hernia,0,10,True,True,exploratory warning; cutoff was not prespecified
1569714665,5,25,F,Atelectasis,5,10,True,False,exploratory warning; cutoff was not prespecified
1569714665,5,25,F,Consolidation,1,10,True,False,exploratory warning; cutoff was not prespecified
1569714665,5,25,F,Infiltration,22,10,False,False,exploratory warning; cutoff was not prespecified
1569714665,5,25,F,Pneumothorax,1,10,True,False,exploratory warning; cutoff was not prespecified
1569714665,5,25,F,Edema,1,10,True,False,exploratory warning; cutoff was not prespecified
1569714665,5,25,F,Emphysema,0,10,True,True,exploratory warning; cutoff was not prespecified
1569714665,5,25,F,Fibrosis,2,10,True,False,exploratory warning; cutoff was not prespecified
1569714665,5,25,F,Effusion,4,10,True,False,exploratory warning; cutoff was not prespecified
1569714665,5,25,F,Pneumonia,1,10,True,False,exploratory warning; cutoff was not prespecified
1569714665,5,25,F,Pleural_Thickening,2,10,True,False,exploratory warning; cutoff was not prespecified
1569714665,5,25,F,Cardiomegaly,5,10,True,False,exploratory warning; cutoff was not prespecified
1569714665,5,25,F,Nodule,6,10,True,False,exploratory warning; cutoff was not prespecified
1569714665,5,25,F,Mass,5,10,True,False,exploratory warning; cutoff was not prespecified
1569714665,5,25,F,Hernia,0,10,True,True,exploratory warning; cutoff was not prespecified
1569714665,5,30,F,Atelectasis,6,10,True,False,exploratory warning; cutoff was not prespecified
1569714665,5,30,F,Consolidation,1,10,True,False,exploratory warning; cutoff was not prespecified
1569714665,5,30,F,Infiltration,22,10,False,False,exploratory warning; cutoff was not prespecified
1569714665,5,30,F,Pneumothorax,2,10,True,False,exploratory warning; cutoff was not prespecified
1569714665,5,30,F,Edema,0,10,True,True,exploratory warning; cutoff was not prespecified
1569714665,5,30,F,Emphysema,2,10,True,False,exploratory warning; cutoff was not prespecified
1569714665,5,30,F,Fibrosis,1,10,True,False,exploratory warning; cutoff was not prespecified
1569714665,5,30,F,Effusion,8,10,True,False,exploratory warning; cutoff was not prespecified
1569714665,5,30,F,Pneumonia,0,10,True,True,exploratory warning; cutoff was not prespecified
1569714665,5,30,F,Pleural_Thickening,4,10,True,False,exploratory warning; cutoff was not prespecified
1569714665,5,30,F,Cardiomegaly,8,10,True,False,exploratory warning; cutoff was not prespecified
1569714665,5,30,F,Nodule,8,10,True,False,exploratory warning; cutoff was not prespecified
1569714665,5,30,F,Mass,4,10,True,False,exploratory warning; cutoff was not prespecified
1569714665,5,30,F,Hernia,0,10,True,True,exploratory warning; cutoff was not prespecified
1569714665,5,35,F,Atelectasis,6,10,True,False,exploratory warning; cutoff was not prespecified
1569714665,5,35,F,Consolidation,3,10,True,False,exploratory warning; cutoff was not prespecified
1569714665,5,35,F,Infiltration,16,10,False,False,exploratory warning; cutoff was not prespecified
1569714665,5,35,F,Pneumothorax,1,10,True,False,exploratory warning; cutoff was not prespecified
1569714665,5,35,F,Edema,0,10,True,True,exploratory warning; cutoff was not prespecified
1569714665,5,35,F,Emphysema,0,10,True,True,exploratory warning; cutoff was not prespecified
1569714665,5,35,F,Fibrosis,0,10,True,True,exploratory warning; cutoff was not prespecified
1569714665,5,35,F,Effusion,6,10,True,False,exploratory warning; cutoff was not prespecified
1569714665,5,35,F,Pneumonia,4,10,True,False,exploratory warning; cutoff was not prespecified
1569714665,5,35,F,Pleural_Thickening,3,10,True,False,exploratory warning; cutoff was not prespecified
1569714665,5,35,F,Cardiomegaly,6,10,True,False,exploratory warning; cutoff was not prespecified
1569714665,5,35,F,Nodule,10,10,False,False,exploratory warning; cutoff was not prespecified
1569714665,5,35,F,Mass,3,10,True,False,exploratory warning; cutoff was not prespecified
1569714665,5,35,F,Hernia,0,10,True,True,exploratory warning; cutoff was not prespecified
1569714665,5,40,F,Atelectasis,7,10,True,False,exploratory warning; cutoff was not prespecified
1569714665,5,40,F,Consolidation,5,10,True,False,exploratory warning; cutoff was not prespecified
1569714665,5,40,F,Infiltration,30,10,False,False,exploratory warning; cutoff was not prespecified
1569714665,5,40,F,Pneumothorax,2,10,True,False,exploratory warning; cutoff was not prespecified
1569714665,5,40,F,Edema,0,10,True,True,exploratory warning; cutoff was not prespecified
1569714665,5,40,F,Emphysema,1,10,True,False,exploratory warning; cutoff was not prespecified
1569714665,5,40,F,Fibrosis,5,10,True,False,exploratory warning; cutoff was not prespecified
1569714665,5,40,F,Effusion,13,10,False,False,exploratory warning; cutoff was not prespecified
1569714665,5,40,F,Pneumonia,3,10,True,False,exploratory warning; cutoff was not prespecified
1569714665,5,40,F,Pleural_Thickening,7,10,True,False,exploratory warning; cutoff was not prespecified
1569714665,5,40,F,Cardiomegaly,4,10,True,False,exploratory warning; cutoff was not prespecified
1569714665,5,40,F,Nodule,13,10,False,False,exploratory warning; cutoff was not prespecified
1569714665,5,40,F,Mass,5,10,True,False,exploratory warning; cutoff was not prespecified
1569714665,5,40,F,Hernia,0,10,True,True,exploratory warning; cutoff was not prespecified
1569714665,5,45,F,Atelectasis,16,10,False,False,exploratory warning; cutoff was not prespecified
1569714665,5,45,F,Consolidation,5,10,True,False,exploratory warning; cutoff was not prespecified
1569714665,5,45,F,Infiltration,36,10,False,False,exploratory warning; cutoff was not prespecified
1569714665,5,45,F,Pneumothorax,4,10,True,False,exploratory warning; cutoff was not prespecified
1569714665,5,45,F,Edema,3,10,True,False,exploratory warning; cutoff was not prespecified
1569714665,5,45,F,Emphysema,5,10,True,False,exploratory warning; cutoff was not prespecified
1569714665,5,45,F,Fibrosis,10,10,False,False,exploratory warning; cutoff was not prespecified
1569714665,5,45,F,Effusion,15,10,False,False,exploratory warning; cutoff was not prespecified
1569714665,5,45,F,Pneumonia,1,10,True,False,exploratory warning; cutoff was not prespecified
1569714665,5,45,F,Pleural_Thickening,11,10,False,False,exploratory warning; cutoff was not prespecified
1569714665,5,45,F,Cardiomegaly,10,10,False,False,exploratory warning; cutoff was not prespecified
1569714665,5,45,F,Nodule,19,10,False,False,exploratory warning; cutoff was not prespecified
1569714665,5,45,F,Mass,14,10,False,False,exploratory warning; cutoff was not prespecified
1569714665,5,45,F,Hernia,1,10,True,False,exploratory warning; cutoff was not prespecified
1569714665,5,50,F,Atelectasis,21,10,False,False,exploratory warning; cutoff was not prespecified
1569714665,5,50,F,Consolidation,5,10,True,False,exploratory warning; cutoff was not prespecified
1569714665,5,50,F,Infiltration,41,10,False,False,exploratory warning; cutoff was not prespecified
1569714665,5,50,F,Pneumothorax,7,10,True,False,exploratory warning; cutoff was not prespecified
1569714665,5,50,F,Edema,3,10,True,False,exploratory warning; cutoff was not prespecified
1569714665,5,50,F,Emphysema,3,10,True,False,exploratory warning; cutoff was not prespecified
1569714665,5,50,F,Fibrosis,13,10,False,False,exploratory warning; cutoff was not prespecified
1569714665,5,50,F,Effusion,19,10,False,False,exploratory warning; cutoff was not prespecified
1569714665,5,50,F,Pneumonia,2,10,True,False,exploratory warning; cutoff was not prespecified
1569714665,5,50,F,Pleural_Thickening,11,10,False,False,exploratory warning; cutoff was not prespecified
1569714665,5,50,F,Cardiomegaly,14,10,False,False,exploratory warning; cutoff was not prespecified
1569714665,5,50,F,Nodule,27,10,False,False,exploratory warning; cutoff was not prespecified
1569714665,5,50,F,Mass,8,10,True,False,exploratory warning; cutoff was not prespecified
1569714665,5,50,F,Hernia,0,10,True,True,exploratory warning; cutoff was not prespecified
1569714665,5,55,F,Atelectasis,25,10,False,False,exploratory warning; cutoff was not prespecified
1569714665,5,55,F,Consolidation,4,10,True,False,exploratory warning; cutoff was not prespecified
1569714665,5,55,F,Infiltration,41,10,False,False,exploratory warning; cutoff was not prespecified
1569714665,5,55,F,Pneumothorax,5,10,True,False,exploratory warning; cutoff was not prespecified
1569714665,5,55,F,Edema,1,10,True,False,exploratory warning; cutoff was not prespecified
1569714665,5,55,F,Emphysema,2,10,True,False,exploratory warning; cutoff was not prespecified
1569714665,5,55,F,Fibrosis,5,10,True,False,exploratory warning; cutoff was not prespecified
1569714665,5,55,F,Effusion,22,10,False,False,exploratory warning; cutoff was not prespecified
1569714665,5,55,F,Pneumonia,1,10,True,False,exploratory warning; cutoff was not prespecified
1569714665,5,55,F,Pleural_Thickening,10,10,False,False,exploratory warning; cutoff was not prespecified
1569714665,5,55,F,Cardiomegaly,12,10,False,False,exploratory warning; cutoff was not prespecified
1569714665,5,55,F,Nodule,22,10,False,False,exploratory warning; cutoff was not prespecified
1569714665,5,55,F,Mass,16,10,False,False,exploratory warning; cutoff was not prespecified
1569714665,5,55,F,Hernia,3,10,True,False,exploratory warning; cutoff was not prespecified
1569714665,5,60,F,Atelectasis,14,10,False,False,exploratory warning; cutoff was not prespecified
1569714665,5,60,F,Consolidation,5,10,True,False,exploratory warning; cutoff was not prespecified
1569714665,5,60,F,Infiltration,37,10,False,False,exploratory warning; cutoff was not prespecified
1569714665,5,60,F,Pneumothorax,3,10,True,False,exploratory warning; cutoff was not prespecified
1569714665,5,60,F,Edema,0,10,True,True,exploratory warning; cutoff was not prespecified
1569714665,5,60,F,Emphysema,3,10,True,False,exploratory warning; cutoff was not prespecified
1569714665,5,60,F,Fibrosis,4,10,True,False,exploratory warning; cutoff was not prespecified
1569714665,5,60,F,Effusion,18,10,False,False,exploratory warning; cutoff was not prespecified
1569714665,5,60,F,Pneumonia,0,10,True,True,exploratory warning; cutoff was not prespecified
1569714665,5,60,F,Pleural_Thickening,5,10,True,False,exploratory warning; cutoff was not prespecified
1569714665,5,60,F,Cardiomegaly,10,10,False,False,exploratory warning; cutoff was not prespecified
1569714665,5,60,F,Nodule,14,10,False,False,exploratory warning; cutoff was not prespecified
1569714665,5,60,F,Mass,13,10,False,False,exploratory warning; cutoff was not prespecified
1569714665,5,60,F,Hernia,2,10,True,False,exploratory warning; cutoff was not prespecified
1569714665,5,65,F,Atelectasis,13,10,False,False,exploratory warning; cutoff was not prespecified
1569714665,5,65,F,Consolidation,2,10,True,False,exploratory warning; cutoff was not prespecified
1569714665,5,65,F,Infiltration,15,10,False,False,exploratory warning; cutoff was not prespecified
1569714665,5,65,F,Pneumothorax,2,10,True,False,exploratory warning; cutoff was not prespecified
1569714665,5,65,F,Edema,0,10,True,True,exploratory warning; cutoff was not prespecified
1569714665,5,65,F,Emphysema,3,10,True,False,exploratory warning; cutoff was not prespecified
1569714665,5,65,F,Fibrosis,7,10,True,False,exploratory warning; cutoff was not prespecified
1569714665,5,65,F,Effusion,3,10,True,False,exploratory warning; cutoff was not prespecified
1569714665,5,65,F,Pneumonia,0,10,True,True,exploratory warning; cutoff was not prespecified
1569714665,5,65,F,Pleural_Thickening,2,10,True,False,exploratory warning; cutoff was not prespecified
1569714665,5,65,F,Cardiomegaly,7,10,True,False,exploratory warning; cutoff was not prespecified
1569714665,5,65,F,Nodule,12,10,False,False,exploratory warning; cutoff was not prespecified
1569714665,5,65,F,Mass,8,10,True,False,exploratory warning; cutoff was not prespecified
1569714665,5,65,F,Hernia,0,10,True,True,exploratory warning; cutoff was not prespecified
1569714665,5,70,F,Atelectasis,11,10,False,False,exploratory warning; cutoff was not prespecified
1569714665,5,70,F,Consolidation,2,10,True,False,exploratory warning; cutoff was not prespecified
1569714665,5,70,F,Infiltration,11,10,False,False,exploratory warning; cutoff was not prespecified
1569714665,5,70,F,Pneumothorax,0,10,True,True,exploratory warning; cutoff was not prespecified
1569714665,5,70,F,Edema,0,10,True,True,exploratory warning; cutoff was not prespecified
1569714665,5,70,F,Emphysema,3,10,True,False,exploratory warning; cutoff was not prespecified
1569714665,5,70,F,Fibrosis,3,10,True,False,exploratory warning; cutoff was not prespecified
1569714665,5,70,F,Effusion,4,10,True,False,exploratory warning; cutoff was not prespecified
1569714665,5,70,F,Pneumonia,4,10,True,False,exploratory warning; cutoff was not prespecified
1569714665,5,70,F,Pleural_Thickening,3,10,True,False,exploratory warning; cutoff was not prespecified
1569714665,5,70,F,Cardiomegaly,5,10,True,False,exploratory warning; cutoff was not prespecified
1569714665,5,70,F,Nodule,6,10,True,False,exploratory warning; cutoff was not prespecified
1569714665,5,70,F,Mass,2,10,True,False,exploratory warning; cutoff was not prespecified
1569714665,5,70,F,Hernia,1,10,True,False,exploratory warning; cutoff was not prespecified
1569714665,5,75,F,Atelectasis,4,10,True,False,exploratory warning; cutoff was not prespecified
1569714665,5,75,F,Consolidation,0,10,True,True,exploratory warning; cutoff was not prespecified
1569714665,5,75,F,Infiltration,8,10,True,False,exploratory warning; cutoff was not prespecified
1569714665,5,75,F,Pneumothorax,0,10,True,True,exploratory warning; cutoff was not prespecified
1569714665,5,75,F,Edema,1,10,True,False,exploratory warning; cutoff was not prespecified
1569714665,5,75,F,Emphysema,1,10,True,False,exploratory warning; cutoff was not prespecified
1569714665,5,75,F,Fibrosis,2,10,True,False,exploratory warning; cutoff was not prespecified
1569714665,5,75,F,Effusion,7,10,True,False,exploratory warning; cutoff was not prespecified
1569714665,5,75,F,Pneumonia,0,10,True,True,exploratory warning; cutoff was not prespecified
1569714665,5,75,F,Pleural_Thickening,5,10,True,False,exploratory warning; cutoff was not prespecified
1569714665,5,75,F,Cardiomegaly,4,10,True,False,exploratory warning; cutoff was not prespecified
1569714665,5,75,F,Nodule,3,10,True,False,exploratory warning; cutoff was not prespecified
1569714665,5,75,F,Mass,2,10,True,False,exploratory warning; cutoff was not prespecified
1569714665,5,75,F,Hernia,2,10,True,False,exploratory warning; cutoff was not prespecified
1569714665,5,80,F,Atelectasis,0,10,True,True,exploratory warning; cutoff was not prespecified
1569714665,5,80,F,Consolidation,1,10,True,False,exploratory warning; cutoff was not prespecified
1569714665,5,80,F,Infiltration,6,10,True,False,exploratory warning; cutoff was not prespecified
1569714665,5,80,F,Pneumothorax,0,10,True,True,exploratory warning; cutoff was not prespecified
1569714665,5,80,F,Edema,0,10,True,True,exploratory warning; cutoff was not prespecified
1569714665,5,80,F,Emphysema,0,10,True,True,exploratory warning; cutoff was not prespecified
1569714665,5,80,F,Fibrosis,1,10,True,False,exploratory warning; cutoff was not prespecified
1569714665,5,80,F,Effusion,2,10,True,False,exploratory warning; cutoff was not prespecified
1569714665,5,80,F,Pneumonia,0,10,True,True,exploratory warning; cutoff was not prespecified
1569714665,5,80,F,Pleural_Thickening,4,10,True,False,exploratory warning; cutoff was not prespecified
1569714665,5,80,F,Cardiomegaly,1,10,True,False,exploratory warning; cutoff was not prespecified
1569714665,5,80,F,Nodule,2,10,True,False,exploratory warning; cutoff was not prespecified
1569714665,5,80,F,Mass,3,10,True,False,exploratory warning; cutoff was not prespecified
1569714665,5,80,F,Hernia,0,10,True,True,exploratory warning; cutoff was not prespecified
1569714665,5,85,F,Atelectasis,0,10,True,True,exploratory warning; cutoff was not prespecified
1569714665,5,85,F,Consolidation,0,10,True,True,exploratory warning; cutoff was not prespecified
1569714665,5,85,F,Infiltration,1,10,True,False,exploratory warning; cutoff was not prespecified
1569714665,5,85,F,Pneumothorax,0,10,True,True,exploratory warning; cutoff was not prespecified
1569714665,5,85,F,Edema,0,10,True,True,exploratory warning; cutoff was not prespecified
1569714665,5,85,F,Emphysema,0,10,True,True,exploratory warning; cutoff was not prespecified
1569714665,5,85,F,Fibrosis,0,10,True,True,exploratory warning; cutoff was not prespecified
1569714665,5,85,F,Effusion,1,10,True,False,exploratory warning; cutoff was not prespecified
1569714665,5,85,F,Pneumonia,0,10,True,True,exploratory warning; cutoff was not prespecified
1569714665,5,85,F,Pleural_Thickening,0,10,True,True,exploratory warning; cutoff was not prespecified
1569714665,5,85,F,Cardiomegaly,2,10,True,False,exploratory warning; cutoff was not prespecified
1569714665,5,85,F,Nodule,0,10,True,True,exploratory warning; cutoff was not prespecified
1569714665,5,85,F,Mass,0,10,True,True,exploratory warning; cutoff was not prespecified
1569714665,5,85,F,Hernia,2,10,True,False,exploratory warning; cutoff was not prespecified
1569714665,5,90,F,Atelectasis,2,10,True,False,exploratory warning; cutoff was not prespecified
1569714665,5,90,F,Consolidation,0,10,True,True,exploratory warning; cutoff was not prespecified
1569714665,5,90,F,Infiltration,1,10,True,False,exploratory warning; cutoff was not prespecified
1569714665,5,90,F,Pneumothorax,0,10,True,True,exploratory warning; cutoff was not prespecified
1569714665,5,90,F,Edema,0,10,True,True,exploratory warning; cutoff was not prespecified
1569714665,5,90,F,Emphysema,0,10,True,True,exploratory warning; cutoff was not prespecified
1569714665,5,90,F,Fibrosis,0,10,True,True,exploratory warning; cutoff was not prespecified
1569714665,5,90,F,Effusion,0,10,True,True,exploratory warning; cutoff was not prespecified
1569714665,5,90,F,Pneumonia,0,10,True,True,exploratory warning; cutoff was not prespecified
1569714665,5,90,F,Pleural_Thickening,1,10,True,False,exploratory warning; cutoff was not prespecified
1569714665,5,90,F,Cardiomegaly,0,10,True,True,exploratory warning; cutoff was not prespecified
1569714665,5,90,F,Nodule,0,10,True,True,exploratory warning; cutoff was not prespecified
1569714665,5,90,F,Mass,0,10,True,True,exploratory warning; cutoff was not prespecified
1569714665,5,90,F,Hernia,0,10,True,True,exploratory warning; cutoff was not prespecified
1569714665,5,0,M,Atelectasis,0,10,True,True,exploratory warning; cutoff was not prespecified
1569714665,5,0,M,Consolidation,1,10,True,False,exploratory warning; cutoff was not prespecified
1569714665,5,0,M,Infiltration,6,10,True,False,exploratory warning; cutoff was not prespecified
1569714665,5,0,M,Pneumothorax,0,10,True,True,exploratory warning; cutoff was not prespecified
1569714665,5,0,M,Edema,0,10,True,True,exploratory warning; cutoff was not prespecified
1569714665,5,0,M,Emphysema,0,10,True,True,exploratory warning; cutoff was not prespecified
1569714665,5,0,M,Fibrosis,0,10,True,True,exploratory warning; cutoff was not prespecified
1569714665,5,0,M,Effusion,0,10,True,True,exploratory warning; cutoff was not prespecified
1569714665,5,0,M,Pneumonia,0,10,True,True,exploratory warning; cutoff was not prespecified
1569714665,5,0,M,Pleural_Thickening,0,10,True,True,exploratory warning; cutoff was not prespecified
1569714665,5,0,M,Cardiomegaly,0,10,True,True,exploratory warning; cutoff was not prespecified
1569714665,5,0,M,Nodule,1,10,True,False,exploratory warning; cutoff was not prespecified
1569714665,5,0,M,Mass,0,10,True,True,exploratory warning; cutoff was not prespecified
1569714665,5,0,M,Hernia,0,10,True,True,exploratory warning; cutoff was not prespecified
1569714665,5,5,M,Atelectasis,3,10,True,False,exploratory warning; cutoff was not prespecified
1569714665,5,5,M,Consolidation,3,10,True,False,exploratory warning; cutoff was not prespecified
1569714665,5,5,M,Infiltration,7,10,True,False,exploratory warning; cutoff was not prespecified
1569714665,5,5,M,Pneumothorax,1,10,True,False,exploratory warning; cutoff was not prespecified
1569714665,5,5,M,Edema,1,10,True,False,exploratory warning; cutoff was not prespecified
1569714665,5,5,M,Emphysema,0,10,True,True,exploratory warning; cutoff was not prespecified
1569714665,5,5,M,Fibrosis,0,10,True,True,exploratory warning; cutoff was not prespecified
1569714665,5,5,M,Effusion,2,10,True,False,exploratory warning; cutoff was not prespecified
1569714665,5,5,M,Pneumonia,2,10,True,False,exploratory warning; cutoff was not prespecified
1569714665,5,5,M,Pleural_Thickening,0,10,True,True,exploratory warning; cutoff was not prespecified
1569714665,5,5,M,Cardiomegaly,0,10,True,True,exploratory warning; cutoff was not prespecified
1569714665,5,5,M,Nodule,0,10,True,True,exploratory warning; cutoff was not prespecified
1569714665,5,5,M,Mass,1,10,True,False,exploratory warning; cutoff was not prespecified
1569714665,5,5,M,Hernia,0,10,True,True,exploratory warning; cutoff was not prespecified
1569714665,5,10,M,Atelectasis,1,10,True,False,exploratory warning; cutoff was not prespecified
1569714665,5,10,M,Consolidation,1,10,True,False,exploratory warning; cutoff was not prespecified
1569714665,5,10,M,Infiltration,10,10,False,False,exploratory warning; cutoff was not prespecified
1569714665,5,10,M,Pneumothorax,0,10,True,True,exploratory warning; cutoff was not prespecified
1569714665,5,10,M,Edema,0,10,True,True,exploratory warning; cutoff was not prespecified
1569714665,5,10,M,Emphysema,0,10,True,True,exploratory warning; cutoff was not prespecified
1569714665,5,10,M,Fibrosis,0,10,True,True,exploratory warning; cutoff was not prespecified
1569714665,5,10,M,Effusion,2,10,True,False,exploratory warning; cutoff was not prespecified
1569714665,5,10,M,Pneumonia,1,10,True,False,exploratory warning; cutoff was not prespecified
1569714665,5,10,M,Pleural_Thickening,1,10,True,False,exploratory warning; cutoff was not prespecified
1569714665,5,10,M,Cardiomegaly,4,10,True,False,exploratory warning; cutoff was not prespecified
1569714665,5,10,M,Nodule,1,10,True,False,exploratory warning; cutoff was not prespecified
1569714665,5,10,M,Mass,2,10,True,False,exploratory warning; cutoff was not prespecified
1569714665,5,10,M,Hernia,0,10,True,True,exploratory warning; cutoff was not prespecified
1569714665,5,15,M,Atelectasis,2,10,True,False,exploratory warning; cutoff was not prespecified
1569714665,5,15,M,Consolidation,2,10,True,False,exploratory warning; cutoff was not prespecified
1569714665,5,15,M,Infiltration,8,10,True,False,exploratory warning; cutoff was not prespecified
1569714665,5,15,M,Pneumothorax,3,10,True,False,exploratory warning; cutoff was not prespecified
1569714665,5,15,M,Edema,0,10,True,True,exploratory warning; cutoff was not prespecified
1569714665,5,15,M,Emphysema,1,10,True,False,exploratory warning; cutoff was not prespecified
1569714665,5,15,M,Fibrosis,1,10,True,False,exploratory warning; cutoff was not prespecified
1569714665,5,15,M,Effusion,5,10,True,False,exploratory warning; cutoff was not prespecified
1569714665,5,15,M,Pneumonia,0,10,True,True,exploratory warning; cutoff was not prespecified
1569714665,5,15,M,Pleural_Thickening,3,10,True,False,exploratory warning; cutoff was not prespecified
1569714665,5,15,M,Cardiomegaly,3,10,True,False,exploratory warning; cutoff was not prespecified
1569714665,5,15,M,Nodule,5,10,True,False,exploratory warning; cutoff was not prespecified
1569714665,5,15,M,Mass,4,10,True,False,exploratory warning; cutoff was not prespecified
1569714665,5,15,M,Hernia,0,10,True,True,exploratory warning; cutoff was not prespecified
1569714665,5,20,M,Atelectasis,6,10,True,False,exploratory warning; cutoff was not prespecified
1569714665,5,20,M,Consolidation,0,10,True,True,exploratory warning; cutoff was not prespecified
1569714665,5,20,M,Infiltration,17,10,False,False,exploratory warning; cutoff was not prespecified
1569714665,5,20,M,Pneumothorax,1,10,True,False,exploratory warning; cutoff was not prespecified
1569714665,5,20,M,Edema,0,10,True,True,exploratory warning; cutoff was not prespecified
1569714665,5,20,M,Emphysema,1,10,True,False,exploratory warning; cutoff was not prespecified
1569714665,5,20,M,Fibrosis,1,10,True,False,exploratory warning; cutoff was not prespecified
1569714665,5,20,M,Effusion,1,10,True,False,exploratory warning; cutoff was not prespecified
1569714665,5,20,M,Pneumonia,1,10,True,False,exploratory warning; cutoff was not prespecified
1569714665,5,20,M,Pleural_Thickening,0,10,True,True,exploratory warning; cutoff was not prespecified
1569714665,5,20,M,Cardiomegaly,3,10,True,False,exploratory warning; cutoff was not prespecified
1569714665,5,20,M,Nodule,3,10,True,False,exploratory warning; cutoff was not prespecified
1569714665,5,20,M,Mass,5,10,True,False,exploratory warning; cutoff was not prespecified
1569714665,5,20,M,Hernia,0,10,True,True,exploratory warning; cutoff was not prespecified
1569714665,5,25,M,Atelectasis,9,10,True,False,exploratory warning; cutoff was not prespecified
1569714665,5,25,M,Consolidation,1,10,True,False,exploratory warning; cutoff was not prespecified
1569714665,5,25,M,Infiltration,35,10,False,False,exploratory warning; cutoff was not prespecified
1569714665,5,25,M,Pneumothorax,0,10,True,True,exploratory warning; cutoff was not prespecified
1569714665,5,25,M,Edema,2,10,True,False,exploratory warning; cutoff was not prespecified
1569714665,5,25,M,Emphysema,0,10,True,True,exploratory warning; cutoff was not prespecified
1569714665,5,25,M,Fibrosis,1,10,True,False,exploratory warning; cutoff was not prespecified
1569714665,5,25,M,Effusion,11,10,False,False,exploratory warning; cutoff was not prespecified
1569714665,5,25,M,Pneumonia,0,10,True,True,exploratory warning; cutoff was not prespecified
1569714665,5,25,M,Pleural_Thickening,3,10,True,False,exploratory warning; cutoff was not prespecified
1569714665,5,25,M,Cardiomegaly,4,10,True,False,exploratory warning; cutoff was not prespecified
1569714665,5,25,M,Nodule,6,10,True,False,exploratory warning; cutoff was not prespecified
1569714665,5,25,M,Mass,6,10,True,False,exploratory warning; cutoff was not prespecified
1569714665,5,25,M,Hernia,0,10,True,True,exploratory warning; cutoff was not prespecified
1569714665,5,30,M,Atelectasis,12,10,False,False,exploratory warning; cutoff was not prespecified
1569714665,5,30,M,Consolidation,1,10,True,False,exploratory warning; cutoff was not prespecified
1569714665,5,30,M,Infiltration,27,10,False,False,exploratory warning; cutoff was not prespecified
1569714665,5,30,M,Pneumothorax,4,10,True,False,exploratory warning; cutoff was not prespecified
1569714665,5,30,M,Edema,2,10,True,False,exploratory warning; cutoff was not prespecified
1569714665,5,30,M,Emphysema,0,10,True,True,exploratory warning; cutoff was not prespecified
1569714665,5,30,M,Fibrosis,2,10,True,False,exploratory warning; cutoff was not prespecified
1569714665,5,30,M,Effusion,11,10,False,False,exploratory warning; cutoff was not prespecified
1569714665,5,30,M,Pneumonia,0,10,True,True,exploratory warning; cutoff was not prespecified
1569714665,5,30,M,Pleural_Thickening,5,10,True,False,exploratory warning; cutoff was not prespecified
1569714665,5,30,M,Cardiomegaly,4,10,True,False,exploratory warning; cutoff was not prespecified
1569714665,5,30,M,Nodule,9,10,True,False,exploratory warning; cutoff was not prespecified
1569714665,5,30,M,Mass,7,10,True,False,exploratory warning; cutoff was not prespecified
1569714665,5,30,M,Hernia,0,10,True,True,exploratory warning; cutoff was not prespecified
1569714665,5,35,M,Atelectasis,11,10,False,False,exploratory warning; cutoff was not prespecified
1569714665,5,35,M,Consolidation,4,10,True,False,exploratory warning; cutoff was not prespecified
1569714665,5,35,M,Infiltration,31,10,False,False,exploratory warning; cutoff was not prespecified
1569714665,5,35,M,Pneumothorax,1,10,True,False,exploratory warning; cutoff was not prespecified
1569714665,5,35,M,Edema,1,10,True,False,exploratory warning; cutoff was not prespecified
1569714665,5,35,M,Emphysema,1,10,True,False,exploratory warning; cutoff was not prespecified
1569714665,5,35,M,Fibrosis,2,10,True,False,exploratory warning; cutoff was not prespecified
1569714665,5,35,M,Effusion,6,10,True,False,exploratory warning; cutoff was not prespecified
1569714665,5,35,M,Pneumonia,1,10,True,False,exploratory warning; cutoff was not prespecified
1569714665,5,35,M,Pleural_Thickening,4,10,True,False,exploratory warning; cutoff was not prespecified
1569714665,5,35,M,Cardiomegaly,2,10,True,False,exploratory warning; cutoff was not prespecified
1569714665,5,35,M,Nodule,11,10,False,False,exploratory warning; cutoff was not prespecified
1569714665,5,35,M,Mass,10,10,False,False,exploratory warning; cutoff was not prespecified
1569714665,5,35,M,Hernia,0,10,True,True,exploratory warning; cutoff was not prespecified
1569714665,5,40,M,Atelectasis,16,10,False,False,exploratory warning; cutoff was not prespecified
1569714665,5,40,M,Consolidation,6,10,True,False,exploratory warning; cutoff was not prespecified
1569714665,5,40,M,Infiltration,30,10,False,False,exploratory warning; cutoff was not prespecified
1569714665,5,40,M,Pneumothorax,2,10,True,False,exploratory warning; cutoff was not prespecified
1569714665,5,40,M,Edema,3,10,True,False,exploratory warning; cutoff was not prespecified
1569714665,5,40,M,Emphysema,1,10,True,False,exploratory warning; cutoff was not prespecified
1569714665,5,40,M,Fibrosis,3,10,True,False,exploratory warning; cutoff was not prespecified
1569714665,5,40,M,Effusion,9,10,True,False,exploratory warning; cutoff was not prespecified
1569714665,5,40,M,Pneumonia,1,10,True,False,exploratory warning; cutoff was not prespecified
1569714665,5,40,M,Pleural_Thickening,8,10,True,False,exploratory warning; cutoff was not prespecified
1569714665,5,40,M,Cardiomegaly,3,10,True,False,exploratory warning; cutoff was not prespecified
1569714665,5,40,M,Nodule,8,10,True,False,exploratory warning; cutoff was not prespecified
1569714665,5,40,M,Mass,8,10,True,False,exploratory warning; cutoff was not prespecified
1569714665,5,40,M,Hernia,0,10,True,True,exploratory warning; cutoff was not prespecified
1569714665,5,45,M,Atelectasis,22,10,False,False,exploratory warning; cutoff was not prespecified
1569714665,5,45,M,Consolidation,4,10,True,False,exploratory warning; cutoff was not prespecified
1569714665,5,45,M,Infiltration,30,10,False,False,exploratory warning; cutoff was not prespecified
1569714665,5,45,M,Pneumothorax,2,10,True,False,exploratory warning; cutoff was not prespecified
1569714665,5,45,M,Edema,1,10,True,False,exploratory warning; cutoff was not prespecified
1569714665,5,45,M,Emphysema,1,10,True,False,exploratory warning; cutoff was not prespecified
1569714665,5,45,M,Fibrosis,7,10,True,False,exploratory warning; cutoff was not prespecified
1569714665,5,45,M,Effusion,11,10,False,False,exploratory warning; cutoff was not prespecified
1569714665,5,45,M,Pneumonia,0,10,True,True,exploratory warning; cutoff was not prespecified
1569714665,5,45,M,Pleural_Thickening,5,10,True,False,exploratory warning; cutoff was not prespecified
1569714665,5,45,M,Cardiomegaly,10,10,False,False,exploratory warning; cutoff was not prespecified
1569714665,5,45,M,Nodule,13,10,False,False,exploratory warning; cutoff was not prespecified
1569714665,5,45,M,Mass,11,10,False,False,exploratory warning; cutoff was not prespecified
1569714665,5,45,M,Hernia,1,10,True,False,exploratory warning; cutoff was not prespecified
1569714665,5,50,M,Atelectasis,23,10,False,False,exploratory warning; cutoff was not prespecified
1569714665,5,50,M,Consolidation,4,10,True,False,exploratory warning; cutoff was not prespecified
1569714665,5,50,M,Infiltration,43,10,False,False,exploratory warning; cutoff was not prespecified
1569714665,5,50,M,Pneumothorax,1,10,True,False,exploratory warning; cutoff was not prespecified
1569714665,5,50,M,Edema,1,10,True,False,exploratory warning; cutoff was not prespecified
1569714665,5,50,M,Emphysema,8,10,True,False,exploratory warning; cutoff was not prespecified
1569714665,5,50,M,Fibrosis,5,10,True,False,exploratory warning; cutoff was not prespecified
1569714665,5,50,M,Effusion,6,10,True,False,exploratory warning; cutoff was not prespecified
1569714665,5,50,M,Pneumonia,3,10,True,False,exploratory warning; cutoff was not prespecified
1569714665,5,50,M,Pleural_Thickening,11,10,False,False,exploratory warning; cutoff was not prespecified
1569714665,5,50,M,Cardiomegaly,2,10,True,False,exploratory warning; cutoff was not prespecified
1569714665,5,50,M,Nodule,25,10,False,False,exploratory warning; cutoff was not prespecified
1569714665,5,50,M,Mass,21,10,False,False,exploratory warning; cutoff was not prespecified
1569714665,5,50,M,Hernia,1,10,True,False,exploratory warning; cutoff was not prespecified
1569714665,5,55,M,Atelectasis,22,10,False,False,exploratory warning; cutoff was not prespecified
1569714665,5,55,M,Consolidation,7,10,True,False,exploratory warning; cutoff was not prespecified
1569714665,5,55,M,Infiltration,45,10,False,False,exploratory warning; cutoff was not prespecified
1569714665,5,55,M,Pneumothorax,2,10,True,False,exploratory warning; cutoff was not prespecified
1569714665,5,55,M,Edema,2,10,True,False,exploratory warning; cutoff was not prespecified
1569714665,5,55,M,Emphysema,5,10,True,False,exploratory warning; cutoff was not prespecified
1569714665,5,55,M,Fibrosis,5,10,True,False,exploratory warning; cutoff was not prespecified
1569714665,5,55,M,Effusion,18,10,False,False,exploratory warning; cutoff was not prespecified
1569714665,5,55,M,Pneumonia,2,10,True,False,exploratory warning; cutoff was not prespecified
1569714665,5,55,M,Pleural_Thickening,14,10,False,False,exploratory warning; cutoff was not prespecified
1569714665,5,55,M,Cardiomegaly,7,10,True,False,exploratory warning; cutoff was not prespecified
1569714665,5,55,M,Nodule,33,10,False,False,exploratory warning; cutoff was not prespecified
1569714665,5,55,M,Mass,19,10,False,False,exploratory warning; cutoff was not prespecified
1569714665,5,55,M,Hernia,0,10,True,True,exploratory warning; cutoff was not prespecified
1569714665,5,60,M,Atelectasis,26,10,False,False,exploratory warning; cutoff was not prespecified
1569714665,5,60,M,Consolidation,6,10,True,False,exploratory warning; cutoff was not prespecified
1569714665,5,60,M,Infiltration,40,10,False,False,exploratory warning; cutoff was not prespecified
1569714665,5,60,M,Pneumothorax,2,10,True,False,exploratory warning; cutoff was not prespecified
1569714665,5,60,M,Edema,2,10,True,False,exploratory warning; cutoff was not prespecified
1569714665,5,60,M,Emphysema,8,10,True,False,exploratory warning; cutoff was not prespecified
1569714665,5,60,M,Fibrosis,9,10,True,False,exploratory warning; cutoff was not prespecified
1569714665,5,60,M,Effusion,20,10,False,False,exploratory warning; cutoff was not prespecified
1569714665,5,60,M,Pneumonia,1,10,True,False,exploratory warning; cutoff was not prespecified
1569714665,5,60,M,Pleural_Thickening,14,10,False,False,exploratory warning; cutoff was not prespecified
1569714665,5,60,M,Cardiomegaly,5,10,True,False,exploratory warning; cutoff was not prespecified
1569714665,5,60,M,Nodule,23,10,False,False,exploratory warning; cutoff was not prespecified
1569714665,5,60,M,Mass,20,10,False,False,exploratory warning; cutoff was not prespecified
1569714665,5,60,M,Hernia,0,10,True,True,exploratory warning; cutoff was not prespecified
1569714665,5,65,M,Atelectasis,23,10,False,False,exploratory warning; cutoff was not prespecified
1569714665,5,65,M,Consolidation,2,10,True,False,exploratory warning; cutoff was not prespecified
1569714665,5,65,M,Infiltration,33,10,False,False,exploratory warning; cutoff was not prespecified
1569714665,5,65,M,Pneumothorax,5,10,True,False,exploratory warning; cutoff was not prespecified
1569714665,5,65,M,Edema,1,10,True,False,exploratory warning; cutoff was not prespecified
1569714665,5,65,M,Emphysema,6,10,True,False,exploratory warning; cutoff was not prespecified
1569714665,5,65,M,Fibrosis,4,10,True,False,exploratory warning; cutoff was not prespecified
1569714665,5,65,M,Effusion,11,10,False,False,exploratory warning; cutoff was not prespecified
1569714665,5,65,M,Pneumonia,4,10,True,False,exploratory warning; cutoff was not prespecified
1569714665,5,65,M,Pleural_Thickening,9,10,True,False,exploratory warning; cutoff was not prespecified
1569714665,5,65,M,Cardiomegaly,3,10,True,False,exploratory warning; cutoff was not prespecified
1569714665,5,65,M,Nodule,13,10,False,False,exploratory warning; cutoff was not prespecified
1569714665,5,65,M,Mass,13,10,False,False,exploratory warning; cutoff was not prespecified
1569714665,5,65,M,Hernia,2,10,True,False,exploratory warning; cutoff was not prespecified
1569714665,5,70,M,Atelectasis,16,10,False,False,exploratory warning; cutoff was not prespecified
1569714665,5,70,M,Consolidation,2,10,True,False,exploratory warning; cutoff was not prespecified
1569714665,5,70,M,Infiltration,11,10,False,False,exploratory warning; cutoff was not prespecified
1569714665,5,70,M,Pneumothorax,0,10,True,True,exploratory warning; cutoff was not prespecified
1569714665,5,70,M,Edema,0,10,True,True,exploratory warning; cutoff was not prespecified
1569714665,5,70,M,Emphysema,3,10,True,False,exploratory warning; cutoff was not prespecified
1569714665,5,70,M,Fibrosis,8,10,True,False,exploratory warning; cutoff was not prespecified
1569714665,5,70,M,Effusion,6,10,True,False,exploratory warning; cutoff was not prespecified
1569714665,5,70,M,Pneumonia,1,10,True,False,exploratory warning; cutoff was not prespecified
1569714665,5,70,M,Pleural_Thickening,3,10,True,False,exploratory warning; cutoff was not prespecified
1569714665,5,70,M,Cardiomegaly,6,10,True,False,exploratory warning; cutoff was not prespecified
1569714665,5,70,M,Nodule,6,10,True,False,exploratory warning; cutoff was not prespecified
1569714665,5,70,M,Mass,7,10,True,False,exploratory warning; cutoff was not prespecified
1569714665,5,70,M,Hernia,1,10,True,False,exploratory warning; cutoff was not prespecified
1569714665,5,75,M,Atelectasis,12,10,False,False,exploratory warning; cutoff was not prespecified
1569714665,5,75,M,Consolidation,1,10,True,False,exploratory warning; cutoff was not prespecified
1569714665,5,75,M,Infiltration,8,10,True,False,exploratory warning; cutoff was not prespecified
1569714665,5,75,M,Pneumothorax,0,10,True,True,exploratory warning; cutoff was not prespecified
1569714665,5,75,M,Edema,0,10,True,True,exploratory warning; cutoff was not prespecified
1569714665,5,75,M,Emphysema,4,10,True,False,exploratory warning; cutoff was not prespecified
1569714665,5,75,M,Fibrosis,3,10,True,False,exploratory warning; cutoff was not prespecified
1569714665,5,75,M,Effusion,8,10,True,False,exploratory warning; cutoff was not prespecified
1569714665,5,75,M,Pneumonia,2,10,True,False,exploratory warning; cutoff was not prespecified
1569714665,5,75,M,Pleural_Thickening,1,10,True,False,exploratory warning; cutoff was not prespecified
1569714665,5,75,M,Cardiomegaly,1,10,True,False,exploratory warning; cutoff was not prespecified
1569714665,5,75,M,Nodule,10,10,False,False,exploratory warning; cutoff was not prespecified
1569714665,5,75,M,Mass,4,10,True,False,exploratory warning; cutoff was not prespecified
1569714665,5,75,M,Hernia,4,10,True,False,exploratory warning; cutoff was not prespecified
1569714665,5,80,M,Atelectasis,6,10,True,False,exploratory warning; cutoff was not prespecified
1569714665,5,80,M,Consolidation,3,10,True,False,exploratory warning; cutoff was not prespecified
1569714665,5,80,M,Infiltration,3,10,True,False,exploratory warning; cutoff was not prespecified
1569714665,5,80,M,Pneumothorax,1,10,True,False,exploratory warning; cutoff was not prespecified
1569714665,5,80,M,Edema,0,10,True,True,exploratory warning; cutoff was not prespecified
1569714665,5,80,M,Emphysema,1,10,True,False,exploratory warning; cutoff was not prespecified
1569714665,5,80,M,Fibrosis,3,10,True,False,exploratory warning; cutoff was not prespecified
1569714665,5,80,M,Effusion,1,10,True,False,exploratory warning; cutoff was not prespecified
1569714665,5,80,M,Pneumonia,1,10,True,False,exploratory warning; cutoff was not prespecified
1569714665,5,80,M,Pleural_Thickening,1,10,True,False,exploratory warning; cutoff was not prespecified
1569714665,5,80,M,Cardiomegaly,3,10,True,False,exploratory warning; cutoff was not prespecified
1569714665,5,80,M,Nodule,2,10,True,False,exploratory warning; cutoff was not prespecified
1569714665,5,80,M,Mass,1,10,True,False,exploratory warning; cutoff was not prespecified
1569714665,5,80,M,Hernia,1,10,True,False,exploratory warning; cutoff was not prespecified
1569714665,5,85,M,Atelectasis,2,10,True,False,exploratory warning; cutoff was not prespecified
1569714665,5,85,M,Consolidation,0,10,True,True,exploratory warning; cutoff was not prespecified
1569714665,5,85,M,Infiltration,0,10,True,True,exploratory warning; cutoff was not prespecified
1569714665,5,85,M,Pneumothorax,0,10,True,True,exploratory warning; cutoff was not prespecified
1569714665,5,85,M,Edema,0,10,True,True,exploratory warning; cutoff was not prespecified
1569714665,5,85,M,Emphysema,0,10,True,True,exploratory warning; cutoff was not prespecified
1569714665,5,85,M,Fibrosis,0,10,True,True,exploratory warning; cutoff was not prespecified
1569714665,5,85,M,Effusion,1,10,True,False,exploratory warning; cutoff was not prespecified
1569714665,5,85,M,Pneumonia,0,10,True,True,exploratory warning; cutoff was not prespecified
1569714665,5,85,M,Pleural_Thickening,0,10,True,True,exploratory warning; cutoff was not prespecified
1569714665,5,85,M,Cardiomegaly,1,10,True,False,exploratory warning; cutoff was not prespecified
1569714665,5,85,M,Nodule,0,10,True,True,exploratory warning; cutoff was not prespecified
1569714665,5,85,M,Mass,0,10,True,True,exploratory warning; cutoff was not prespecified
1569714665,5,85,M,Hernia,0,10,True,True,exploratory warning; cutoff was not prespecified
1569714665,5,90,M,Atelectasis,1,10,True,False,exploratory warning; cutoff was not prespecified
1569714665,5,90,M,Consolidation,1,10,True,False,exploratory warning; cutoff was not prespecified
1569714665,5,90,M,Infiltration,0,10,True,True,exploratory warning; cutoff was not prespecified
1569714665,5,90,M,Pneumothorax,0,10,True,True,exploratory warning; cutoff was not prespecified
1569714665,5,90,M,Edema,0,10,True,True,exploratory warning; cutoff was not prespecified
1569714665,5,90,M,Emphysema,0,10,True,True,exploratory warning; cutoff was not prespecified
1569714665,5,90,M,Fibrosis,1,10,True,False,exploratory warning; cutoff was not prespecified
1569714665,5,90,M,Effusion,0,10,True,True,exploratory warning; cutoff was not prespecified
1569714665,5,90,M,Pneumonia,0,10,True,True,exploratory warning; cutoff was not prespecified
1569714665,5,90,M,Pleural_Thickening,0,10,True,True,exploratory warning; cutoff was not prespecified
1569714665,5,90,M,Cardiomegaly,0,10,True,True,exploratory warning; cutoff was not prespecified
1569714665,5,90,M,Nodule,2,10,True,False,exploratory warning; cutoff was not prespecified
1569714665,5,90,M,Mass,0,10,True,True,exploratory warning; cutoff was not prespecified
1569714665,5,90,M,Hernia,0,10,True,True,exploratory warning; cutoff was not prespecified
1569714665,10,0,F,Atelectasis,2,10,True,False,exploratory warning; cutoff was not prespecified
1569714665,10,0,F,Consolidation,3,10,True,False,exploratory warning; cutoff was not prespecified
1569714665,10,0,F,Infiltration,2,10,True,False,exploratory warning; cutoff was not prespecified
1569714665,10,0,F,Pneumothorax,0,10,True,True,exploratory warning; cutoff was not prespecified
1569714665,10,0,F,Edema,1,10,True,False,exploratory warning; cutoff was not prespecified
1569714665,10,0,F,Emphysema,0,10,True,True,exploratory warning; cutoff was not prespecified
1569714665,10,0,F,Fibrosis,0,10,True,True,exploratory warning; cutoff was not prespecified
1569714665,10,0,F,Effusion,1,10,True,False,exploratory warning; cutoff was not prespecified
1569714665,10,0,F,Pneumonia,1,10,True,False,exploratory warning; cutoff was not prespecified
1569714665,10,0,F,Pleural_Thickening,0,10,True,True,exploratory warning; cutoff was not prespecified
1569714665,10,0,F,Cardiomegaly,0,10,True,True,exploratory warning; cutoff was not prespecified
1569714665,10,0,F,Nodule,0,10,True,True,exploratory warning; cutoff was not prespecified
1569714665,10,0,F,Mass,1,10,True,False,exploratory warning; cutoff was not prespecified
1569714665,10,0,F,Hernia,0,10,True,True,exploratory warning; cutoff was not prespecified
1569714665,10,10,F,Atelectasis,4,10,True,False,exploratory warning; cutoff was not prespecified
1569714665,10,10,F,Consolidation,1,10,True,False,exploratory warning; cutoff was not prespecified
1569714665,10,10,F,Infiltration,15,10,False,False,exploratory warning; cutoff was not prespecified
1569714665,10,10,F,Pneumothorax,2,10,True,False,exploratory warning; cutoff was not prespecified
1569714665,10,10,F,Edema,1,10,True,False,exploratory warning; cutoff was not prespecified
1569714665,10,10,F,Emphysema,0,10,True,True,exploratory warning; cutoff was not prespecified
1569714665,10,10,F,Fibrosis,0,10,True,True,exploratory warning; cutoff was not prespecified
1569714665,10,10,F,Effusion,1,10,True,False,exploratory warning; cutoff was not prespecified
1569714665,10,10,F,Pneumonia,1,10,True,False,exploratory warning; cutoff was not prespecified
1569714665,10,10,F,Pleural_Thickening,0,10,True,True,exploratory warning; cutoff was not prespecified
1569714665,10,10,F,Cardiomegaly,1,10,True,False,exploratory warning; cutoff was not prespecified
1569714665,10,10,F,Nodule,0,10,True,True,exploratory warning; cutoff was not prespecified
1569714665,10,10,F,Mass,0,10,True,True,exploratory warning; cutoff was not prespecified
1569714665,10,10,F,Hernia,0,10,True,True,exploratory warning; cutoff was not prespecified
1569714665,10,20,F,Atelectasis,6,10,True,False,exploratory warning; cutoff was not prespecified
1569714665,10,20,F,Consolidation,5,10,True,False,exploratory warning; cutoff was not prespecified
1569714665,10,20,F,Infiltration,32,10,False,False,exploratory warning; cutoff was not prespecified
1569714665,10,20,F,Pneumothorax,1,10,True,False,exploratory warning; cutoff was not prespecified
1569714665,10,20,F,Edema,1,10,True,False,exploratory warning; cutoff was not prespecified
1569714665,10,20,F,Emphysema,0,10,True,True,exploratory warning; cutoff was not prespecified
1569714665,10,20,F,Fibrosis,2,10,True,False,exploratory warning; cutoff was not prespecified
1569714665,10,20,F,Effusion,6,10,True,False,exploratory warning; cutoff was not prespecified
1569714665,10,20,F,Pneumonia,1,10,True,False,exploratory warning; cutoff was not prespecified
1569714665,10,20,F,Pleural_Thickening,2,10,True,False,exploratory warning; cutoff was not prespecified
1569714665,10,20,F,Cardiomegaly,7,10,True,False,exploratory warning; cutoff was not prespecified
1569714665,10,20,F,Nodule,8,10,True,False,exploratory warning; cutoff was not prespecified
1569714665,10,20,F,Mass,10,10,False,False,exploratory warning; cutoff was not prespecified
1569714665,10,20,F,Hernia,0,10,True,True,exploratory warning; cutoff was not prespecified
1569714665,10,30,F,Atelectasis,12,10,False,False,exploratory warning; cutoff was not prespecified
1569714665,10,30,F,Consolidation,4,10,True,False,exploratory warning; cutoff was not prespecified
1569714665,10,30,F,Infiltration,38,10,False,False,exploratory warning; cutoff was not prespecified
1569714665,10,30,F,Pneumothorax,3,10,True,False,exploratory warning; cutoff was not prespecified
1569714665,10,30,F,Edema,0,10,True,True,exploratory warning; cutoff was not prespecified
1569714665,10,30,F,Emphysema,2,10,True,False,exploratory warning; cutoff was not prespecified
1569714665,10,30,F,Fibrosis,1,10,True,False,exploratory warning; cutoff was not prespecified
1569714665,10,30,F,Effusion,14,10,False,False,exploratory warning; cutoff was not prespecified
1569714665,10,30,F,Pneumonia,4,10,True,False,exploratory warning; cutoff was not prespecified
1569714665,10,30,F,Pleural_Thickening,7,10,True,False,exploratory warning; cutoff was not prespecified
1569714665,10,30,F,Cardiomegaly,14,10,False,False,exploratory warning; cutoff was not prespecified
1569714665,10,30,F,Nodule,18,10,False,False,exploratory warning; cutoff was not prespecified
1569714665,10,30,F,Mass,7,10,True,False,exploratory warning; cutoff was not prespecified
1569714665,10,30,F,Hernia,0,10,True,True,exploratory warning; cutoff was not prespecified
1569714665,10,40,F,Atelectasis,23,10,False,False,exploratory warning; cutoff was not prespecified
1569714665,10,40,F,Consolidation,10,10,False,False,exploratory warning; cutoff was not prespecified
1569714665,10,40,F,Infiltration,66,10,False,False,exploratory warning; cutoff was not prespecified
1569714665,10,40,F,Pneumothorax,6,10,True,False,exploratory warning; cutoff was not prespecified
1569714665,10,40,F,Edema,3,10,True,False,exploratory warning; cutoff was not prespecified
1569714665,10,40,F,Emphysema,6,10,True,False,exploratory warning; cutoff was not prespecified
1569714665,10,40,F,Fibrosis,15,10,False,False,exploratory warning; cutoff was not prespecified
1569714665,10,40,F,Effusion,28,10,False,False,exploratory warning; cutoff was not prespecified
1569714665,10,40,F,Pneumonia,4,10,True,False,exploratory warning; cutoff was not prespecified
1569714665,10,40,F,Pleural_Thickening,18,10,False,False,exploratory warning; cutoff was not prespecified
1569714665,10,40,F,Cardiomegaly,14,10,False,False,exploratory warning; cutoff was not prespecified
1569714665,10,40,F,Nodule,32,10,False,False,exploratory warning; cutoff was not prespecified
1569714665,10,40,F,Mass,19,10,False,False,exploratory warning; cutoff was not prespecified
1569714665,10,40,F,Hernia,1,10,True,False,exploratory warning; cutoff was not prespecified
1569714665,10,50,F,Atelectasis,46,10,False,False,exploratory warning; cutoff was not prespecified
1569714665,10,50,F,Consolidation,9,10,True,False,exploratory warning; cutoff was not prespecified
1569714665,10,50,F,Infiltration,82,10,False,False,exploratory warning; cutoff was not prespecified
1569714665,10,50,F,Pneumothorax,12,10,False,False,exploratory warning; cutoff was not prespecified
1569714665,10,50,F,Edema,4,10,True,False,exploratory warning; cutoff was not prespecified
1569714665,10,50,F,Emphysema,5,10,True,False,exploratory warning; cutoff was not prespecified
1569714665,10,50,F,Fibrosis,18,10,False,False,exploratory warning; cutoff was not prespecified
1569714665,10,50,F,Effusion,41,10,False,False,exploratory warning; cutoff was not prespecified
1569714665,10,50,F,Pneumonia,3,10,True,False,exploratory warning; cutoff was not prespecified
1569714665,10,50,F,Pleural_Thickening,21,10,False,False,exploratory warning; cutoff was not prespecified
1569714665,10,50,F,Cardiomegaly,26,10,False,False,exploratory warning; cutoff was not prespecified
1569714665,10,50,F,Nodule,49,10,False,False,exploratory warning; cutoff was not prespecified
1569714665,10,50,F,Mass,24,10,False,False,exploratory warning; cutoff was not prespecified
1569714665,10,50,F,Hernia,3,10,True,False,exploratory warning; cutoff was not prespecified
1569714665,10,60,F,Atelectasis,27,10,False,False,exploratory warning; cutoff was not prespecified
1569714665,10,60,F,Consolidation,7,10,True,False,exploratory warning; cutoff was not prespecified
1569714665,10,60,F,Infiltration,52,10,False,False,exploratory warning; cutoff was not prespecified
1569714665,10,60,F,Pneumothorax,5,10,True,False,exploratory warning; cutoff was not prespecified
1569714665,10,60,F,Edema,0,10,True,True,exploratory warning; cutoff was not prespecified
1569714665,10,60,F,Emphysema,6,10,True,False,exploratory warning; cutoff was not prespecified
1569714665,10,60,F,Fibrosis,11,10,False,False,exploratory warning; cutoff was not prespecified
1569714665,10,60,F,Effusion,21,10,False,False,exploratory warning; cutoff was not prespecified
1569714665,10,60,F,Pneumonia,0,10,True,True,exploratory warning; cutoff was not prespecified
1569714665,10,60,F,Pleural_Thickening,7,10,True,False,exploratory warning; cutoff was not prespecified
1569714665,10,60,F,Cardiomegaly,17,10,False,False,exploratory warning; cutoff was not prespecified
1569714665,10,60,F,Nodule,26,10,False,False,exploratory warning; cutoff was not prespecified
1569714665,10,60,F,Mass,21,10,False,False,exploratory warning; cutoff was not prespecified
1569714665,10,60,F,Hernia,2,10,True,False,exploratory warning; cutoff was not prespecified
1569714665,10,70,F,Atelectasis,15,10,False,False,exploratory warning; cutoff was not prespecified
1569714665,10,70,F,Consolidation,2,10,True,False,exploratory warning; cutoff was not prespecified
1569714665,10,70,F,Infiltration,19,10,False,False,exploratory warning; cutoff was not prespecified
1569714665,10,70,F,Pneumothorax,0,10,True,True,exploratory warning; cutoff was not prespecified
1569714665,10,70,F,Edema,1,10,True,False,exploratory warning; cutoff was not prespecified
1569714665,10,70,F,Emphysema,4,10,True,False,exploratory warning; cutoff was not prespecified
1569714665,10,70,F,Fibrosis,5,10,True,False,exploratory warning; cutoff was not prespecified
1569714665,10,70,F,Effusion,11,10,False,False,exploratory warning; cutoff was not prespecified
1569714665,10,70,F,Pneumonia,4,10,True,False,exploratory warning; cutoff was not prespecified
1569714665,10,70,F,Pleural_Thickening,8,10,True,False,exploratory warning; cutoff was not prespecified
1569714665,10,70,F,Cardiomegaly,9,10,True,False,exploratory warning; cutoff was not prespecified
1569714665,10,70,F,Nodule,9,10,True,False,exploratory warning; cutoff was not prespecified
1569714665,10,70,F,Mass,4,10,True,False,exploratory warning; cutoff was not prespecified
1569714665,10,70,F,Hernia,3,10,True,False,exploratory warning; cutoff was not prespecified
1569714665,10,80,F,Atelectasis,0,10,True,True,exploratory warning; cutoff was not prespecified
1569714665,10,80,F,Consolidation,1,10,True,False,exploratory warning; cutoff was not prespecified
1569714665,10,80,F,Infiltration,7,10,True,False,exploratory warning; cutoff was not prespecified
1569714665,10,80,F,Pneumothorax,0,10,True,True,exploratory warning; cutoff was not prespecified
1569714665,10,80,F,Edema,0,10,True,True,exploratory warning; cutoff was not prespecified
1569714665,10,80,F,Emphysema,0,10,True,True,exploratory warning; cutoff was not prespecified
1569714665,10,80,F,Fibrosis,1,10,True,False,exploratory warning; cutoff was not prespecified
1569714665,10,80,F,Effusion,3,10,True,False,exploratory warning; cutoff was not prespecified
1569714665,10,80,F,Pneumonia,0,10,True,True,exploratory warning; cutoff was not prespecified
1569714665,10,80,F,Pleural_Thickening,4,10,True,False,exploratory warning; cutoff was not prespecified
1569714665,10,80,F,Cardiomegaly,3,10,True,False,exploratory warning; cutoff was not prespecified
1569714665,10,80,F,Nodule,2,10,True,False,exploratory warning; cutoff was not prespecified
1569714665,10,80,F,Mass,3,10,True,False,exploratory warning; cutoff was not prespecified
1569714665,10,80,F,Hernia,2,10,True,False,exploratory warning; cutoff was not prespecified
1569714665,10,90,F,Atelectasis,2,10,True,False,exploratory warning; cutoff was not prespecified
1569714665,10,90,F,Consolidation,0,10,True,True,exploratory warning; cutoff was not prespecified
1569714665,10,90,F,Infiltration,1,10,True,False,exploratory warning; cutoff was not prespecified
1569714665,10,90,F,Pneumothorax,0,10,True,True,exploratory warning; cutoff was not prespecified
1569714665,10,90,F,Edema,0,10,True,True,exploratory warning; cutoff was not prespecified
1569714665,10,90,F,Emphysema,0,10,True,True,exploratory warning; cutoff was not prespecified
1569714665,10,90,F,Fibrosis,0,10,True,True,exploratory warning; cutoff was not prespecified
1569714665,10,90,F,Effusion,0,10,True,True,exploratory warning; cutoff was not prespecified
1569714665,10,90,F,Pneumonia,0,10,True,True,exploratory warning; cutoff was not prespecified
1569714665,10,90,F,Pleural_Thickening,1,10,True,False,exploratory warning; cutoff was not prespecified
1569714665,10,90,F,Cardiomegaly,0,10,True,True,exploratory warning; cutoff was not prespecified
1569714665,10,90,F,Nodule,0,10,True,True,exploratory warning; cutoff was not prespecified
1569714665,10,90,F,Mass,0,10,True,True,exploratory warning; cutoff was not prespecified
1569714665,10,90,F,Hernia,0,10,True,True,exploratory warning; cutoff was not prespecified
1569714665,10,0,M,Atelectasis,3,10,True,False,exploratory warning; cutoff was not prespecified
1569714665,10,0,M,Consolidation,4,10,True,False,exploratory warning; cutoff was not prespecified
1569714665,10,0,M,Infiltration,13,10,False,False,exploratory warning; cutoff was not prespecified
1569714665,10,0,M,Pneumothorax,1,10,True,False,exploratory warning; cutoff was not prespecified
1569714665,10,0,M,Edema,1,10,True,False,exploratory warning; cutoff was not prespecified
1569714665,10,0,M,Emphysema,0,10,True,True,exploratory warning; cutoff was not prespecified
1569714665,10,0,M,Fibrosis,0,10,True,True,exploratory warning; cutoff was not prespecified
1569714665,10,0,M,Effusion,2,10,True,False,exploratory warning; cutoff was not prespecified
1569714665,10,0,M,Pneumonia,2,10,True,False,exploratory warning; cutoff was not prespecified
1569714665,10,0,M,Pleural_Thickening,0,10,True,True,exploratory warning; cutoff was not prespecified
1569714665,10,0,M,Cardiomegaly,0,10,True,True,exploratory warning; cutoff was not prespecified
1569714665,10,0,M,Nodule,1,10,True,False,exploratory warning; cutoff was not prespecified
1569714665,10,0,M,Mass,1,10,True,False,exploratory warning; cutoff was not prespecified
1569714665,10,0,M,Hernia,0,10,True,True,exploratory warning; cutoff was not prespecified
1569714665,10,10,M,Atelectasis,3,10,True,False,exploratory warning; cutoff was not prespecified
1569714665,10,10,M,Consolidation,3,10,True,False,exploratory warning; cutoff was not prespecified
1569714665,10,10,M,Infiltration,18,10,False,False,exploratory warning; cutoff was not prespecified
1569714665,10,10,M,Pneumothorax,3,10,True,False,exploratory warning; cutoff was not prespecified
1569714665,10,10,M,Edema,0,10,True,True,exploratory warning; cutoff was not prespecified
1569714665,10,10,M,Emphysema,1,10,True,False,exploratory warning; cutoff was not prespecified
1569714665,10,10,M,Fibrosis,1,10,True,False,exploratory warning; cutoff was not prespecified
1569714665,10,10,M,Effusion,7,10,True,False,exploratory warning; cutoff was not prespecified
1569714665,10,10,M,Pneumonia,1,10,True,False,exploratory warning; cutoff was not prespecified
1569714665,10,10,M,Pleural_Thickening,4,10,True,False,exploratory warning; cutoff was not prespecified
1569714665,10,10,M,Cardiomegaly,7,10,True,False,exploratory warning; cutoff was not prespecified
1569714665,10,10,M,Nodule,6,10,True,False,exploratory warning; cutoff was not prespecified
1569714665,10,10,M,Mass,6,10,True,False,exploratory warning; cutoff was not prespecified
1569714665,10,10,M,Hernia,0,10,True,True,exploratory warning; cutoff was not prespecified
1569714665,10,20,M,Atelectasis,15,10,False,False,exploratory warning; cutoff was not prespecified
1569714665,10,20,M,Consolidation,1,10,True,False,exploratory warning; cutoff was not prespecified
1569714665,10,20,M,Infiltration,52,10,False,False,exploratory warning; cutoff was not prespecified
1569714665,10,20,M,Pneumothorax,1,10,True,False,exploratory warning; cutoff was not prespecified
1569714665,10,20,M,Edema,2,10,True,False,exploratory warning; cutoff was not prespecified
1569714665,10,20,M,Emphysema,1,10,True,False,exploratory warning; cutoff was not prespecified
1569714665,10,20,M,Fibrosis,2,10,True,False,exploratory warning; cutoff was not prespecified
1569714665,10,20,M,Effusion,12,10,False,False,exploratory warning; cutoff was not prespecified
1569714665,10,20,M,Pneumonia,1,10,True,False,exploratory warning; cutoff was not prespecified
1569714665,10,20,M,Pleural_Thickening,3,10,True,False,exploratory warning; cutoff was not prespecified
1569714665,10,20,M,Cardiomegaly,7,10,True,False,exploratory warning; cutoff was not prespecified
1569714665,10,20,M,Nodule,9,10,True,False,exploratory warning; cutoff was not prespecified
1569714665,10,20,M,Mass,11,10,False,False,exploratory warning; cutoff was not prespecified
1569714665,10,20,M,Hernia,0,10,True,True,exploratory warning; cutoff was not prespecified
1569714665,10,30,M,Atelectasis,23,10,False,False,exploratory warning; cutoff was not prespecified
1569714665,10,30,M,Consolidation,5,10,True,False,exploratory warning; cutoff was not prespecified
1569714665,10,30,M,Infiltration,58,10,False,False,exploratory warning; cutoff was not prespecified
1569714665,10,30,M,Pneumothorax,5,10,True,False,exploratory warning; cutoff was not prespecified
1569714665,10,30,M,Edema,3,10,True,False,exploratory warning; cutoff was not prespecified
1569714665,10,30,M,Emphysema,1,10,True,False,exploratory warning; cutoff was not prespecified
1569714665,10,30,M,Fibrosis,4,10,True,False,exploratory warning; cutoff was not prespecified
1569714665,10,30,M,Effusion,17,10,False,False,exploratory warning; cutoff was not prespecified
1569714665,10,30,M,Pneumonia,1,10,True,False,exploratory warning; cutoff was not prespecified
1569714665,10,30,M,Pleural_Thickening,9,10,True,False,exploratory warning; cutoff was not prespecified
1569714665,10,30,M,Cardiomegaly,6,10,True,False,exploratory warning; cutoff was not prespecified
1569714665,10,30,M,Nodule,20,10,False,False,exploratory warning; cutoff was not prespecified
1569714665,10,30,M,Mass,17,10,False,False,exploratory warning; cutoff was not prespecified
1569714665,10,30,M,Hernia,0,10,True,True,exploratory warning; cutoff was not prespecified
1569714665,10,40,M,Atelectasis,38,10,False,False,exploratory warning; cutoff was not prespecified
1569714665,10,40,M,Consolidation,10,10,False,False,exploratory warning; cutoff was not prespecified
1569714665,10,40,M,Infiltration,60,10,False,False,exploratory warning; cutoff was not prespecified
1569714665,10,40,M,Pneumothorax,4,10,True,False,exploratory warning; cutoff was not prespecified
1569714665,10,40,M,Edema,4,10,True,False,exploratory warning; cutoff was not prespecified
1569714665,10,40,M,Emphysema,2,10,True,False,exploratory warning; cutoff was not prespecified
1569714665,10,40,M,Fibrosis,10,10,False,False,exploratory warning; cutoff was not prespecified
1569714665,10,40,M,Effusion,20,10,False,False,exploratory warning; cutoff was not prespecified
1569714665,10,40,M,Pneumonia,1,10,True,False,exploratory warning; cutoff was not prespecified
1569714665,10,40,M,Pleural_Thickening,13,10,False,False,exploratory warning; cutoff was not prespecified
1569714665,10,40,M,Cardiomegaly,13,10,False,False,exploratory warning; cutoff was not prespecified
1569714665,10,40,M,Nodule,21,10,False,False,exploratory warning; cutoff was not prespecified
1569714665,10,40,M,Mass,19,10,False,False,exploratory warning; cutoff was not prespecified
1569714665,10,40,M,Hernia,1,10,True,False,exploratory warning; cutoff was not prespecified
1569714665,10,50,M,Atelectasis,45,10,False,False,exploratory warning; cutoff was not prespecified
1569714665,10,50,M,Consolidation,11,10,False,False,exploratory warning; cutoff was not prespecified
1569714665,10,50,M,Infiltration,88,10,False,False,exploratory warning; cutoff was not prespecified
1569714665,10,50,M,Pneumothorax,3,10,True,False,exploratory warning; cutoff was not prespecified
1569714665,10,50,M,Edema,3,10,True,False,exploratory warning; cutoff was not prespecified
1569714665,10,50,M,Emphysema,13,10,False,False,exploratory warning; cutoff was not prespecified
1569714665,10,50,M,Fibrosis,10,10,False,False,exploratory warning; cutoff was not prespecified
1569714665,10,50,M,Effusion,24,10,False,False,exploratory warning; cutoff was not prespecified
1569714665,10,50,M,Pneumonia,5,10,True,False,exploratory warning; cutoff was not prespecified
1569714665,10,50,M,Pleural_Thickening,25,10,False,False,exploratory warning; cutoff was not prespecified
1569714665,10,50,M,Cardiomegaly,9,10,True,False,exploratory warning; cutoff was not prespecified
1569714665,10,50,M,Nodule,58,10,False,False,exploratory warning; cutoff was not prespecified
1569714665,10,50,M,Mass,40,10,False,False,exploratory warning; cutoff was not prespecified
1569714665,10,50,M,Hernia,1,10,True,False,exploratory warning; cutoff was not prespecified
1569714665,10,60,M,Atelectasis,49,10,False,False,exploratory warning; cutoff was not prespecified
1569714665,10,60,M,Consolidation,8,10,True,False,exploratory warning; cutoff was not prespecified
1569714665,10,60,M,Infiltration,73,10,False,False,exploratory warning; cutoff was not prespecified
1569714665,10,60,M,Pneumothorax,7,10,True,False,exploratory warning; cutoff was not prespecified
1569714665,10,60,M,Edema,3,10,True,False,exploratory warning; cutoff was not prespecified
1569714665,10,60,M,Emphysema,14,10,False,False,exploratory warning; cutoff was not prespecified
1569714665,10,60,M,Fibrosis,13,10,False,False,exploratory warning; cutoff was not prespecified
1569714665,10,60,M,Effusion,31,10,False,False,exploratory warning; cutoff was not prespecified
1569714665,10,60,M,Pneumonia,5,10,True,False,exploratory warning; cutoff was not prespecified
1569714665,10,60,M,Pleural_Thickening,23,10,False,False,exploratory warning; cutoff was not prespecified
1569714665,10,60,M,Cardiomegaly,8,10,True,False,exploratory warning; cutoff was not prespecified
1569714665,10,60,M,Nodule,36,10,False,False,exploratory warning; cutoff was not prespecified
1569714665,10,60,M,Mass,33,10,False,False,exploratory warning; cutoff was not prespecified
1569714665,10,60,M,Hernia,2,10,True,False,exploratory warning; cutoff was not prespecified
1569714665,10,70,M,Atelectasis,28,10,False,False,exploratory warning; cutoff was not prespecified
1569714665,10,70,M,Consolidation,3,10,True,False,exploratory warning; cutoff was not prespecified
1569714665,10,70,M,Infiltration,19,10,False,False,exploratory warning; cutoff was not prespecified
1569714665,10,70,M,Pneumothorax,0,10,True,True,exploratory warning; cutoff was not prespecified
1569714665,10,70,M,Edema,0,10,True,True,exploratory warning; cutoff was not prespecified
1569714665,10,70,M,Emphysema,7,10,True,False,exploratory warning; cutoff was not prespecified
1569714665,10,70,M,Fibrosis,11,10,False,False,exploratory warning; cutoff was not prespecified
1569714665,10,70,M,Effusion,14,10,False,False,exploratory warning; cutoff was not prespecified
1569714665,10,70,M,Pneumonia,3,10,True,False,exploratory warning; cutoff was not prespecified
1569714665,10,70,M,Pleural_Thickening,4,10,True,False,exploratory warning; cutoff was not prespecified
1569714665,10,70,M,Cardiomegaly,7,10,True,False,exploratory warning; cutoff was not prespecified
1569714665,10,70,M,Nodule,16,10,False,False,exploratory warning; cutoff was not prespecified
1569714665,10,70,M,Mass,11,10,False,False,exploratory warning; cutoff was not prespecified
1569714665,10,70,M,Hernia,5,10,True,False,exploratory warning; cutoff was not prespecified
1569714665,10,80,M,Atelectasis,8,10,True,False,exploratory warning; cutoff was not prespecified
1569714665,10,80,M,Consolidation,3,10,True,False,exploratory warning; cutoff was not prespecified
1569714665,10,80,M,Infiltration,3,10,True,False,exploratory warning; cutoff was not prespecified
1569714665,10,80,M,Pneumothorax,1,10,True,False,exploratory warning; cutoff was not prespecified
1569714665,10,80,M,Edema,0,10,True,True,exploratory warning; cutoff was not prespecified
1569714665,10,80,M,Emphysema,1,10,True,False,exploratory warning; cutoff was not prespecified
1569714665,10,80,M,Fibrosis,3,10,True,False,exploratory warning; cutoff was not prespecified
1569714665,10,80,M,Effusion,2,10,True,False,exploratory warning; cutoff was not prespecified
1569714665,10,80,M,Pneumonia,1,10,True,False,exploratory warning; cutoff was not prespecified
1569714665,10,80,M,Pleural_Thickening,1,10,True,False,exploratory warning; cutoff was not prespecified
1569714665,10,80,M,Cardiomegaly,4,10,True,False,exploratory warning; cutoff was not prespecified
1569714665,10,80,M,Nodule,2,10,True,False,exploratory warning; cutoff was not prespecified
1569714665,10,80,M,Mass,1,10,True,False,exploratory warning; cutoff was not prespecified
1569714665,10,80,M,Hernia,1,10,True,False,exploratory warning; cutoff was not prespecified
1569714665,10,90,M,Atelectasis,1,10,True,False,exploratory warning; cutoff was not prespecified
1569714665,10,90,M,Consolidation,1,10,True,False,exploratory warning; cutoff was not prespecified
1569714665,10,90,M,Infiltration,0,10,True,True,exploratory warning; cutoff was not prespecified
1569714665,10,90,M,Pneumothorax,0,10,True,True,exploratory warning; cutoff was not prespecified
1569714665,10,90,M,Edema,0,10,True,True,exploratory warning; cutoff was not prespecified
1569714665,10,90,M,Emphysema,0,10,True,True,exploratory warning; cutoff was not prespecified
1569714665,10,90,M,Fibrosis,1,10,True,False,exploratory warning; cutoff was not prespecified
1569714665,10,90,M,Effusion,0,10,True,True,exploratory warning; cutoff was not prespecified
1569714665,10,90,M,Pneumonia,0,10,True,True,exploratory warning; cutoff was not prespecified
1569714665,10,90,M,Pleural_Thickening,0,10,True,True,exploratory warning; cutoff was not prespecified
1569714665,10,90,M,Cardiomegaly,0,10,True,True,exploratory warning; cutoff was not prespecified
1569714665,10,90,M,Nodule,2,10,True,False,exploratory warning; cutoff was not prespecified
1569714665,10,90,M,Mass,0,10,True,True,exploratory warning; cutoff was not prespecified
1569714665,10,90,M,Hernia,0,10,True,True,exploratory warning; cutoff was not prespecified
2006902500,5,0,F,Atelectasis,1,10,True,False,exploratory warning; cutoff was not prespecified
2006902500,5,0,F,Consolidation,0,10,True,True,exploratory warning; cutoff was not prespecified
2006902500,5,0,F,Infiltration,3,10,True,False,exploratory warning; cutoff was not prespecified
2006902500,5,0,F,Pneumothorax,0,10,True,True,exploratory warning; cutoff was not prespecified
2006902500,5,0,F,Edema,0,10,True,True,exploratory warning; cutoff was not prespecified
2006902500,5,0,F,Emphysema,0,10,True,True,exploratory warning; cutoff was not prespecified
2006902500,5,0,F,Fibrosis,0,10,True,True,exploratory warning; cutoff was not prespecified
2006902500,5,0,F,Effusion,0,10,True,True,exploratory warning; cutoff was not prespecified
2006902500,5,0,F,Pneumonia,0,10,True,True,exploratory warning; cutoff was not prespecified
2006902500,5,0,F,Pleural_Thickening,0,10,True,True,exploratory warning; cutoff was not prespecified
2006902500,5,0,F,Cardiomegaly,0,10,True,True,exploratory warning; cutoff was not prespecified
2006902500,5,0,F,Nodule,1,10,True,False,exploratory warning; cutoff was not prespecified
2006902500,5,0,F,Mass,0,10,True,True,exploratory warning; cutoff was not prespecified
2006902500,5,0,F,Hernia,0,10,True,True,exploratory warning; cutoff was not prespecified
2006902500,5,5,F,Atelectasis,0,10,True,True,exploratory warning; cutoff was not prespecified
2006902500,5,5,F,Consolidation,0,10,True,True,exploratory warning; cutoff was not prespecified
2006902500,5,5,F,Infiltration,2,10,True,False,exploratory warning; cutoff was not prespecified
2006902500,5,5,F,Pneumothorax,0,10,True,True,exploratory warning; cutoff was not prespecified
2006902500,5,5,F,Edema,0,10,True,True,exploratory warning; cutoff was not prespecified
2006902500,5,5,F,Emphysema,0,10,True,True,exploratory warning; cutoff was not prespecified
2006902500,5,5,F,Fibrosis,0,10,True,True,exploratory warning; cutoff was not prespecified
2006902500,5,5,F,Effusion,0,10,True,True,exploratory warning; cutoff was not prespecified
2006902500,5,5,F,Pneumonia,0,10,True,True,exploratory warning; cutoff was not prespecified
2006902500,5,5,F,Pleural_Thickening,0,10,True,True,exploratory warning; cutoff was not prespecified
2006902500,5,5,F,Cardiomegaly,0,10,True,True,exploratory warning; cutoff was not prespecified
2006902500,5,5,F,Nodule,0,10,True,True,exploratory warning; cutoff was not prespecified
2006902500,5,5,F,Mass,2,10,True,False,exploratory warning; cutoff was not prespecified
2006902500,5,5,F,Hernia,0,10,True,True,exploratory warning; cutoff was not prespecified
2006902500,5,10,F,Atelectasis,3,10,True,False,exploratory warning; cutoff was not prespecified
2006902500,5,10,F,Consolidation,1,10,True,False,exploratory warning; cutoff was not prespecified
2006902500,5,10,F,Infiltration,5,10,True,False,exploratory warning; cutoff was not prespecified
2006902500,5,10,F,Pneumothorax,0,10,True,True,exploratory warning; cutoff was not prespecified
2006902500,5,10,F,Edema,0,10,True,True,exploratory warning; cutoff was not prespecified
2006902500,5,10,F,Emphysema,1,10,True,False,exploratory warning; cutoff was not prespecified
2006902500,5,10,F,Fibrosis,0,10,True,True,exploratory warning; cutoff was not prespecified
2006902500,5,10,F,Effusion,1,10,True,False,exploratory warning; cutoff was not prespecified
2006902500,5,10,F,Pneumonia,1,10,True,False,exploratory warning; cutoff was not prespecified
2006902500,5,10,F,Pleural_Thickening,1,10,True,False,exploratory warning; cutoff was not prespecified
2006902500,5,10,F,Cardiomegaly,1,10,True,False,exploratory warning; cutoff was not prespecified
2006902500,5,10,F,Nodule,2,10,True,False,exploratory warning; cutoff was not prespecified
2006902500,5,10,F,Mass,1,10,True,False,exploratory warning; cutoff was not prespecified
2006902500,5,10,F,Hernia,0,10,True,True,exploratory warning; cutoff was not prespecified
2006902500,5,15,F,Atelectasis,4,10,True,False,exploratory warning; cutoff was not prespecified
2006902500,5,15,F,Consolidation,0,10,True,True,exploratory warning; cutoff was not prespecified
2006902500,5,15,F,Infiltration,9,10,True,False,exploratory warning; cutoff was not prespecified
2006902500,5,15,F,Pneumothorax,0,10,True,True,exploratory warning; cutoff was not prespecified
2006902500,5,15,F,Edema,1,10,True,False,exploratory warning; cutoff was not prespecified
2006902500,5,15,F,Emphysema,0,10,True,True,exploratory warning; cutoff was not prespecified
2006902500,5,15,F,Fibrosis,0,10,True,True,exploratory warning; cutoff was not prespecified
2006902500,5,15,F,Effusion,4,10,True,False,exploratory warning; cutoff was not prespecified
2006902500,5,15,F,Pneumonia,1,10,True,False,exploratory warning; cutoff was not prespecified
2006902500,5,15,F,Pleural_Thickening,0,10,True,True,exploratory warning; cutoff was not prespecified
2006902500,5,15,F,Cardiomegaly,0,10,True,True,exploratory warning; cutoff was not prespecified
2006902500,5,15,F,Nodule,5,10,True,False,exploratory warning; cutoff was not prespecified
2006902500,5,15,F,Mass,4,10,True,False,exploratory warning; cutoff was not prespecified
2006902500,5,15,F,Hernia,0,10,True,True,exploratory warning; cutoff was not prespecified
2006902500,5,20,F,Atelectasis,4,10,True,False,exploratory warning; cutoff was not prespecified
2006902500,5,20,F,Consolidation,2,10,True,False,exploratory warning; cutoff was not prespecified
2006902500,5,20,F,Infiltration,23,10,False,False,exploratory warning; cutoff was not prespecified
2006902500,5,20,F,Pneumothorax,3,10,True,False,exploratory warning; cutoff was not prespecified
2006902500,5,20,F,Edema,0,10,True,True,exploratory warning; cutoff was not prespecified
2006902500,5,20,F,Emphysema,1,10,True,False,exploratory warning; cutoff was not prespecified
2006902500,5,20,F,Fibrosis,1,10,True,False,exploratory warning; cutoff was not prespecified
2006902500,5,20,F,Effusion,4,10,True,False,exploratory warning; cutoff was not prespecified
2006902500,5,20,F,Pneumonia,2,10,True,False,exploratory warning; cutoff was not prespecified
2006902500,5,20,F,Pleural_Thickening,1,10,True,False,exploratory warning; cutoff was not prespecified
2006902500,5,20,F,Cardiomegaly,1,10,True,False,exploratory warning; cutoff was not prespecified
2006902500,5,20,F,Nodule,3,10,True,False,exploratory warning; cutoff was not prespecified
2006902500,5,20,F,Mass,2,10,True,False,exploratory warning; cutoff was not prespecified
2006902500,5,20,F,Hernia,0,10,True,True,exploratory warning; cutoff was not prespecified
2006902500,5,25,F,Atelectasis,7,10,True,False,exploratory warning; cutoff was not prespecified
2006902500,5,25,F,Consolidation,0,10,True,True,exploratory warning; cutoff was not prespecified
2006902500,5,25,F,Infiltration,21,10,False,False,exploratory warning; cutoff was not prespecified
2006902500,5,25,F,Pneumothorax,2,10,True,False,exploratory warning; cutoff was not prespecified
2006902500,5,25,F,Edema,0,10,True,True,exploratory warning; cutoff was not prespecified
2006902500,5,25,F,Emphysema,2,10,True,False,exploratory warning; cutoff was not prespecified
2006902500,5,25,F,Fibrosis,2,10,True,False,exploratory warning; cutoff was not prespecified
2006902500,5,25,F,Effusion,3,10,True,False,exploratory warning; cutoff was not prespecified
2006902500,5,25,F,Pneumonia,0,10,True,True,exploratory warning; cutoff was not prespecified
2006902500,5,25,F,Pleural_Thickening,1,10,True,False,exploratory warning; cutoff was not prespecified
2006902500,5,25,F,Cardiomegaly,3,10,True,False,exploratory warning; cutoff was not prespecified
2006902500,5,25,F,Nodule,6,10,True,False,exploratory warning; cutoff was not prespecified
2006902500,5,25,F,Mass,9,10,True,False,exploratory warning; cutoff was not prespecified
2006902500,5,25,F,Hernia,1,10,True,False,exploratory warning; cutoff was not prespecified
2006902500,5,30,F,Atelectasis,6,10,True,False,exploratory warning; cutoff was not prespecified
2006902500,5,30,F,Consolidation,2,10,True,False,exploratory warning; cutoff was not prespecified
2006902500,5,30,F,Infiltration,15,10,False,False,exploratory warning; cutoff was not prespecified
2006902500,5,30,F,Pneumothorax,2,10,True,False,exploratory warning; cutoff was not prespecified
2006902500,5,30,F,Edema,2,10,True,False,exploratory warning; cutoff was not prespecified
2006902500,5,30,F,Emphysema,1,10,True,False,exploratory warning; cutoff was not prespecified
2006902500,5,30,F,Fibrosis,2,10,True,False,exploratory warning; cutoff was not prespecified
2006902500,5,30,F,Effusion,9,10,True,False,exploratory warning; cutoff was not prespecified
2006902500,5,30,F,Pneumonia,1,10,True,False,exploratory warning; cutoff was not prespecified
2006902500,5,30,F,Pleural_Thickening,1,10,True,False,exploratory warning; cutoff was not prespecified
2006902500,5,30,F,Cardiomegaly,3,10,True,False,exploratory warning; cutoff was not prespecified
2006902500,5,30,F,Nodule,3,10,True,False,exploratory warning; cutoff was not prespecified
2006902500,5,30,F,Mass,1,10,True,False,exploratory warning; cutoff was not prespecified
2006902500,5,30,F,Hernia,0,10,True,True,exploratory warning; cutoff was not prespecified
2006902500,5,35,F,Atelectasis,10,10,False,False,exploratory warning; cutoff was not prespecified
2006902500,5,35,F,Consolidation,1,10,True,False,exploratory warning; cutoff was not prespecified
2006902500,5,35,F,Infiltration,23,10,False,False,exploratory warning; cutoff was not prespecified
2006902500,5,35,F,Pneumothorax,2,10,True,False,exploratory warning; cutoff was not prespecified
2006902500,5,35,F,Edema,2,10,True,False,exploratory warning; cutoff was not prespecified
2006902500,5,35,F,Emphysema,0,10,True,True,exploratory warning; cutoff was not prespecified
2006902500,5,35,F,Fibrosis,1,10,True,False,exploratory warning; cutoff was not prespecified
2006902500,5,35,F,Effusion,5,10,True,False,exploratory warning; cutoff was not prespecified
2006902500,5,35,F,Pneumonia,2,10,True,False,exploratory warning; cutoff was not prespecified
2006902500,5,35,F,Pleural_Thickening,3,10,True,False,exploratory warning; cutoff was not prespecified
2006902500,5,35,F,Cardiomegaly,7,10,True,False,exploratory warning; cutoff was not prespecified
2006902500,5,35,F,Nodule,9,10,True,False,exploratory warning; cutoff was not prespecified
2006902500,5,35,F,Mass,3,10,True,False,exploratory warning; cutoff was not prespecified
2006902500,5,35,F,Hernia,0,10,True,True,exploratory warning; cutoff was not prespecified
2006902500,5,40,F,Atelectasis,7,10,True,False,exploratory warning; cutoff was not prespecified
2006902500,5,40,F,Consolidation,4,10,True,False,exploratory warning; cutoff was not prespecified
2006902500,5,40,F,Infiltration,29,10,False,False,exploratory warning; cutoff was not prespecified
2006902500,5,40,F,Pneumothorax,1,10,True,False,exploratory warning; cutoff was not prespecified
2006902500,5,40,F,Edema,0,10,True,True,exploratory warning; cutoff was not prespecified
2006902500,5,40,F,Emphysema,0,10,True,True,exploratory warning; cutoff was not prespecified
2006902500,5,40,F,Fibrosis,6,10,True,False,exploratory warning; cutoff was not prespecified
2006902500,5,40,F,Effusion,10,10,False,False,exploratory warning; cutoff was not prespecified
2006902500,5,40,F,Pneumonia,3,10,True,False,exploratory warning; cutoff was not prespecified
2006902500,5,40,F,Pleural_Thickening,8,10,True,False,exploratory warning; cutoff was not prespecified
2006902500,5,40,F,Cardiomegaly,6,10,True,False,exploratory warning; cutoff was not prespecified
2006902500,5,40,F,Nodule,14,10,False,False,exploratory warning; cutoff was not prespecified
2006902500,5,40,F,Mass,6,10,True,False,exploratory warning; cutoff was not prespecified
2006902500,5,40,F,Hernia,0,10,True,True,exploratory warning; cutoff was not prespecified
2006902500,5,45,F,Atelectasis,13,10,False,False,exploratory warning; cutoff was not prespecified
2006902500,5,45,F,Consolidation,5,10,True,False,exploratory warning; cutoff was not prespecified
2006902500,5,45,F,Infiltration,40,10,False,False,exploratory warning; cutoff was not prespecified
2006902500,5,45,F,Pneumothorax,7,10,True,False,exploratory warning; cutoff was not prespecified
2006902500,5,45,F,Edema,1,10,True,False,exploratory warning; cutoff was not prespecified
2006902500,5,45,F,Emphysema,0,10,True,True,exploratory warning; cutoff was not prespecified
2006902500,5,45,F,Fibrosis,6,10,True,False,exploratory warning; cutoff was not prespecified
2006902500,5,45,F,Effusion,14,10,False,False,exploratory warning; cutoff was not prespecified
2006902500,5,45,F,Pneumonia,1,10,True,False,exploratory warning; cutoff was not prespecified
2006902500,5,45,F,Pleural_Thickening,10,10,False,False,exploratory warning; cutoff was not prespecified
2006902500,5,45,F,Cardiomegaly,13,10,False,False,exploratory warning; cutoff was not prespecified
2006902500,5,45,F,Nodule,17,10,False,False,exploratory warning; cutoff was not prespecified
2006902500,5,45,F,Mass,11,10,False,False,exploratory warning; cutoff was not prespecified
2006902500,5,45,F,Hernia,0,10,True,True,exploratory warning; cutoff was not prespecified
2006902500,5,50,F,Atelectasis,28,10,False,False,exploratory warning; cutoff was not prespecified
2006902500,5,50,F,Consolidation,6,10,True,False,exploratory warning; cutoff was not prespecified
2006902500,5,50,F,Infiltration,34,10,False,False,exploratory warning; cutoff was not prespecified
2006902500,5,50,F,Pneumothorax,3,10,True,False,exploratory warning; cutoff was not prespecified
2006902500,5,50,F,Edema,1,10,True,False,exploratory warning; cutoff was not prespecified
2006902500,5,50,F,Emphysema,2,10,True,False,exploratory warning; cutoff was not prespecified
2006902500,5,50,F,Fibrosis,6,10,True,False,exploratory warning; cutoff was not prespecified
2006902500,5,50,F,Effusion,18,10,False,False,exploratory warning; cutoff was not prespecified
2006902500,5,50,F,Pneumonia,1,10,True,False,exploratory warning; cutoff was not prespecified
2006902500,5,50,F,Pleural_Thickening,9,10,True,False,exploratory warning; cutoff was not prespecified
2006902500,5,50,F,Cardiomegaly,12,10,False,False,exploratory warning; cutoff was not prespecified
2006902500,5,50,F,Nodule,18,10,False,False,exploratory warning; cutoff was not prespecified
2006902500,5,50,F,Mass,7,10,True,False,exploratory warning; cutoff was not prespecified
2006902500,5,50,F,Hernia,2,10,True,False,exploratory warning; cutoff was not prespecified
2006902500,5,55,F,Atelectasis,27,10,False,False,exploratory warning; cutoff was not prespecified
2006902500,5,55,F,Consolidation,3,10,True,False,exploratory warning; cutoff was not prespecified
2006902500,5,55,F,Infiltration,41,10,False,False,exploratory warning; cutoff was not prespecified
2006902500,5,55,F,Pneumothorax,2,10,True,False,exploratory warning; cutoff was not prespecified
2006902500,5,55,F,Edema,0,10,True,True,exploratory warning; cutoff was not prespecified
2006902500,5,55,F,Emphysema,2,10,True,False,exploratory warning; cutoff was not prespecified
2006902500,5,55,F,Fibrosis,10,10,False,False,exploratory warning; cutoff was not prespecified
2006902500,5,55,F,Effusion,23,10,False,False,exploratory warning; cutoff was not prespecified
2006902500,5,55,F,Pneumonia,2,10,True,False,exploratory warning; cutoff was not prespecified
2006902500,5,55,F,Pleural_Thickening,15,10,False,False,exploratory warning; cutoff was not prespecified
2006902500,5,55,F,Cardiomegaly,10,10,False,False,exploratory warning; cutoff was not prespecified
2006902500,5,55,F,Nodule,19,10,False,False,exploratory warning; cutoff was not prespecified
2006902500,5,55,F,Mass,15,10,False,False,exploratory warning; cutoff was not prespecified
2006902500,5,55,F,Hernia,2,10,True,False,exploratory warning; cutoff was not prespecified
2006902500,5,60,F,Atelectasis,17,10,False,False,exploratory warning; cutoff was not prespecified
2006902500,5,60,F,Consolidation,4,10,True,False,exploratory warning; cutoff was not prespecified
2006902500,5,60,F,Infiltration,39,10,False,False,exploratory warning; cutoff was not prespecified
2006902500,5,60,F,Pneumothorax,2,10,True,False,exploratory warning; cutoff was not prespecified
2006902500,5,60,F,Edema,1,10,True,False,exploratory warning; cutoff was not prespecified
2006902500,5,60,F,Emphysema,3,10,True,False,exploratory warning; cutoff was not prespecified
2006902500,5,60,F,Fibrosis,6,10,True,False,exploratory warning; cutoff was not prespecified
2006902500,5,60,F,Effusion,18,10,False,False,exploratory warning; cutoff was not prespecified
2006902500,5,60,F,Pneumonia,0,10,True,True,exploratory warning; cutoff was not prespecified
2006902500,5,60,F,Pleural_Thickening,8,10,True,False,exploratory warning; cutoff was not prespecified
2006902500,5,60,F,Cardiomegaly,10,10,False,False,exploratory warning; cutoff was not prespecified
2006902500,5,60,F,Nodule,17,10,False,False,exploratory warning; cutoff was not prespecified
2006902500,5,60,F,Mass,17,10,False,False,exploratory warning; cutoff was not prespecified
2006902500,5,60,F,Hernia,0,10,True,True,exploratory warning; cutoff was not prespecified
2006902500,5,65,F,Atelectasis,15,10,False,False,exploratory warning; cutoff was not prespecified
2006902500,5,65,F,Consolidation,1,10,True,False,exploratory warning; cutoff was not prespecified
2006902500,5,65,F,Infiltration,12,10,False,False,exploratory warning; cutoff was not prespecified
2006902500,5,65,F,Pneumothorax,2,10,True,False,exploratory warning; cutoff was not prespecified
2006902500,5,65,F,Edema,0,10,True,True,exploratory warning; cutoff was not prespecified
2006902500,5,65,F,Emphysema,3,10,True,False,exploratory warning; cutoff was not prespecified
2006902500,5,65,F,Fibrosis,7,10,True,False,exploratory warning; cutoff was not prespecified
2006902500,5,65,F,Effusion,6,10,True,False,exploratory warning; cutoff was not prespecified
2006902500,5,65,F,Pneumonia,0,10,True,True,exploratory warning; cutoff was not prespecified
2006902500,5,65,F,Pleural_Thickening,4,10,True,False,exploratory warning; cutoff was not prespecified
2006902500,5,65,F,Cardiomegaly,11,10,False,False,exploratory warning; cutoff was not prespecified
2006902500,5,65,F,Nodule,5,10,True,False,exploratory warning; cutoff was not prespecified
2006902500,5,65,F,Mass,7,10,True,False,exploratory warning; cutoff was not prespecified
2006902500,5,65,F,Hernia,0,10,True,True,exploratory warning; cutoff was not prespecified
2006902500,5,70,F,Atelectasis,6,10,True,False,exploratory warning; cutoff was not prespecified
2006902500,5,70,F,Consolidation,2,10,True,False,exploratory warning; cutoff was not prespecified
2006902500,5,70,F,Infiltration,6,10,True,False,exploratory warning; cutoff was not prespecified
2006902500,5,70,F,Pneumothorax,1,10,True,False,exploratory warning; cutoff was not prespecified
2006902500,5,70,F,Edema,2,10,True,False,exploratory warning; cutoff was not prespecified
2006902500,5,70,F,Emphysema,3,10,True,False,exploratory warning; cutoff was not prespecified
2006902500,5,70,F,Fibrosis,3,10,True,False,exploratory warning; cutoff was not prespecified
2006902500,5,70,F,Effusion,5,10,True,False,exploratory warning; cutoff was not prespecified
2006902500,5,70,F,Pneumonia,0,10,True,True,exploratory warning; cutoff was not prespecified
2006902500,5,70,F,Pleural_Thickening,1,10,True,False,exploratory warning; cutoff was not prespecified
2006902500,5,70,F,Cardiomegaly,5,10,True,False,exploratory warning; cutoff was not prespecified
2006902500,5,70,F,Nodule,4,10,True,False,exploratory warning; cutoff was not prespecified
2006902500,5,70,F,Mass,1,10,True,False,exploratory warning; cutoff was not prespecified
2006902500,5,70,F,Hernia,2,10,True,False,exploratory warning; cutoff was not prespecified
2006902500,5,75,F,Atelectasis,7,10,True,False,exploratory warning; cutoff was not prespecified
2006902500,5,75,F,Consolidation,0,10,True,True,exploratory warning; cutoff was not prespecified
2006902500,5,75,F,Infiltration,10,10,False,False,exploratory warning; cutoff was not prespecified
2006902500,5,75,F,Pneumothorax,2,10,True,False,exploratory warning; cutoff was not prespecified
2006902500,5,75,F,Edema,0,10,True,True,exploratory warning; cutoff was not prespecified
2006902500,5,75,F,Emphysema,3,10,True,False,exploratory warning; cutoff was not prespecified
2006902500,5,75,F,Fibrosis,1,10,True,False,exploratory warning; cutoff was not prespecified
2006902500,5,75,F,Effusion,6,10,True,False,exploratory warning; cutoff was not prespecified
2006902500,5,75,F,Pneumonia,0,10,True,True,exploratory warning; cutoff was not prespecified
2006902500,5,75,F,Pleural_Thickening,4,10,True,False,exploratory warning; cutoff was not prespecified
2006902500,5,75,F,Cardiomegaly,5,10,True,False,exploratory warning; cutoff was not prespecified
2006902500,5,75,F,Nodule,5,10,True,False,exploratory warning; cutoff was not prespecified
2006902500,5,75,F,Mass,5,10,True,False,exploratory warning; cutoff was not prespecified
2006902500,5,75,F,Hernia,1,10,True,False,exploratory warning; cutoff was not prespecified
2006902500,5,80,F,Atelectasis,0,10,True,True,exploratory warning; cutoff was not prespecified
2006902500,5,80,F,Consolidation,1,10,True,False,exploratory warning; cutoff was not prespecified
2006902500,5,80,F,Infiltration,5,10,True,False,exploratory warning; cutoff was not prespecified
2006902500,5,80,F,Pneumothorax,0,10,True,True,exploratory warning; cutoff was not prespecified
2006902500,5,80,F,Edema,0,10,True,True,exploratory warning; cutoff was not prespecified
2006902500,5,80,F,Emphysema,0,10,True,True,exploratory warning; cutoff was not prespecified
2006902500,5,80,F,Fibrosis,0,10,True,True,exploratory warning; cutoff was not prespecified
2006902500,5,80,F,Effusion,1,10,True,False,exploratory warning; cutoff was not prespecified
2006902500,5,80,F,Pneumonia,0,10,True,True,exploratory warning; cutoff was not prespecified
2006902500,5,80,F,Pleural_Thickening,5,10,True,False,exploratory warning; cutoff was not prespecified
2006902500,5,80,F,Cardiomegaly,2,10,True,False,exploratory warning; cutoff was not prespecified
2006902500,5,80,F,Nodule,3,10,True,False,exploratory warning; cutoff was not prespecified
2006902500,5,80,F,Mass,3,10,True,False,exploratory warning; cutoff was not prespecified
2006902500,5,80,F,Hernia,0,10,True,True,exploratory warning; cutoff was not prespecified
2006902500,5,85,F,Atelectasis,1,10,True,False,exploratory warning; cutoff was not prespecified
2006902500,5,85,F,Consolidation,0,10,True,True,exploratory warning; cutoff was not prespecified
2006902500,5,85,F,Infiltration,1,10,True,False,exploratory warning; cutoff was not prespecified
2006902500,5,85,F,Pneumothorax,0,10,True,True,exploratory warning; cutoff was not prespecified
2006902500,5,85,F,Edema,0,10,True,True,exploratory warning; cutoff was not prespecified
2006902500,5,85,F,Emphysema,0,10,True,True,exploratory warning; cutoff was not prespecified
2006902500,5,85,F,Fibrosis,0,10,True,True,exploratory warning; cutoff was not prespecified
2006902500,5,85,F,Effusion,0,10,True,True,exploratory warning; cutoff was not prespecified
2006902500,5,85,F,Pneumonia,0,10,True,True,exploratory warning; cutoff was not prespecified
2006902500,5,85,F,Pleural_Thickening,0,10,True,True,exploratory warning; cutoff was not prespecified
2006902500,5,85,F,Cardiomegaly,2,10,True,False,exploratory warning; cutoff was not prespecified
2006902500,5,85,F,Nodule,0,10,True,True,exploratory warning; cutoff was not prespecified
2006902500,5,85,F,Mass,0,10,True,True,exploratory warning; cutoff was not prespecified
2006902500,5,85,F,Hernia,1,10,True,False,exploratory warning; cutoff was not prespecified
2006902500,5,90,F,Atelectasis,0,10,True,True,exploratory warning; cutoff was not prespecified
2006902500,5,90,F,Consolidation,0,10,True,True,exploratory warning; cutoff was not prespecified
2006902500,5,90,F,Infiltration,0,10,True,True,exploratory warning; cutoff was not prespecified
2006902500,5,90,F,Pneumothorax,0,10,True,True,exploratory warning; cutoff was not prespecified
2006902500,5,90,F,Edema,0,10,True,True,exploratory warning; cutoff was not prespecified
2006902500,5,90,F,Emphysema,0,10,True,True,exploratory warning; cutoff was not prespecified
2006902500,5,90,F,Fibrosis,0,10,True,True,exploratory warning; cutoff was not prespecified
2006902500,5,90,F,Effusion,0,10,True,True,exploratory warning; cutoff was not prespecified
2006902500,5,90,F,Pneumonia,0,10,True,True,exploratory warning; cutoff was not prespecified
2006902500,5,90,F,Pleural_Thickening,0,10,True,True,exploratory warning; cutoff was not prespecified
2006902500,5,90,F,Cardiomegaly,0,10,True,True,exploratory warning; cutoff was not prespecified
2006902500,5,90,F,Nodule,0,10,True,True,exploratory warning; cutoff was not prespecified
2006902500,5,90,F,Mass,0,10,True,True,exploratory warning; cutoff was not prespecified
2006902500,5,90,F,Hernia,0,10,True,True,exploratory warning; cutoff was not prespecified
2006902500,5,0,M,Atelectasis,0,10,True,True,exploratory warning; cutoff was not prespecified
2006902500,5,0,M,Consolidation,0,10,True,True,exploratory warning; cutoff was not prespecified
2006902500,5,0,M,Infiltration,8,10,True,False,exploratory warning; cutoff was not prespecified
2006902500,5,0,M,Pneumothorax,0,10,True,True,exploratory warning; cutoff was not prespecified
2006902500,5,0,M,Edema,0,10,True,True,exploratory warning; cutoff was not prespecified
2006902500,5,0,M,Emphysema,0,10,True,True,exploratory warning; cutoff was not prespecified
2006902500,5,0,M,Fibrosis,0,10,True,True,exploratory warning; cutoff was not prespecified
2006902500,5,0,M,Effusion,1,10,True,False,exploratory warning; cutoff was not prespecified
2006902500,5,0,M,Pneumonia,1,10,True,False,exploratory warning; cutoff was not prespecified
2006902500,5,0,M,Pleural_Thickening,0,10,True,True,exploratory warning; cutoff was not prespecified
2006902500,5,0,M,Cardiomegaly,0,10,True,True,exploratory warning; cutoff was not prespecified
2006902500,5,0,M,Nodule,1,10,True,False,exploratory warning; cutoff was not prespecified
2006902500,5,0,M,Mass,0,10,True,True,exploratory warning; cutoff was not prespecified
2006902500,5,0,M,Hernia,0,10,True,True,exploratory warning; cutoff was not prespecified
2006902500,5,5,M,Atelectasis,1,10,True,False,exploratory warning; cutoff was not prespecified
2006902500,5,5,M,Consolidation,3,10,True,False,exploratory warning; cutoff was not prespecified
2006902500,5,5,M,Infiltration,9,10,True,False,exploratory warning; cutoff was not prespecified
2006902500,5,5,M,Pneumothorax,1,10,True,False,exploratory warning; cutoff was not prespecified
2006902500,5,5,M,Edema,1,10,True,False,exploratory warning; cutoff was not prespecified
2006902500,5,5,M,Emphysema,0,10,True,True,exploratory warning; cutoff was not prespecified
2006902500,5,5,M,Fibrosis,0,10,True,True,exploratory warning; cutoff was not prespecified
2006902500,5,5,M,Effusion,1,10,True,False,exploratory warning; cutoff was not prespecified
2006902500,5,5,M,Pneumonia,3,10,True,False,exploratory warning; cutoff was not prespecified
2006902500,5,5,M,Pleural_Thickening,0,10,True,True,exploratory warning; cutoff was not prespecified
2006902500,5,5,M,Cardiomegaly,0,10,True,True,exploratory warning; cutoff was not prespecified
2006902500,5,5,M,Nodule,3,10,True,False,exploratory warning; cutoff was not prespecified
2006902500,5,5,M,Mass,2,10,True,False,exploratory warning; cutoff was not prespecified
2006902500,5,5,M,Hernia,0,10,True,True,exploratory warning; cutoff was not prespecified
2006902500,5,10,M,Atelectasis,1,10,True,False,exploratory warning; cutoff was not prespecified
2006902500,5,10,M,Consolidation,2,10,True,False,exploratory warning; cutoff was not prespecified
2006902500,5,10,M,Infiltration,9,10,True,False,exploratory warning; cutoff was not prespecified
2006902500,5,10,M,Pneumothorax,1,10,True,False,exploratory warning; cutoff was not prespecified
2006902500,5,10,M,Edema,1,10,True,False,exploratory warning; cutoff was not prespecified
2006902500,5,10,M,Emphysema,0,10,True,True,exploratory warning; cutoff was not prespecified
2006902500,5,10,M,Fibrosis,0,10,True,True,exploratory warning; cutoff was not prespecified
2006902500,5,10,M,Effusion,3,10,True,False,exploratory warning; cutoff was not prespecified
2006902500,5,10,M,Pneumonia,1,10,True,False,exploratory warning; cutoff was not prespecified
2006902500,5,10,M,Pleural_Thickening,1,10,True,False,exploratory warning; cutoff was not prespecified
2006902500,5,10,M,Cardiomegaly,2,10,True,False,exploratory warning; cutoff was not prespecified
2006902500,5,10,M,Nodule,0,10,True,True,exploratory warning; cutoff was not prespecified
2006902500,5,10,M,Mass,1,10,True,False,exploratory warning; cutoff was not prespecified
2006902500,5,10,M,Hernia,0,10,True,True,exploratory warning; cutoff was not prespecified
2006902500,5,15,M,Atelectasis,4,10,True,False,exploratory warning; cutoff was not prespecified
2006902500,5,15,M,Consolidation,1,10,True,False,exploratory warning; cutoff was not prespecified
2006902500,5,15,M,Infiltration,12,10,False,False,exploratory warning; cutoff was not prespecified
2006902500,5,15,M,Pneumothorax,2,10,True,False,exploratory warning; cutoff was not prespecified
2006902500,5,15,M,Edema,0,10,True,True,exploratory warning; cutoff was not prespecified
2006902500,5,15,M,Emphysema,0,10,True,True,exploratory warning; cutoff was not prespecified
2006902500,5,15,M,Fibrosis,1,10,True,False,exploratory warning; cutoff was not prespecified
2006902500,5,15,M,Effusion,5,10,True,False,exploratory warning; cutoff was not prespecified
2006902500,5,15,M,Pneumonia,1,10,True,False,exploratory warning; cutoff was not prespecified
2006902500,5,15,M,Pleural_Thickening,0,10,True,True,exploratory warning; cutoff was not prespecified
2006902500,5,15,M,Cardiomegaly,2,10,True,False,exploratory warning; cutoff was not prespecified
2006902500,5,15,M,Nodule,3,10,True,False,exploratory warning; cutoff was not prespecified
2006902500,5,15,M,Mass,6,10,True,False,exploratory warning; cutoff was not prespecified
2006902500,5,15,M,Hernia,0,10,True,True,exploratory warning; cutoff was not prespecified
2006902500,5,20,M,Atelectasis,6,10,True,False,exploratory warning; cutoff was not prespecified
2006902500,5,20,M,Consolidation,2,10,True,False,exploratory warning; cutoff was not prespecified
2006902500,5,20,M,Infiltration,15,10,False,False,exploratory warning; cutoff was not prespecified
2006902500,5,20,M,Pneumothorax,2,10,True,False,exploratory warning; cutoff was not prespecified
2006902500,5,20,M,Edema,1,10,True,False,exploratory warning; cutoff was not prespecified
2006902500,5,20,M,Emphysema,0,10,True,True,exploratory warning; cutoff was not prespecified
2006902500,5,20,M,Fibrosis,1,10,True,False,exploratory warning; cutoff was not prespecified
2006902500,5,20,M,Effusion,3,10,True,False,exploratory warning; cutoff was not prespecified
2006902500,5,20,M,Pneumonia,1,10,True,False,exploratory warning; cutoff was not prespecified
2006902500,5,20,M,Pleural_Thickening,3,10,True,False,exploratory warning; cutoff was not prespecified
2006902500,5,20,M,Cardiomegaly,3,10,True,False,exploratory warning; cutoff was not prespecified
2006902500,5,20,M,Nodule,5,10,True,False,exploratory warning; cutoff was not prespecified
2006902500,5,20,M,Mass,7,10,True,False,exploratory warning; cutoff was not prespecified
2006902500,5,20,M,Hernia,0,10,True,True,exploratory warning; cutoff was not prespecified
2006902500,5,25,M,Atelectasis,8,10,True,False,exploratory warning; cutoff was not prespecified
2006902500,5,25,M,Consolidation,0,10,True,True,exploratory warning; cutoff was not prespecified
2006902500,5,25,M,Infiltration,28,10,False,False,exploratory warning; cutoff was not prespecified
2006902500,5,25,M,Pneumothorax,0,10,True,True,exploratory warning; cutoff was not prespecified
2006902500,5,25,M,Edema,1,10,True,False,exploratory warning; cutoff was not prespecified
2006902500,5,25,M,Emphysema,1,10,True,False,exploratory warning; cutoff was not prespecified
2006902500,5,25,M,Fibrosis,0,10,True,True,exploratory warning; cutoff was not prespecified
2006902500,5,25,M,Effusion,5,10,True,False,exploratory warning; cutoff was not prespecified
2006902500,5,25,M,Pneumonia,0,10,True,True,exploratory warning; cutoff was not prespecified
2006902500,5,25,M,Pleural_Thickening,4,10,True,False,exploratory warning; cutoff was not prespecified
2006902500,5,25,M,Cardiomegaly,3,10,True,False,exploratory warning; cutoff was not prespecified
2006902500,5,25,M,Nodule,8,10,True,False,exploratory warning; cutoff was not prespecified
2006902500,5,25,M,Mass,6,10,True,False,exploratory warning; cutoff was not prespecified
2006902500,5,25,M,Hernia,0,10,True,True,exploratory warning; cutoff was not prespecified
2006902500,5,30,M,Atelectasis,12,10,False,False,exploratory warning; cutoff was not prespecified
2006902500,5,30,M,Consolidation,3,10,True,False,exploratory warning; cutoff was not prespecified
2006902500,5,30,M,Infiltration,24,10,False,False,exploratory warning; cutoff was not prespecified
2006902500,5,30,M,Pneumothorax,3,10,True,False,exploratory warning; cutoff was not prespecified
2006902500,5,30,M,Edema,0,10,True,True,exploratory warning; cutoff was not prespecified
2006902500,5,30,M,Emphysema,0,10,True,True,exploratory warning; cutoff was not prespecified
2006902500,5,30,M,Fibrosis,3,10,True,False,exploratory warning; cutoff was not prespecified
2006902500,5,30,M,Effusion,9,10,True,False,exploratory warning; cutoff was not prespecified
2006902500,5,30,M,Pneumonia,2,10,True,False,exploratory warning; cutoff was not prespecified
2006902500,5,30,M,Pleural_Thickening,7,10,True,False,exploratory warning; cutoff was not prespecified
2006902500,5,30,M,Cardiomegaly,3,10,True,False,exploratory warning; cutoff was not prespecified
2006902500,5,30,M,Nodule,7,10,True,False,exploratory warning; cutoff was not prespecified
2006902500,5,30,M,Mass,10,10,False,False,exploratory warning; cutoff was not prespecified
2006902500,5,30,M,Hernia,0,10,True,True,exploratory warning; cutoff was not prespecified
2006902500,5,35,M,Atelectasis,6,10,True,False,exploratory warning; cutoff was not prespecified
2006902500,5,35,M,Consolidation,3,10,True,False,exploratory warning; cutoff was not prespecified
2006902500,5,35,M,Infiltration,32,10,False,False,exploratory warning; cutoff was not prespecified
2006902500,5,35,M,Pneumothorax,1,10,True,False,exploratory warning; cutoff was not prespecified
2006902500,5,35,M,Edema,0,10,True,True,exploratory warning; cutoff was not prespecified
2006902500,5,35,M,Emphysema,0,10,True,True,exploratory warning; cutoff was not prespecified
2006902500,5,35,M,Fibrosis,6,10,True,False,exploratory warning; cutoff was not prespecified
2006902500,5,35,M,Effusion,9,10,True,False,exploratory warning; cutoff was not prespecified
2006902500,5,35,M,Pneumonia,2,10,True,False,exploratory warning; cutoff was not prespecified
2006902500,5,35,M,Pleural_Thickening,9,10,True,False,exploratory warning; cutoff was not prespecified
2006902500,5,35,M,Cardiomegaly,4,10,True,False,exploratory warning; cutoff was not prespecified
2006902500,5,35,M,Nodule,12,10,False,False,exploratory warning; cutoff was not prespecified
2006902500,5,35,M,Mass,12,10,False,False,exploratory warning; cutoff was not prespecified
2006902500,5,35,M,Hernia,0,10,True,True,exploratory warning; cutoff was not prespecified
2006902500,5,40,M,Atelectasis,13,10,False,False,exploratory warning; cutoff was not prespecified
2006902500,5,40,M,Consolidation,0,10,True,True,exploratory warning; cutoff was not prespecified
2006902500,5,40,M,Infiltration,27,10,False,False,exploratory warning; cutoff was not prespecified
2006902500,5,40,M,Pneumothorax,2,10,True,False,exploratory warning; cutoff was not prespecified
2006902500,5,40,M,Edema,1,10,True,False,exploratory warning; cutoff was not prespecified
2006902500,5,40,M,Emphysema,1,10,True,False,exploratory warning; cutoff was not prespecified
2006902500,5,40,M,Fibrosis,3,10,True,False,exploratory warning; cutoff was not prespecified
2006902500,5,40,M,Effusion,8,10,True,False,exploratory warning; cutoff was not prespecified
2006902500,5,40,M,Pneumonia,2,10,True,False,exploratory warning; cutoff was not prespecified
2006902500,5,40,M,Pleural_Thickening,3,10,True,False,exploratory warning; cutoff was not prespecified
2006902500,5,40,M,Cardiomegaly,2,10,True,False,exploratory warning; cutoff was not prespecified
2006902500,5,40,M,Nodule,19,10,False,False,exploratory warning; cutoff was not prespecified
2006902500,5,40,M,Mass,11,10,False,False,exploratory warning; cutoff was not prespecified
2006902500,5,40,M,Hernia,0,10,True,True,exploratory warning; cutoff was not prespecified
2006902500,5,45,M,Atelectasis,24,10,False,False,exploratory warning; cutoff was not prespecified
2006902500,5,45,M,Consolidation,2,10,True,False,exploratory warning; cutoff was not prespecified
2006902500,5,45,M,Infiltration,45,10,False,False,exploratory warning; cutoff was not prespecified
2006902500,5,45,M,Pneumothorax,0,10,True,True,exploratory warning; cutoff was not prespecified
2006902500,5,45,M,Edema,1,10,True,False,exploratory warning; cutoff was not prespecified
2006902500,5,45,M,Emphysema,2,10,True,False,exploratory warning; cutoff was not prespecified
2006902500,5,45,M,Fibrosis,10,10,False,False,exploratory warning; cutoff was not prespecified
2006902500,5,45,M,Effusion,15,10,False,False,exploratory warning; cutoff was not prespecified
2006902500,5,45,M,Pneumonia,3,10,True,False,exploratory warning; cutoff was not prespecified
2006902500,5,45,M,Pleural_Thickening,5,10,True,False,exploratory warning; cutoff was not prespecified
2006902500,5,45,M,Cardiomegaly,2,10,True,False,exploratory warning; cutoff was not prespecified
2006902500,5,45,M,Nodule,21,10,False,False,exploratory warning; cutoff was not prespecified
2006902500,5,45,M,Mass,18,10,False,False,exploratory warning; cutoff was not prespecified
2006902500,5,45,M,Hernia,0,10,True,True,exploratory warning; cutoff was not prespecified
2006902500,5,50,M,Atelectasis,28,10,False,False,exploratory warning; cutoff was not prespecified
2006902500,5,50,M,Consolidation,3,10,True,False,exploratory warning; cutoff was not prespecified
2006902500,5,50,M,Infiltration,55,10,False,False,exploratory warning; cutoff was not prespecified
2006902500,5,50,M,Pneumothorax,2,10,True,False,exploratory warning; cutoff was not prespecified
2006902500,5,50,M,Edema,0,10,True,True,exploratory warning; cutoff was not prespecified
2006902500,5,50,M,Emphysema,6,10,True,False,exploratory warning; cutoff was not prespecified
2006902500,5,50,M,Fibrosis,5,10,True,False,exploratory warning; cutoff was not prespecified
2006902500,5,50,M,Effusion,17,10,False,False,exploratory warning; cutoff was not prespecified
2006902500,5,50,M,Pneumonia,4,10,True,False,exploratory warning; cutoff was not prespecified
2006902500,5,50,M,Pleural_Thickening,10,10,False,False,exploratory warning; cutoff was not prespecified
2006902500,5,50,M,Cardiomegaly,9,10,True,False,exploratory warning; cutoff was not prespecified
2006902500,5,50,M,Nodule,18,10,False,False,exploratory warning; cutoff was not prespecified
2006902500,5,50,M,Mass,18,10,False,False,exploratory warning; cutoff was not prespecified
2006902500,5,50,M,Hernia,0,10,True,True,exploratory warning; cutoff was not prespecified
2006902500,5,55,M,Atelectasis,24,10,False,False,exploratory warning; cutoff was not prespecified
2006902500,5,55,M,Consolidation,7,10,True,False,exploratory warning; cutoff was not prespecified
2006902500,5,55,M,Infiltration,46,10,False,False,exploratory warning; cutoff was not prespecified
2006902500,5,55,M,Pneumothorax,4,10,True,False,exploratory warning; cutoff was not prespecified
2006902500,5,55,M,Edema,1,10,True,False,exploratory warning; cutoff was not prespecified
2006902500,5,55,M,Emphysema,4,10,True,False,exploratory warning; cutoff was not prespecified
2006902500,5,55,M,Fibrosis,10,10,False,False,exploratory warning; cutoff was not prespecified
2006902500,5,55,M,Effusion,21,10,False,False,exploratory warning; cutoff was not prespecified
2006902500,5,55,M,Pneumonia,3,10,True,False,exploratory warning; cutoff was not prespecified
2006902500,5,55,M,Pleural_Thickening,17,10,False,False,exploratory warning; cutoff was not prespecified
2006902500,5,55,M,Cardiomegaly,6,10,True,False,exploratory warning; cutoff was not prespecified
2006902500,5,55,M,Nodule,31,10,False,False,exploratory warning; cutoff was not prespecified
2006902500,5,55,M,Mass,17,10,False,False,exploratory warning; cutoff was not prespecified
2006902500,5,55,M,Hernia,0,10,True,True,exploratory warning; cutoff was not prespecified
2006902500,5,60,M,Atelectasis,30,10,False,False,exploratory warning; cutoff was not prespecified
2006902500,5,60,M,Consolidation,4,10,True,False,exploratory warning; cutoff was not prespecified
2006902500,5,60,M,Infiltration,41,10,False,False,exploratory warning; cutoff was not prespecified
2006902500,5,60,M,Pneumothorax,2,10,True,False,exploratory warning; cutoff was not prespecified
2006902500,5,60,M,Edema,1,10,True,False,exploratory warning; cutoff was not prespecified
2006902500,5,60,M,Emphysema,5,10,True,False,exploratory warning; cutoff was not prespecified
2006902500,5,60,M,Fibrosis,6,10,True,False,exploratory warning; cutoff was not prespecified
2006902500,5,60,M,Effusion,20,10,False,False,exploratory warning; cutoff was not prespecified
2006902500,5,60,M,Pneumonia,3,10,True,False,exploratory warning; cutoff was not prespecified
2006902500,5,60,M,Pleural_Thickening,16,10,False,False,exploratory warning; cutoff was not prespecified
2006902500,5,60,M,Cardiomegaly,4,10,True,False,exploratory warning; cutoff was not prespecified
2006902500,5,60,M,Nodule,27,10,False,False,exploratory warning; cutoff was not prespecified
2006902500,5,60,M,Mass,19,10,False,False,exploratory warning; cutoff was not prespecified
2006902500,5,60,M,Hernia,2,10,True,False,exploratory warning; cutoff was not prespecified
2006902500,5,65,M,Atelectasis,22,10,False,False,exploratory warning; cutoff was not prespecified
2006902500,5,65,M,Consolidation,7,10,True,False,exploratory warning; cutoff was not prespecified
2006902500,5,65,M,Infiltration,31,10,False,False,exploratory warning; cutoff was not prespecified
2006902500,5,65,M,Pneumothorax,4,10,True,False,exploratory warning; cutoff was not prespecified
2006902500,5,65,M,Edema,0,10,True,True,exploratory warning; cutoff was not prespecified
2006902500,5,65,M,Emphysema,2,10,True,False,exploratory warning; cutoff was not prespecified
2006902500,5,65,M,Fibrosis,5,10,True,False,exploratory warning; cutoff was not prespecified
2006902500,5,65,M,Effusion,16,10,False,False,exploratory warning; cutoff was not prespecified
2006902500,5,65,M,Pneumonia,4,10,True,False,exploratory warning; cutoff was not prespecified
2006902500,5,65,M,Pleural_Thickening,8,10,True,False,exploratory warning; cutoff was not prespecified
2006902500,5,65,M,Cardiomegaly,6,10,True,False,exploratory warning; cutoff was not prespecified
2006902500,5,65,M,Nodule,22,10,False,False,exploratory warning; cutoff was not prespecified
2006902500,5,65,M,Mass,16,10,False,False,exploratory warning; cutoff was not prespecified
2006902500,5,65,M,Hernia,1,10,True,False,exploratory warning; cutoff was not prespecified
2006902500,5,70,M,Atelectasis,18,10,False,False,exploratory warning; cutoff was not prespecified
2006902500,5,70,M,Consolidation,4,10,True,False,exploratory warning; cutoff was not prespecified
2006902500,5,70,M,Infiltration,23,10,False,False,exploratory warning; cutoff was not prespecified
2006902500,5,70,M,Pneumothorax,1,10,True,False,exploratory warning; cutoff was not prespecified
2006902500,5,70,M,Edema,0,10,True,True,exploratory warning; cutoff was not prespecified
2006902500,5,70,M,Emphysema,3,10,True,False,exploratory warning; cutoff was not prespecified
2006902500,5,70,M,Fibrosis,5,10,True,False,exploratory warning; cutoff was not prespecified
2006902500,5,70,M,Effusion,10,10,False,False,exploratory warning; cutoff was not prespecified
2006902500,5,70,M,Pneumonia,1,10,True,False,exploratory warning; cutoff was not prespecified
2006902500,5,70,M,Pleural_Thickening,10,10,False,False,exploratory warning; cutoff was not prespecified
2006902500,5,70,M,Cardiomegaly,7,10,True,False,exploratory warning; cutoff was not prespecified
2006902500,5,70,M,Nodule,8,10,True,False,exploratory warning; cutoff was not prespecified
2006902500,5,70,M,Mass,6,10,True,False,exploratory warning; cutoff was not prespecified
2006902500,5,70,M,Hernia,0,10,True,True,exploratory warning; cutoff was not prespecified
2006902500,5,75,M,Atelectasis,5,10,True,False,exploratory warning; cutoff was not prespecified
2006902500,5,75,M,Consolidation,1,10,True,False,exploratory warning; cutoff was not prespecified
2006902500,5,75,M,Infiltration,7,10,True,False,exploratory warning; cutoff was not prespecified
2006902500,5,75,M,Pneumothorax,1,10,True,False,exploratory warning; cutoff was not prespecified
2006902500,5,75,M,Edema,0,10,True,True,exploratory warning; cutoff was not prespecified
2006902500,5,75,M,Emphysema,3,10,True,False,exploratory warning; cutoff was not prespecified
2006902500,5,75,M,Fibrosis,4,10,True,False,exploratory warning; cutoff was not prespecified
2006902500,5,75,M,Effusion,2,10,True,False,exploratory warning; cutoff was not prespecified
2006902500,5,75,M,Pneumonia,2,10,True,False,exploratory warning; cutoff was not prespecified
2006902500,5,75,M,Pleural_Thickening,4,10,True,False,exploratory warning; cutoff was not prespecified
2006902500,5,75,M,Cardiomegaly,2,10,True,False,exploratory warning; cutoff was not prespecified
2006902500,5,75,M,Nodule,5,10,True,False,exploratory warning; cutoff was not prespecified
2006902500,5,75,M,Mass,2,10,True,False,exploratory warning; cutoff was not prespecified
2006902500,5,75,M,Hernia,1,10,True,False,exploratory warning; cutoff was not prespecified
2006902500,5,80,M,Atelectasis,1,10,True,False,exploratory warning; cutoff was not prespecified
2006902500,5,80,M,Consolidation,1,10,True,False,exploratory warning; cutoff was not prespecified
2006902500,5,80,M,Infiltration,2,10,True,False,exploratory warning; cutoff was not prespecified
2006902500,5,80,M,Pneumothorax,2,10,True,False,exploratory warning; cutoff was not prespecified
2006902500,5,80,M,Edema,0,10,True,True,exploratory warning; cutoff was not prespecified
2006902500,5,80,M,Emphysema,2,10,True,False,exploratory warning; cutoff was not prespecified
2006902500,5,80,M,Fibrosis,1,10,True,False,exploratory warning; cutoff was not prespecified
2006902500,5,80,M,Effusion,1,10,True,False,exploratory warning; cutoff was not prespecified
2006902500,5,80,M,Pneumonia,1,10,True,False,exploratory warning; cutoff was not prespecified
2006902500,5,80,M,Pleural_Thickening,2,10,True,False,exploratory warning; cutoff was not prespecified
2006902500,5,80,M,Cardiomegaly,1,10,True,False,exploratory warning; cutoff was not prespecified
2006902500,5,80,M,Nodule,4,10,True,False,exploratory warning; cutoff was not prespecified
2006902500,5,80,M,Mass,2,10,True,False,exploratory warning; cutoff was not prespecified
2006902500,5,80,M,Hernia,0,10,True,True,exploratory warning; cutoff was not prespecified
2006902500,5,85,M,Atelectasis,1,10,True,False,exploratory warning; cutoff was not prespecified
2006902500,5,85,M,Consolidation,1,10,True,False,exploratory warning; cutoff was not prespecified
2006902500,5,85,M,Infiltration,0,10,True,True,exploratory warning; cutoff was not prespecified
2006902500,5,85,M,Pneumothorax,0,10,True,True,exploratory warning; cutoff was not prespecified
2006902500,5,85,M,Edema,0,10,True,True,exploratory warning; cutoff was not prespecified
2006902500,5,85,M,Emphysema,0,10,True,True,exploratory warning; cutoff was not prespecified
2006902500,5,85,M,Fibrosis,1,10,True,False,exploratory warning; cutoff was not prespecified
2006902500,5,85,M,Effusion,1,10,True,False,exploratory warning; cutoff was not prespecified
2006902500,5,85,M,Pneumonia,0,10,True,True,exploratory warning; cutoff was not prespecified
2006902500,5,85,M,Pleural_Thickening,0,10,True,True,exploratory warning; cutoff was not prespecified
2006902500,5,85,M,Cardiomegaly,0,10,True,True,exploratory warning; cutoff was not prespecified
2006902500,5,85,M,Nodule,0,10,True,True,exploratory warning; cutoff was not prespecified
2006902500,5,85,M,Mass,1,10,True,False,exploratory warning; cutoff was not prespecified
2006902500,5,85,M,Hernia,0,10,True,True,exploratory warning; cutoff was not prespecified
2006902500,5,90,M,Atelectasis,0,10,True,True,exploratory warning; cutoff was not prespecified
2006902500,5,90,M,Consolidation,0,10,True,True,exploratory warning; cutoff was not prespecified
2006902500,5,90,M,Infiltration,0,10,True,True,exploratory warning; cutoff was not prespecified
2006902500,5,90,M,Pneumothorax,0,10,True,True,exploratory warning; cutoff was not prespecified
2006902500,5,90,M,Edema,0,10,True,True,exploratory warning; cutoff was not prespecified
2006902500,5,90,M,Emphysema,0,10,True,True,exploratory warning; cutoff was not prespecified
2006902500,5,90,M,Fibrosis,0,10,True,True,exploratory warning; cutoff was not prespecified
2006902500,5,90,M,Effusion,0,10,True,True,exploratory warning; cutoff was not prespecified
2006902500,5,90,M,Pneumonia,0,10,True,True,exploratory warning; cutoff was not prespecified
2006902500,5,90,M,Pleural_Thickening,0,10,True,True,exploratory warning; cutoff was not prespecified
2006902500,5,90,M,Cardiomegaly,0,10,True,True,exploratory warning; cutoff was not prespecified
2006902500,5,90,M,Nodule,1,10,True,False,exploratory warning; cutoff was not prespecified
2006902500,5,90,M,Mass,0,10,True,True,exploratory warning; cutoff was not prespecified
2006902500,5,90,M,Hernia,0,10,True,True,exploratory warning; cutoff was not prespecified
2006902500,10,0,F,Atelectasis,1,10,True,False,exploratory warning; cutoff was not prespecified
2006902500,10,0,F,Consolidation,0,10,True,True,exploratory warning; cutoff was not prespecified
2006902500,10,0,F,Infiltration,5,10,True,False,exploratory warning; cutoff was not prespecified
2006902500,10,0,F,Pneumothorax,0,10,True,True,exploratory warning; cutoff was not prespecified
2006902500,10,0,F,Edema,0,10,True,True,exploratory warning; cutoff was not prespecified
2006902500,10,0,F,Emphysema,0,10,True,True,exploratory warning; cutoff was not prespecified
2006902500,10,0,F,Fibrosis,0,10,True,True,exploratory warning; cutoff was not prespecified
2006902500,10,0,F,Effusion,0,10,True,True,exploratory warning; cutoff was not prespecified
2006902500,10,0,F,Pneumonia,0,10,True,True,exploratory warning; cutoff was not prespecified
2006902500,10,0,F,Pleural_Thickening,0,10,True,True,exploratory warning; cutoff was not prespecified
2006902500,10,0,F,Cardiomegaly,0,10,True,True,exploratory warning; cutoff was not prespecified
2006902500,10,0,F,Nodule,1,10,True,False,exploratory warning; cutoff was not prespecified
2006902500,10,0,F,Mass,2,10,True,False,exploratory warning; cutoff was not prespecified
2006902500,10,0,F,Hernia,0,10,True,True,exploratory warning; cutoff was not prespecified
2006902500,10,10,F,Atelectasis,7,10,True,False,exploratory warning; cutoff was not prespecified
2006902500,10,10,F,Consolidation,1,10,True,False,exploratory warning; cutoff was not prespecified
2006902500,10,10,F,Infiltration,14,10,False,False,exploratory warning; cutoff was not prespecified
2006902500,10,10,F,Pneumothorax,0,10,True,True,exploratory warning; cutoff was not prespecified
2006902500,10,10,F,Edema,1,10,True,False,exploratory warning; cutoff was not prespecified
2006902500,10,10,F,Emphysema,1,10,True,False,exploratory warning; cutoff was not prespecified
2006902500,10,10,F,Fibrosis,0,10,True,True,exploratory warning; cutoff was not prespecified
2006902500,10,10,F,Effusion,5,10,True,False,exploratory warning; cutoff was not prespecified
2006902500,10,10,F,Pneumonia,2,10,True,False,exploratory warning; cutoff was not prespecified
2006902500,10,10,F,Pleural_Thickening,1,10,True,False,exploratory warning; cutoff was not prespecified
2006902500,10,10,F,Cardiomegaly,1,10,True,False,exploratory warning; cutoff was not prespecified
2006902500,10,10,F,Nodule,7,10,True,False,exploratory warning; cutoff was not prespecified
2006902500,10,10,F,Mass,5,10,True,False,exploratory warning; cutoff was not prespecified
2006902500,10,10,F,Hernia,0,10,True,True,exploratory warning; cutoff was not prespecified
2006902500,10,20,F,Atelectasis,11,10,False,False,exploratory warning; cutoff was not prespecified
2006902500,10,20,F,Consolidation,2,10,True,False,exploratory warning; cutoff was not prespecified
2006902500,10,20,F,Infiltration,44,10,False,False,exploratory warning; cutoff was not prespecified
2006902500,10,20,F,Pneumothorax,5,10,True,False,exploratory warning; cutoff was not prespecified
2006902500,10,20,F,Edema,0,10,True,True,exploratory warning; cutoff was not prespecified
2006902500,10,20,F,Emphysema,3,10,True,False,exploratory warning; cutoff was not prespecified
2006902500,10,20,F,Fibrosis,3,10,True,False,exploratory warning; cutoff was not prespecified
2006902500,10,20,F,Effusion,7,10,True,False,exploratory warning; cutoff was not prespecified
2006902500,10,20,F,Pneumonia,2,10,True,False,exploratory warning; cutoff was not prespecified
2006902500,10,20,F,Pleural_Thickening,2,10,True,False,exploratory warning; cutoff was not prespecified
2006902500,10,20,F,Cardiomegaly,4,10,True,False,exploratory warning; cutoff was not prespecified
2006902500,10,20,F,Nodule,9,10,True,False,exploratory warning; cutoff was not prespecified
2006902500,10,20,F,Mass,11,10,False,False,exploratory warning; cutoff was not prespecified
2006902500,10,20,F,Hernia,1,10,True,False,exploratory warning; cutoff was not prespecified
2006902500,10,30,F,Atelectasis,16,10,False,False,exploratory warning; cutoff was not prespecified
2006902500,10,30,F,Consolidation,3,10,True,False,exploratory warning; cutoff was not prespecified
2006902500,10,30,F,Infiltration,38,10,False,False,exploratory warning; cutoff was not prespecified
2006902500,10,30,F,Pneumothorax,4,10,True,False,exploratory warning; cutoff was not prespecified
2006902500,10,30,F,Edema,4,10,True,False,exploratory warning; cutoff was not prespecified
2006902500,10,30,F,Emphysema,1,10,True,False,exploratory warning; cutoff was not prespecified
2006902500,10,30,F,Fibrosis,3,10,True,False,exploratory warning; cutoff was not prespecified
2006902500,10,30,F,Effusion,14,10,False,False,exploratory warning; cutoff was not prespecified
2006902500,10,30,F,Pneumonia,3,10,True,False,exploratory warning; cutoff was not prespecified
2006902500,10,30,F,Pleural_Thickening,4,10,True,False,exploratory warning; cutoff was not prespecified
2006902500,10,30,F,Cardiomegaly,10,10,False,False,exploratory warning; cutoff was not prespecified
2006902500,10,30,F,Nodule,12,10,False,False,exploratory warning; cutoff was not prespecified
2006902500,10,30,F,Mass,4,10,True,False,exploratory warning; cutoff was not prespecified
2006902500,10,30,F,Hernia,0,10,True,True,exploratory warning; cutoff was not prespecified
2006902500,10,40,F,Atelectasis,20,10,False,False,exploratory warning; cutoff was not prespecified
2006902500,10,40,F,Consolidation,9,10,True,False,exploratory warning; cutoff was not prespecified
2006902500,10,40,F,Infiltration,69,10,False,False,exploratory warning; cutoff was not prespecified
2006902500,10,40,F,Pneumothorax,8,10,True,False,exploratory warning; cutoff was not prespecified
2006902500,10,40,F,Edema,1,10,True,False,exploratory warning; cutoff was not prespecified
2006902500,10,40,F,Emphysema,0,10,True,True,exploratory warning; cutoff was not prespecified
2006902500,10,40,F,Fibrosis,12,10,False,False,exploratory warning; cutoff was not prespecified
2006902500,10,40,F,Effusion,24,10,False,False,exploratory warning; cutoff was not prespecified
2006902500,10,40,F,Pneumonia,4,10,True,False,exploratory warning; cutoff was not prespecified
2006902500,10,40,F,Pleural_Thickening,18,10,False,False,exploratory warning; cutoff was not prespecified
2006902500,10,40,F,Cardiomegaly,19,10,False,False,exploratory warning; cutoff was not prespecified
2006902500,10,40,F,Nodule,31,10,False,False,exploratory warning; cutoff was not prespecified
2006902500,10,40,F,Mass,17,10,False,False,exploratory warning; cutoff was not prespecified
2006902500,10,40,F,Hernia,0,10,True,True,exploratory warning; cutoff was not prespecified
2006902500,10,50,F,Atelectasis,55,10,False,False,exploratory warning; cutoff was not prespecified
2006902500,10,50,F,Consolidation,9,10,True,False,exploratory warning; cutoff was not prespecified
2006902500,10,50,F,Infiltration,75,10,False,False,exploratory warning; cutoff was not prespecified
2006902500,10,50,F,Pneumothorax,5,10,True,False,exploratory warning; cutoff was not prespecified
2006902500,10,50,F,Edema,1,10,True,False,exploratory warning; cutoff was not prespecified
2006902500,10,50,F,Emphysema,4,10,True,False,exploratory warning; cutoff was not prespecified
2006902500,10,50,F,Fibrosis,16,10,False,False,exploratory warning; cutoff was not prespecified
2006902500,10,50,F,Effusion,41,10,False,False,exploratory warning; cutoff was not prespecified
2006902500,10,50,F,Pneumonia,3,10,True,False,exploratory warning; cutoff was not prespecified
2006902500,10,50,F,Pleural_Thickening,24,10,False,False,exploratory warning; cutoff was not prespecified
2006902500,10,50,F,Cardiomegaly,22,10,False,False,exploratory warning; cutoff was not prespecified
2006902500,10,50,F,Nodule,37,10,False,False,exploratory warning; cutoff was not prespecified
2006902500,10,50,F,Mass,22,10,False,False,exploratory warning; cutoff was not prespecified
2006902500,10,50,F,Hernia,4,10,True,False,exploratory warning; cutoff was not prespecified
2006902500,10,60,F,Atelectasis,32,10,False,False,exploratory warning; cutoff was not prespecified
2006902500,10,60,F,Consolidation,5,10,True,False,exploratory warning; cutoff was not prespecified
2006902500,10,60,F,Infiltration,51,10,False,False,exploratory warning; cutoff was not prespecified
2006902500,10,60,F,Pneumothorax,4,10,True,False,exploratory warning; cutoff was not prespecified
2006902500,10,60,F,Edema,1,10,True,False,exploratory warning; cutoff was not prespecified
2006902500,10,60,F,Emphysema,6,10,True,False,exploratory warning; cutoff was not prespecified
2006902500,10,60,F,Fibrosis,13,10,False,False,exploratory warning; cutoff was not prespecified
2006902500,10,60,F,Effusion,24,10,False,False,exploratory warning; cutoff was not prespecified
2006902500,10,60,F,Pneumonia,0,10,True,True,exploratory warning; cutoff was not prespecified
2006902500,10,60,F,Pleural_Thickening,12,10,False,False,exploratory warning; cutoff was not prespecified
2006902500,10,60,F,Cardiomegaly,21,10,False,False,exploratory warning; cutoff was not prespecified
2006902500,10,60,F,Nodule,22,10,False,False,exploratory warning; cutoff was not prespecified
2006902500,10,60,F,Mass,24,10,False,False,exploratory warning; cutoff was not prespecified
2006902500,10,60,F,Hernia,0,10,True,True,exploratory warning; cutoff was not prespecified
2006902500,10,70,F,Atelectasis,13,10,False,False,exploratory warning; cutoff was not prespecified
2006902500,10,70,F,Consolidation,2,10,True,False,exploratory warning; cutoff was not prespecified
2006902500,10,70,F,Infiltration,16,10,False,False,exploratory warning; cutoff was not prespecified
2006902500,10,70,F,Pneumothorax,3,10,True,False,exploratory warning; cutoff was not prespecified
2006902500,10,70,F,Edema,2,10,True,False,exploratory warning; cutoff was not prespecified
2006902500,10,70,F,Emphysema,6,10,True,False,exploratory warning; cutoff was not prespecified
2006902500,10,70,F,Fibrosis,4,10,True,False,exploratory warning; cutoff was not prespecified
2006902500,10,70,F,Effusion,11,10,False,False,exploratory warning; cutoff was not prespecified
2006902500,10,70,F,Pneumonia,0,10,True,True,exploratory warning; cutoff was not prespecified
2006902500,10,70,F,Pleural_Thickening,5,10,True,False,exploratory warning; cutoff was not prespecified
2006902500,10,70,F,Cardiomegaly,10,10,False,False,exploratory warning; cutoff was not prespecified
2006902500,10,70,F,Nodule,9,10,True,False,exploratory warning; cutoff was not prespecified
2006902500,10,70,F,Mass,6,10,True,False,exploratory warning; cutoff was not prespecified
2006902500,10,70,F,Hernia,3,10,True,False,exploratory warning; cutoff was not prespecified
2006902500,10,80,F,Atelectasis,1,10,True,False,exploratory warning; cutoff was not prespecified
2006902500,10,80,F,Consolidation,1,10,True,False,exploratory warning; cutoff was not prespecified
2006902500,10,80,F,Infiltration,6,10,True,False,exploratory warning; cutoff was not prespecified
2006902500,10,80,F,Pneumothorax,0,10,True,True,exploratory warning; cutoff was not prespecified
2006902500,10,80,F,Edema,0,10,True,True,exploratory warning; cutoff was not prespecified
2006902500,10,80,F,Emphysema,0,10,True,True,exploratory warning; cutoff was not prespecified
2006902500,10,80,F,Fibrosis,0,10,True,True,exploratory warning; cutoff was not prespecified
2006902500,10,80,F,Effusion,1,10,True,False,exploratory warning; cutoff was not prespecified
2006902500,10,80,F,Pneumonia,0,10,True,True,exploratory warning; cutoff was not prespecified
2006902500,10,80,F,Pleural_Thickening,5,10,True,False,exploratory warning; cutoff was not prespecified
2006902500,10,80,F,Cardiomegaly,4,10,True,False,exploratory warning; cutoff was not prespecified
2006902500,10,80,F,Nodule,3,10,True,False,exploratory warning; cutoff was not prespecified
2006902500,10,80,F,Mass,3,10,True,False,exploratory warning; cutoff was not prespecified
2006902500,10,80,F,Hernia,1,10,True,False,exploratory warning; cutoff was not prespecified
2006902500,10,90,F,Atelectasis,0,10,True,True,exploratory warning; cutoff was not prespecified
2006902500,10,90,F,Consolidation,0,10,True,True,exploratory warning; cutoff was not prespecified
2006902500,10,90,F,Infiltration,0,10,True,True,exploratory warning; cutoff was not prespecified
2006902500,10,90,F,Pneumothorax,0,10,True,True,exploratory warning; cutoff was not prespecified
2006902500,10,90,F,Edema,0,10,True,True,exploratory warning; cutoff was not prespecified
2006902500,10,90,F,Emphysema,0,10,True,True,exploratory warning; cutoff was not prespecified
2006902500,10,90,F,Fibrosis,0,10,True,True,exploratory warning; cutoff was not prespecified
2006902500,10,90,F,Effusion,0,10,True,True,exploratory warning; cutoff was not prespecified
2006902500,10,90,F,Pneumonia,0,10,True,True,exploratory warning; cutoff was not prespecified
2006902500,10,90,F,Pleural_Thickening,0,10,True,True,exploratory warning; cutoff was not prespecified
2006902500,10,90,F,Cardiomegaly,0,10,True,True,exploratory warning; cutoff was not prespecified
2006902500,10,90,F,Nodule,0,10,True,True,exploratory warning; cutoff was not prespecified
2006902500,10,90,F,Mass,0,10,True,True,exploratory warning; cutoff was not prespecified
2006902500,10,90,F,Hernia,0,10,True,True,exploratory warning; cutoff was not prespecified
2006902500,10,0,M,Atelectasis,1,10,True,False,exploratory warning; cutoff was not prespecified
2006902500,10,0,M,Consolidation,3,10,True,False,exploratory warning; cutoff was not prespecified
2006902500,10,0,M,Infiltration,17,10,False,False,exploratory warning; cutoff was not prespecified
2006902500,10,0,M,Pneumothorax,1,10,True,False,exploratory warning; cutoff was not prespecified
2006902500,10,0,M,Edema,1,10,True,False,exploratory warning; cutoff was not prespecified
2006902500,10,0,M,Emphysema,0,10,True,True,exploratory warning; cutoff was not prespecified
2006902500,10,0,M,Fibrosis,0,10,True,True,exploratory warning; cutoff was not prespecified
2006902500,10,0,M,Effusion,2,10,True,False,exploratory warning; cutoff was not prespecified
2006902500,10,0,M,Pneumonia,4,10,True,False,exploratory warning; cutoff was not prespecified
2006902500,10,0,M,Pleural_Thickening,0,10,True,True,exploratory warning; cutoff was not prespecified
2006902500,10,0,M,Cardiomegaly,0,10,True,True,exploratory warning; cutoff was not prespecified
2006902500,10,0,M,Nodule,4,10,True,False,exploratory warning; cutoff was not prespecified
2006902500,10,0,M,Mass,2,10,True,False,exploratory warning; cutoff was not prespecified
2006902500,10,0,M,Hernia,0,10,True,True,exploratory warning; cutoff was not prespecified
2006902500,10,10,M,Atelectasis,5,10,True,False,exploratory warning; cutoff was not prespecified
2006902500,10,10,M,Consolidation,3,10,True,False,exploratory warning; cutoff was not prespecified
2006902500,10,10,M,Infiltration,21,10,False,False,exploratory warning; cutoff was not prespecified
2006902500,10,10,M,Pneumothorax,3,10,True,False,exploratory warning; cutoff was not prespecified
2006902500,10,10,M,Edema,1,10,True,False,exploratory warning; cutoff was not prespecified
2006902500,10,10,M,Emphysema,0,10,True,True,exploratory warning; cutoff was not prespecified
2006902500,10,10,M,Fibrosis,1,10,True,False,exploratory warning; cutoff was not prespecified
2006902500,10,10,M,Effusion,8,10,True,False,exploratory warning; cutoff was not prespecified
2006902500,10,10,M,Pneumonia,2,10,True,False,exploratory warning; cutoff was not prespecified
2006902500,10,10,M,Pleural_Thickening,1,10,True,False,exploratory warning; cutoff was not prespecified
2006902500,10,10,M,Cardiomegaly,4,10,True,False,exploratory warning; cutoff was not prespecified
2006902500,10,10,M,Nodule,3,10,True,False,exploratory warning; cutoff was not prespecified
2006902500,10,10,M,Mass,7,10,True,False,exploratory warning; cutoff was not prespecified
2006902500,10,10,M,Hernia,0,10,True,True,exploratory warning; cutoff was not prespecified
2006902500,10,20,M,Atelectasis,14,10,False,False,exploratory warning; cutoff was not prespecified
2006902500,10,20,M,Consolidation,2,10,True,False,exploratory warning; cutoff was not prespecified
2006902500,10,20,M,Infiltration,43,10,False,False,exploratory warning; cutoff was not prespecified
2006902500,10,20,M,Pneumothorax,2,10,True,False,exploratory warning; cutoff was not prespecified
2006902500,10,20,M,Edema,2,10,True,False,exploratory warning; cutoff was not prespecified
2006902500,10,20,M,Emphysema,1,10,True,False,exploratory warning; cutoff was not prespecified
2006902500,10,20,M,Fibrosis,1,10,True,False,exploratory warning; cutoff was not prespecified
2006902500,10,20,M,Effusion,8,10,True,False,exploratory warning; cutoff was not prespecified
2006902500,10,20,M,Pneumonia,1,10,True,False,exploratory warning; cutoff was not prespecified
2006902500,10,20,M,Pleural_Thickening,7,10,True,False,exploratory warning; cutoff was not prespecified
2006902500,10,20,M,Cardiomegaly,6,10,True,False,exploratory warning; cutoff was not prespecified
2006902500,10,20,M,Nodule,13,10,False,False,exploratory warning; cutoff was not prespecified
2006902500,10,20,M,Mass,13,10,False,False,exploratory warning; cutoff was not prespecified
2006902500,10,20,M,Hernia,0,10,True,True,exploratory warning; cutoff was not prespecified
2006902500,10,30,M,Atelectasis,18,10,False,False,exploratory warning; cutoff was not prespecified
2006902500,10,30,M,Consolidation,6,10,True,False,exploratory warning; cutoff was not prespecified
2006902500,10,30,M,Infiltration,56,10,False,False,exploratory warning; cutoff was not prespecified
2006902500,10,30,M,Pneumothorax,4,10,True,False,exploratory warning; cutoff was not prespecified
2006902500,10,30,M,Edema,0,10,True,True,exploratory warning; cutoff was not prespecified
2006902500,10,30,M,Emphysema,0,10,True,True,exploratory warning; cutoff was not prespecified
2006902500,10,30,M,Fibrosis,9,10,True,False,exploratory warning; cutoff was not prespecified
2006902500,10,30,M,Effusion,18,10,False,False,exploratory warning; cutoff was not prespecified
2006902500,10,30,M,Pneumonia,4,10,True,False,exploratory warning; cutoff was not prespecified
2006902500,10,30,M,Pleural_Thickening,16,10,False,False,exploratory warning; cutoff was not prespecified
2006902500,10,30,M,Cardiomegaly,7,10,True,False,exploratory warning; cutoff was not prespecified
2006902500,10,30,M,Nodule,19,10,False,False,exploratory warning; cutoff was not prespecified
2006902500,10,30,M,Mass,22,10,False,False,exploratory warning; cutoff was not prespecified
2006902500,10,30,M,Hernia,0,10,True,True,exploratory warning; cutoff was not prespecified
2006902500,10,40,M,Atelectasis,37,10,False,False,exploratory warning; cutoff was not prespecified
2006902500,10,40,M,Consolidation,2,10,True,False,exploratory warning; cutoff was not prespecified
2006902500,10,40,M,Infiltration,72,10,False,False,exploratory warning; cutoff was not prespecified
2006902500,10,40,M,Pneumothorax,2,10,True,False,exploratory warning; cutoff was not prespecified
2006902500,10,40,M,Edema,2,10,True,False,exploratory warning; cutoff was not prespecified
2006902500,10,40,M,Emphysema,3,10,True,False,exploratory warning; cutoff was not prespecified
2006902500,10,40,M,Fibrosis,13,10,False,False,exploratory warning; cutoff was not prespecified
2006902500,10,40,M,Effusion,23,10,False,False,exploratory warning; cutoff was not prespecified
2006902500,10,40,M,Pneumonia,5,10,True,False,exploratory warning; cutoff was not prespecified
2006902500,10,40,M,Pleural_Thickening,8,10,True,False,exploratory warning; cutoff was not prespecified
2006902500,10,40,M,Cardiomegaly,4,10,True,False,exploratory warning; cutoff was not prespecified
2006902500,10,40,M,Nodule,40,10,False,False,exploratory warning; cutoff was not prespecified
2006902500,10,40,M,Mass,29,10,False,False,exploratory warning; cutoff was not prespecified
2006902500,10,40,M,Hernia,0,10,True,True,exploratory warning; cutoff was not prespecified
2006902500,10,50,M,Atelectasis,52,10,False,False,exploratory warning; cutoff was not prespecified
2006902500,10,50,M,Consolidation,10,10,False,False,exploratory warning; cutoff was not prespecified
2006902500,10,50,M,Infiltration,101,10,False,False,exploratory warning; cutoff was not prespecified
2006902500,10,50,M,Pneumothorax,6,10,True,False,exploratory warning; cutoff was not prespecified
2006902500,10,50,M,Edema,1,10,True,False,exploratory warning; cutoff was not prespecified
2006902500,10,50,M,Emphysema,10,10,False,False,exploratory warning; cutoff was not prespecified
2006902500,10,50,M,Fibrosis,15,10,False,False,exploratory warning; cutoff was not prespecified
2006902500,10,50,M,Effusion,38,10,False,False,exploratory warning; cutoff was not prespecified
2006902500,10,50,M,Pneumonia,7,10,True,False,exploratory warning; cutoff was not prespecified
2006902500,10,50,M,Pleural_Thickening,27,10,False,False,exploratory warning; cutoff was not prespecified
2006902500,10,50,M,Cardiomegaly,15,10,False,False,exploratory warning; cutoff was not prespecified
2006902500,10,50,M,Nodule,49,10,False,False,exploratory warning; cutoff was not prespecified
2006902500,10,50,M,Mass,35,10,False,False,exploratory warning; cutoff was not prespecified
2006902500,10,50,M,Hernia,0,10,True,True,exploratory warning; cutoff was not prespecified
2006902500,10,60,M,Atelectasis,52,10,False,False,exploratory warning; cutoff was not prespecified
2006902500,10,60,M,Consolidation,11,10,False,False,exploratory warning; cutoff was not prespecified
2006902500,10,60,M,Infiltration,72,10,False,False,exploratory warning; cutoff was not prespecified
2006902500,10,60,M,Pneumothorax,6,10,True,False,exploratory warning; cutoff was not prespecified
2006902500,10,60,M,Edema,1,10,True,False,exploratory warning; cutoff was not prespecified
2006902500,10,60,M,Emphysema,7,10,True,False,exploratory warning; cutoff was not prespecified
2006902500,10,60,M,Fibrosis,11,10,False,False,exploratory warning; cutoff was not prespecified
2006902500,10,60,M,Effusion,36,10,False,False,exploratory warning; cutoff was not prespecified
2006902500,10,60,M,Pneumonia,7,10,True,False,exploratory warning; cutoff was not prespecified
2006902500,10,60,M,Pleural_Thickening,24,10,False,False,exploratory warning; cutoff was not prespecified
2006902500,10,60,M,Cardiomegaly,10,10,False,False,exploratory warning; cutoff was not prespecified
2006902500,10,60,M,Nodule,49,10,False,False,exploratory warning; cutoff was not prespecified
2006902500,10,60,M,Mass,35,10,False,False,exploratory warning; cutoff was not prespecified
2006902500,10,60,M,Hernia,3,10,True,False,exploratory warning; cutoff was not prespecified
2006902500,10,70,M,Atelectasis,23,10,False,False,exploratory warning; cutoff was not prespecified
2006902500,10,70,M,Consolidation,5,10,True,False,exploratory warning; cutoff was not prespecified
2006902500,10,70,M,Infiltration,30,10,False,False,exploratory warning; cutoff was not prespecified
2006902500,10,70,M,Pneumothorax,2,10,True,False,exploratory warning; cutoff was not prespecified
2006902500,10,70,M,Edema,0,10,True,True,exploratory warning; cutoff was not prespecified
2006902500,10,70,M,Emphysema,6,10,True,False,exploratory warning; cutoff was not prespecified
2006902500,10,70,M,Fibrosis,9,10,True,False,exploratory warning; cutoff was not prespecified
2006902500,10,70,M,Effusion,12,10,False,False,exploratory warning; cutoff was not prespecified
2006902500,10,70,M,Pneumonia,3,10,True,False,exploratory warning; cutoff was not prespecified
2006902500,10,70,M,Pleural_Thickening,14,10,False,False,exploratory warning; cutoff was not prespecified
2006902500,10,70,M,Cardiomegaly,9,10,True,False,exploratory warning; cutoff was not prespecified
2006902500,10,70,M,Nodule,13,10,False,False,exploratory warning; cutoff was not prespecified
2006902500,10,70,M,Mass,8,10,True,False,exploratory warning; cutoff was not prespecified
2006902500,10,70,M,Hernia,1,10,True,False,exploratory warning; cutoff was not prespecified
2006902500,10,80,M,Atelectasis,2,10,True,False,exploratory warning; cutoff was not prespecified
2006902500,10,80,M,Consolidation,2,10,True,False,exploratory warning; cutoff was not prespecified
2006902500,10,80,M,Infiltration,2,10,True,False,exploratory warning; cutoff was not prespecified
2006902500,10,80,M,Pneumothorax,2,10,True,False,exploratory warning; cutoff was not prespecified
2006902500,10,80,M,Edema,0,10,True,True,exploratory warning; cutoff was not prespecified
2006902500,10,80,M,Emphysema,2,10,True,False,exploratory warning; cutoff was not prespecified
2006902500,10,80,M,Fibrosis,2,10,True,False,exploratory warning; cutoff was not prespecified
2006902500,10,80,M,Effusion,2,10,True,False,exploratory warning; cutoff was not prespecified
2006902500,10,80,M,Pneumonia,1,10,True,False,exploratory warning; cutoff was not prespecified
2006902500,10,80,M,Pleural_Thickening,2,10,True,False,exploratory warning; cutoff was not prespecified
2006902500,10,80,M,Cardiomegaly,1,10,True,False,exploratory warning; cutoff was not prespecified
2006902500,10,80,M,Nodule,4,10,True,False,exploratory warning; cutoff was not prespecified
2006902500,10,80,M,Mass,3,10,True,False,exploratory warning; cutoff was not prespecified
2006902500,10,80,M,Hernia,0,10,True,True,exploratory warning; cutoff was not prespecified
2006902500,10,90,M,Atelectasis,0,10,True,True,exploratory warning; cutoff was not prespecified
2006902500,10,90,M,Consolidation,0,10,True,True,exploratory warning; cutoff was not prespecified
2006902500,10,90,M,Infiltration,0,10,True,True,exploratory warning; cutoff was not prespecified
2006902500,10,90,M,Pneumothorax,0,10,True,True,exploratory warning; cutoff was not prespecified
2006902500,10,90,M,Edema,0,10,True,True,exploratory warning; cutoff was not prespecified
2006902500,10,90,M,Emphysema,0,10,True,True,exploratory warning; cutoff was not prespecified
2006902500,10,90,M,Fibrosis,0,10,True,True,exploratory warning; cutoff was not prespecified
2006902500,10,90,M,Effusion,0,10,True,True,exploratory warning; cutoff was not prespecified
2006902500,10,90,M,Pneumonia,0,10,True,True,exploratory warning; cutoff was not prespecified
2006902500,10,90,M,Pleural_Thickening,0,10,True,True,exploratory warning; cutoff was not prespecified
2006902500,10,90,M,Cardiomegaly,0,10,True,True,exploratory warning; cutoff was not prespecified
2006902500,10,90,M,Nodule,1,10,True,False,exploratory warning; cutoff was not prespecified
2006902500,10,90,M,Mass,0,10,True,True,exploratory warning; cutoff was not prespecified
2006902500,10,90,M,Hernia,0,10,True,True,exploratory warning; cutoff was not prespecified
342858866,5,0,F,Atelectasis,1,10,True,False,exploratory warning; cutoff was not prespecified
342858866,5,0,F,Consolidation,2,10,True,False,exploratory warning; cutoff was not prespecified
342858866,5,0,F,Infiltration,2,10,True,False,exploratory warning; cutoff was not prespecified
342858866,5,0,F,Pneumothorax,0,10,True,True,exploratory warning; cutoff was not prespecified
342858866,5,0,F,Edema,0,10,True,True,exploratory warning; cutoff was not prespecified
342858866,5,0,F,Emphysema,0,10,True,True,exploratory warning; cutoff was not prespecified
342858866,5,0,F,Fibrosis,0,10,True,True,exploratory warning; cutoff was not prespecified
342858866,5,0,F,Effusion,0,10,True,True,exploratory warning; cutoff was not prespecified
342858866,5,0,F,Pneumonia,2,10,True,False,exploratory warning; cutoff was not prespecified
342858866,5,0,F,Pleural_Thickening,0,10,True,True,exploratory warning; cutoff was not prespecified
342858866,5,0,F,Cardiomegaly,0,10,True,True,exploratory warning; cutoff was not prespecified
342858866,5,0,F,Nodule,0,10,True,True,exploratory warning; cutoff was not prespecified
342858866,5,0,F,Mass,0,10,True,True,exploratory warning; cutoff was not prespecified
342858866,5,0,F,Hernia,0,10,True,True,exploratory warning; cutoff was not prespecified
342858866,5,5,F,Atelectasis,1,10,True,False,exploratory warning; cutoff was not prespecified
342858866,5,5,F,Consolidation,0,10,True,True,exploratory warning; cutoff was not prespecified
342858866,5,5,F,Infiltration,2,10,True,False,exploratory warning; cutoff was not prespecified
342858866,5,5,F,Pneumothorax,1,10,True,False,exploratory warning; cutoff was not prespecified
342858866,5,5,F,Edema,0,10,True,True,exploratory warning; cutoff was not prespecified
342858866,5,5,F,Emphysema,0,10,True,True,exploratory warning; cutoff was not prespecified
342858866,5,5,F,Fibrosis,0,10,True,True,exploratory warning; cutoff was not prespecified
342858866,5,5,F,Effusion,0,10,True,True,exploratory warning; cutoff was not prespecified
342858866,5,5,F,Pneumonia,0,10,True,True,exploratory warning; cutoff was not prespecified
342858866,5,5,F,Pleural_Thickening,0,10,True,True,exploratory warning; cutoff was not prespecified
342858866,5,5,F,Cardiomegaly,1,10,True,False,exploratory warning; cutoff was not prespecified
342858866,5,5,F,Nodule,0,10,True,True,exploratory warning; cutoff was not prespecified
342858866,5,5,F,Mass,1,10,True,False,exploratory warning; cutoff was not prespecified
342858866,5,5,F,Hernia,0,10,True,True,exploratory warning; cutoff was not prespecified
342858866,5,10,F,Atelectasis,1,10,True,False,exploratory warning; cutoff was not prespecified
342858866,5,10,F,Consolidation,1,10,True,False,exploratory warning; cutoff was not prespecified
342858866,5,10,F,Infiltration,4,10,True,False,exploratory warning; cutoff was not prespecified
342858866,5,10,F,Pneumothorax,2,10,True,False,exploratory warning; cutoff was not prespecified
342858866,5,10,F,Edema,1,10,True,False,exploratory warning; cutoff was not prespecified
342858866,5,10,F,Emphysema,1,10,True,False,exploratory warning; cutoff was not prespecified
342858866,5,10,F,Fibrosis,0,10,True,True,exploratory warning; cutoff was not prespecified
342858866,5,10,F,Effusion,1,10,True,False,exploratory warning; cutoff was not prespecified
342858866,5,10,F,Pneumonia,0,10,True,True,exploratory warning; cutoff was not prespecified
342858866,5,10,F,Pleural_Thickening,2,10,True,False,exploratory warning; cutoff was not prespecified
342858866,5,10,F,Cardiomegaly,2,10,True,False,exploratory warning; cutoff was not prespecified
342858866,5,10,F,Nodule,4,10,True,False,exploratory warning; cutoff was not prespecified
342858866,5,10,F,Mass,1,10,True,False,exploratory warning; cutoff was not prespecified
342858866,5,10,F,Hernia,0,10,True,True,exploratory warning; cutoff was not prespecified
342858866,5,15,F,Atelectasis,3,10,True,False,exploratory warning; cutoff was not prespecified
342858866,5,15,F,Consolidation,2,10,True,False,exploratory warning; cutoff was not prespecified
342858866,5,15,F,Infiltration,10,10,False,False,exploratory warning; cutoff was not prespecified
342858866,5,15,F,Pneumothorax,1,10,True,False,exploratory warning; cutoff was not prespecified
342858866,5,15,F,Edema,0,10,True,True,exploratory warning; cutoff was not prespecified
342858866,5,15,F,Emphysema,0,10,True,True,exploratory warning; cutoff was not prespecified
342858866,5,15,F,Fibrosis,1,10,True,False,exploratory warning; cutoff was not prespecified
342858866,5,15,F,Effusion,1,10,True,False,exploratory warning; cutoff was not prespecified
342858866,5,15,F,Pneumonia,0,10,True,True,exploratory warning; cutoff was not prespecified
342858866,5,15,F,Pleural_Thickening,3,10,True,False,exploratory warning; cutoff was not prespecified
342858866,5,15,F,Cardiomegaly,1,10,True,False,exploratory warning; cutoff was not prespecified
342858866,5,15,F,Nodule,2,10,True,False,exploratory warning; cutoff was not prespecified
342858866,5,15,F,Mass,3,10,True,False,exploratory warning; cutoff was not prespecified
342858866,5,15,F,Hernia,0,10,True,True,exploratory warning; cutoff was not prespecified
342858866,5,20,F,Atelectasis,2,10,True,False,exploratory warning; cutoff was not prespecified
342858866,5,20,F,Consolidation,2,10,True,False,exploratory warning; cutoff was not prespecified
342858866,5,20,F,Infiltration,11,10,False,False,exploratory warning; cutoff was not prespecified
342858866,5,20,F,Pneumothorax,0,10,True,True,exploratory warning; cutoff was not prespecified
342858866,5,20,F,Edema,0,10,True,True,exploratory warning; cutoff was not prespecified
342858866,5,20,F,Emphysema,0,10,True,True,exploratory warning; cutoff was not prespecified
342858866,5,20,F,Fibrosis,0,10,True,True,exploratory warning; cutoff was not prespecified
342858866,5,20,F,Effusion,6,10,True,False,exploratory warning; cutoff was not prespecified
342858866,5,20,F,Pneumonia,1,10,True,False,exploratory warning; cutoff was not prespecified
342858866,5,20,F,Pleural_Thickening,1,10,True,False,exploratory warning; cutoff was not prespecified
342858866,5,20,F,Cardiomegaly,0,10,True,True,exploratory warning; cutoff was not prespecified
342858866,5,20,F,Nodule,6,10,True,False,exploratory warning; cutoff was not prespecified
342858866,5,20,F,Mass,3,10,True,False,exploratory warning; cutoff was not prespecified
342858866,5,20,F,Hernia,0,10,True,True,exploratory warning; cutoff was not prespecified
342858866,5,25,F,Atelectasis,6,10,True,False,exploratory warning; cutoff was not prespecified
342858866,5,25,F,Consolidation,4,10,True,False,exploratory warning; cutoff was not prespecified
342858866,5,25,F,Infiltration,30,10,False,False,exploratory warning; cutoff was not prespecified
342858866,5,25,F,Pneumothorax,2,10,True,False,exploratory warning; cutoff was not prespecified
342858866,5,25,F,Edema,0,10,True,True,exploratory warning; cutoff was not prespecified
342858866,5,25,F,Emphysema,0,10,True,True,exploratory warning; cutoff was not prespecified
342858866,5,25,F,Fibrosis,4,10,True,False,exploratory warning; cutoff was not prespecified
342858866,5,25,F,Effusion,7,10,True,False,exploratory warning; cutoff was not prespecified
342858866,5,25,F,Pneumonia,0,10,True,True,exploratory warning; cutoff was not prespecified
342858866,5,25,F,Pleural_Thickening,4,10,True,False,exploratory warning; cutoff was not prespecified
342858866,5,25,F,Cardiomegaly,2,10,True,False,exploratory warning; cutoff was not prespecified
342858866,5,25,F,Nodule,10,10,False,False,exploratory warning; cutoff was not prespecified
342858866,5,25,F,Mass,8,10,True,False,exploratory warning; cutoff was not prespecified
342858866,5,25,F,Hernia,1,10,True,False,exploratory warning; cutoff was not prespecified
342858866,5,30,F,Atelectasis,5,10,True,False,exploratory warning; cutoff was not prespecified
342858866,5,30,F,Consolidation,4,10,True,False,exploratory warning; cutoff was not prespecified
342858866,5,30,F,Infiltration,30,10,False,False,exploratory warning; cutoff was not prespecified
342858866,5,30,F,Pneumothorax,2,10,True,False,exploratory warning; cutoff was not prespecified
342858866,5,30,F,Edema,1,10,True,False,exploratory warning; cutoff was not prespecified
342858866,5,30,F,Emphysema,0,10,True,True,exploratory warning; cutoff was not prespecified
342858866,5,30,F,Fibrosis,2,10,True,False,exploratory warning; cutoff was not prespecified
342858866,5,30,F,Effusion,8,10,True,False,exploratory warning; cutoff was not prespecified
342858866,5,30,F,Pneumonia,1,10,True,False,exploratory warning; cutoff was not prespecified
342858866,5,30,F,Pleural_Thickening,4,10,True,False,exploratory warning; cutoff was not prespecified
342858866,5,30,F,Cardiomegaly,4,10,True,False,exploratory warning; cutoff was not prespecified
342858866,5,30,F,Nodule,8,10,True,False,exploratory warning; cutoff was not prespecified
342858866,5,30,F,Mass,8,10,True,False,exploratory warning; cutoff was not prespecified
342858866,5,30,F,Hernia,0,10,True,True,exploratory warning; cutoff was not prespecified
342858866,5,35,F,Atelectasis,6,10,True,False,exploratory warning; cutoff was not prespecified
342858866,5,35,F,Consolidation,2,10,True,False,exploratory warning; cutoff was not prespecified
342858866,5,35,F,Infiltration,34,10,False,False,exploratory warning; cutoff was not prespecified
342858866,5,35,F,Pneumothorax,1,10,True,False,exploratory warning; cutoff was not prespecified
342858866,5,35,F,Edema,2,10,True,False,exploratory warning; cutoff was not prespecified
342858866,5,35,F,Emphysema,0,10,True,True,exploratory warning; cutoff was not prespecified
342858866,5,35,F,Fibrosis,1,10,True,False,exploratory warning; cutoff was not prespecified
342858866,5,35,F,Effusion,5,10,True,False,exploratory warning; cutoff was not prespecified
342858866,5,35,F,Pneumonia,0,10,True,True,exploratory warning; cutoff was not prespecified
342858866,5,35,F,Pleural_Thickening,2,10,True,False,exploratory warning; cutoff was not prespecified
342858866,5,35,F,Cardiomegaly,7,10,True,False,exploratory warning; cutoff was not prespecified
342858866,5,35,F,Nodule,9,10,True,False,exploratory warning; cutoff was not prespecified
342858866,5,35,F,Mass,3,10,True,False,exploratory warning; cutoff was not prespecified
342858866,5,35,F,Hernia,0,10,True,True,exploratory warning; cutoff was not prespecified
342858866,5,40,F,Atelectasis,11,10,False,False,exploratory warning; cutoff was not prespecified
342858866,5,40,F,Consolidation,6,10,True,False,exploratory warning; cutoff was not prespecified
342858866,5,40,F,Infiltration,28,10,False,False,exploratory warning; cutoff was not prespecified
342858866,5,40,F,Pneumothorax,2,10,True,False,exploratory warning; cutoff was not prespecified
342858866,5,40,F,Edema,0,10,True,True,exploratory warning; cutoff was not prespecified
342858866,5,40,F,Emphysema,1,10,True,False,exploratory warning; cutoff was not prespecified
342858866,5,40,F,Fibrosis,3,10,True,False,exploratory warning; cutoff was not prespecified
342858866,5,40,F,Effusion,9,10,True,False,exploratory warning; cutoff was not prespecified
342858866,5,40,F,Pneumonia,3,10,True,False,exploratory warning; cutoff was not prespecified
342858866,5,40,F,Pleural_Thickening,9,10,True,False,exploratory warning; cutoff was not prespecified
342858866,5,40,F,Cardiomegaly,3,10,True,False,exploratory warning; cutoff was not prespecified
342858866,5,40,F,Nodule,21,10,False,False,exploratory warning; cutoff was not prespecified
342858866,5,40,F,Mass,13,10,False,False,exploratory warning; cutoff was not prespecified
342858866,5,40,F,Hernia,0,10,True,True,exploratory warning; cutoff was not prespecified
342858866,5,45,F,Atelectasis,14,10,False,False,exploratory warning; cutoff was not prespecified
342858866,5,45,F,Consolidation,4,10,True,False,exploratory warning; cutoff was not prespecified
342858866,5,45,F,Infiltration,41,10,False,False,exploratory warning; cutoff was not prespecified
342858866,5,45,F,Pneumothorax,2,10,True,False,exploratory warning; cutoff was not prespecified
342858866,5,45,F,Edema,3,10,True,False,exploratory warning; cutoff was not prespecified
342858866,5,45,F,Emphysema,1,10,True,False,exploratory warning; cutoff was not prespecified
342858866,5,45,F,Fibrosis,9,10,True,False,exploratory warning; cutoff was not prespecified
342858866,5,45,F,Effusion,16,10,False,False,exploratory warning; cutoff was not prespecified
342858866,5,45,F,Pneumonia,2,10,True,False,exploratory warning; cutoff was not prespecified
342858866,5,45,F,Pleural_Thickening,4,10,True,False,exploratory warning; cutoff was not prespecified
342858866,5,45,F,Cardiomegaly,13,10,False,False,exploratory warning; cutoff was not prespecified
342858866,5,45,F,Nodule,17,10,False,False,exploratory warning; cutoff was not prespecified
342858866,5,45,F,Mass,6,10,True,False,exploratory warning; cutoff was not prespecified
342858866,5,45,F,Hernia,0,10,True,True,exploratory warning; cutoff was not prespecified
342858866,5,50,F,Atelectasis,26,10,False,False,exploratory warning; cutoff was not prespecified
342858866,5,50,F,Consolidation,6,10,True,False,exploratory warning; cutoff was not prespecified
342858866,5,50,F,Infiltration,52,10,False,False,exploratory warning; cutoff was not prespecified
342858866,5,50,F,Pneumothorax,7,10,True,False,exploratory warning; cutoff was not prespecified
342858866,5,50,F,Edema,1,10,True,False,exploratory warning; cutoff was not prespecified
342858866,5,50,F,Emphysema,0,10,True,True,exploratory warning; cutoff was not prespecified
342858866,5,50,F,Fibrosis,7,10,True,False,exploratory warning; cutoff was not prespecified
342858866,5,50,F,Effusion,16,10,False,False,exploratory warning; cutoff was not prespecified
342858866,5,50,F,Pneumonia,2,10,True,False,exploratory warning; cutoff was not prespecified
342858866,5,50,F,Pleural_Thickening,9,10,True,False,exploratory warning; cutoff was not prespecified
342858866,5,50,F,Cardiomegaly,15,10,False,False,exploratory warning; cutoff was not prespecified
342858866,5,50,F,Nodule,24,10,False,False,exploratory warning; cutoff was not prespecified
342858866,5,50,F,Mass,13,10,False,False,exploratory warning; cutoff was not prespecified
342858866,5,50,F,Hernia,2,10,True,False,exploratory warning; cutoff was not prespecified
342858866,5,55,F,Atelectasis,24,10,False,False,exploratory warning; cutoff was not prespecified
342858866,5,55,F,Consolidation,4,10,True,False,exploratory warning; cutoff was not prespecified
342858866,5,55,F,Infiltration,36,10,False,False,exploratory warning; cutoff was not prespecified
342858866,5,55,F,Pneumothorax,5,10,True,False,exploratory warning; cutoff was not prespecified
342858866,5,55,F,Edema,0,10,True,True,exploratory warning; cutoff was not prespecified
342858866,5,55,F,Emphysema,3,10,True,False,exploratory warning; cutoff was not prespecified
342858866,5,55,F,Fibrosis,6,10,True,False,exploratory warning; cutoff was not prespecified
342858866,5,55,F,Effusion,24,10,False,False,exploratory warning; cutoff was not prespecified
342858866,5,55,F,Pneumonia,1,10,True,False,exploratory warning; cutoff was not prespecified
342858866,5,55,F,Pleural_Thickening,11,10,False,False,exploratory warning; cutoff was not prespecified
342858866,5,55,F,Cardiomegaly,10,10,False,False,exploratory warning; cutoff was not prespecified
342858866,5,55,F,Nodule,20,10,False,False,exploratory warning; cutoff was not prespecified
342858866,5,55,F,Mass,18,10,False,False,exploratory warning; cutoff was not prespecified
342858866,5,55,F,Hernia,3,10,True,False,exploratory warning; cutoff was not prespecified
342858866,5,60,F,Atelectasis,11,10,False,False,exploratory warning; cutoff was not prespecified
342858866,5,60,F,Consolidation,2,10,True,False,exploratory warning; cutoff was not prespecified
342858866,5,60,F,Infiltration,31,10,False,False,exploratory warning; cutoff was not prespecified
342858866,5,60,F,Pneumothorax,1,10,True,False,exploratory warning; cutoff was not prespecified
342858866,5,60,F,Edema,0,10,True,True,exploratory warning; cutoff was not prespecified
342858866,5,60,F,Emphysema,4,10,True,False,exploratory warning; cutoff was not prespecified
342858866,5,60,F,Fibrosis,9,10,True,False,exploratory warning; cutoff was not prespecified
342858866,5,60,F,Effusion,9,10,True,False,exploratory warning; cutoff was not prespecified
342858866,5,60,F,Pneumonia,1,10,True,False,exploratory warning; cutoff was not prespecified
342858866,5,60,F,Pleural_Thickening,2,10,True,False,exploratory warning; cutoff was not prespecified
342858866,5,60,F,Cardiomegaly,6,10,True,False,exploratory warning; cutoff was not prespecified
342858866,5,60,F,Nodule,17,10,False,False,exploratory warning; cutoff was not prespecified
342858866,5,60,F,Mass,12,10,False,False,exploratory warning; cutoff was not prespecified
342858866,5,60,F,Hernia,1,10,True,False,exploratory warning; cutoff was not prespecified
342858866,5,65,F,Atelectasis,9,10,True,False,exploratory warning; cutoff was not prespecified
342858866,5,65,F,Consolidation,0,10,True,True,exploratory warning; cutoff was not prespecified
342858866,5,65,F,Infiltration,13,10,False,False,exploratory warning; cutoff was not prespecified
342858866,5,65,F,Pneumothorax,1,10,True,False,exploratory warning; cutoff was not prespecified
342858866,5,65,F,Edema,0,10,True,True,exploratory warning; cutoff was not prespecified
342858866,5,65,F,Emphysema,1,10,True,False,exploratory warning; cutoff was not prespecified
342858866,5,65,F,Fibrosis,6,10,True,False,exploratory warning; cutoff was not prespecified
342858866,5,65,F,Effusion,9,10,True,False,exploratory warning; cutoff was not prespecified
342858866,5,65,F,Pneumonia,0,10,True,True,exploratory warning; cutoff was not prespecified
342858866,5,65,F,Pleural_Thickening,9,10,True,False,exploratory warning; cutoff was not prespecified
342858866,5,65,F,Cardiomegaly,5,10,True,False,exploratory warning; cutoff was not prespecified
342858866,5,65,F,Nodule,11,10,False,False,exploratory warning; cutoff was not prespecified
342858866,5,65,F,Mass,7,10,True,False,exploratory warning; cutoff was not prespecified
342858866,5,65,F,Hernia,1,10,True,False,exploratory warning; cutoff was not prespecified
342858866,5,70,F,Atelectasis,5,10,True,False,exploratory warning; cutoff was not prespecified
342858866,5,70,F,Consolidation,2,10,True,False,exploratory warning; cutoff was not prespecified
342858866,5,70,F,Infiltration,9,10,True,False,exploratory warning; cutoff was not prespecified
342858866,5,70,F,Pneumothorax,1,10,True,False,exploratory warning; cutoff was not prespecified
342858866,5,70,F,Edema,1,10,True,False,exploratory warning; cutoff was not prespecified
342858866,5,70,F,Emphysema,2,10,True,False,exploratory warning; cutoff was not prespecified
342858866,5,70,F,Fibrosis,2,10,True,False,exploratory warning; cutoff was not prespecified
342858866,5,70,F,Effusion,5,10,True,False,exploratory warning; cutoff was not prespecified
342858866,5,70,F,Pneumonia,1,10,True,False,exploratory warning; cutoff was not prespecified
342858866,5,70,F,Pleural_Thickening,6,10,True,False,exploratory warning; cutoff was not prespecified
342858866,5,70,F,Cardiomegaly,4,10,True,False,exploratory warning; cutoff was not prespecified
342858866,5,70,F,Nodule,8,10,True,False,exploratory warning; cutoff was not prespecified
342858866,5,70,F,Mass,1,10,True,False,exploratory warning; cutoff was not prespecified
342858866,5,70,F,Hernia,0,10,True,True,exploratory warning; cutoff was not prespecified
342858866,5,75,F,Atelectasis,7,10,True,False,exploratory warning; cutoff was not prespecified
342858866,5,75,F,Consolidation,0,10,True,True,exploratory warning; cutoff was not prespecified
342858866,5,75,F,Infiltration,11,10,False,False,exploratory warning; cutoff was not prespecified
342858866,5,75,F,Pneumothorax,2,10,True,False,exploratory warning; cutoff was not prespecified
342858866,5,75,F,Edema,0,10,True,True,exploratory warning; cutoff was not prespecified
342858866,5,75,F,Emphysema,4,10,True,False,exploratory warning; cutoff was not prespecified
342858866,5,75,F,Fibrosis,1,10,True,False,exploratory warning; cutoff was not prespecified
342858866,5,75,F,Effusion,4,10,True,False,exploratory warning; cutoff was not prespecified
342858866,5,75,F,Pneumonia,0,10,True,True,exploratory warning; cutoff was not prespecified
342858866,5,75,F,Pleural_Thickening,4,10,True,False,exploratory warning; cutoff was not prespecified
342858866,5,75,F,Cardiomegaly,3,10,True,False,exploratory warning; cutoff was not prespecified
342858866,5,75,F,Nodule,4,10,True,False,exploratory warning; cutoff was not prespecified
342858866,5,75,F,Mass,5,10,True,False,exploratory warning; cutoff was not prespecified
342858866,5,75,F,Hernia,2,10,True,False,exploratory warning; cutoff was not prespecified
342858866,5,80,F,Atelectasis,0,10,True,True,exploratory warning; cutoff was not prespecified
342858866,5,80,F,Consolidation,1,10,True,False,exploratory warning; cutoff was not prespecified
342858866,5,80,F,Infiltration,8,10,True,False,exploratory warning; cutoff was not prespecified
342858866,5,80,F,Pneumothorax,0,10,True,True,exploratory warning; cutoff was not prespecified
342858866,5,80,F,Edema,0,10,True,True,exploratory warning; cutoff was not prespecified
342858866,5,80,F,Emphysema,2,10,True,False,exploratory warning; cutoff was not prespecified
342858866,5,80,F,Fibrosis,3,10,True,False,exploratory warning; cutoff was not prespecified
342858866,5,80,F,Effusion,2,10,True,False,exploratory warning; cutoff was not prespecified
342858866,5,80,F,Pneumonia,0,10,True,True,exploratory warning; cutoff was not prespecified
342858866,5,80,F,Pleural_Thickening,3,10,True,False,exploratory warning; cutoff was not prespecified
342858866,5,80,F,Cardiomegaly,2,10,True,False,exploratory warning; cutoff was not prespecified
342858866,5,80,F,Nodule,2,10,True,False,exploratory warning; cutoff was not prespecified
342858866,5,80,F,Mass,2,10,True,False,exploratory warning; cutoff was not prespecified
342858866,5,80,F,Hernia,0,10,True,True,exploratory warning; cutoff was not prespecified
342858866,5,85,F,Atelectasis,0,10,True,True,exploratory warning; cutoff was not prespecified
342858866,5,85,F,Consolidation,0,10,True,True,exploratory warning; cutoff was not prespecified
342858866,5,85,F,Infiltration,1,10,True,False,exploratory warning; cutoff was not prespecified
342858866,5,85,F,Pneumothorax,0,10,True,True,exploratory warning; cutoff was not prespecified
342858866,5,85,F,Edema,0,10,True,True,exploratory warning; cutoff was not prespecified
342858866,5,85,F,Emphysema,0,10,True,True,exploratory warning; cutoff was not prespecified
342858866,5,85,F,Fibrosis,0,10,True,True,exploratory warning; cutoff was not prespecified
342858866,5,85,F,Effusion,0,10,True,True,exploratory warning; cutoff was not prespecified
342858866,5,85,F,Pneumonia,0,10,True,True,exploratory warning; cutoff was not prespecified
342858866,5,85,F,Pleural_Thickening,0,10,True,True,exploratory warning; cutoff was not prespecified
342858866,5,85,F,Cardiomegaly,1,10,True,False,exploratory warning; cutoff was not prespecified
342858866,5,85,F,Nodule,0,10,True,True,exploratory warning; cutoff was not prespecified
342858866,5,85,F,Mass,0,10,True,True,exploratory warning; cutoff was not prespecified
342858866,5,85,F,Hernia,0,10,True,True,exploratory warning; cutoff was not prespecified
342858866,5,90,F,Atelectasis,2,10,True,False,exploratory warning; cutoff was not prespecified
342858866,5,90,F,Consolidation,0,10,True,True,exploratory warning; cutoff was not prespecified
342858866,5,90,F,Infiltration,1,10,True,False,exploratory warning; cutoff was not prespecified
342858866,5,90,F,Pneumothorax,0,10,True,True,exploratory warning; cutoff was not prespecified
342858866,5,90,F,Edema,0,10,True,True,exploratory warning; cutoff was not prespecified
342858866,5,90,F,Emphysema,0,10,True,True,exploratory warning; cutoff was not prespecified
342858866,5,90,F,Fibrosis,0,10,True,True,exploratory warning; cutoff was not prespecified
342858866,5,90,F,Effusion,0,10,True,True,exploratory warning; cutoff was not prespecified
342858866,5,90,F,Pneumonia,0,10,True,True,exploratory warning; cutoff was not prespecified
342858866,5,90,F,Pleural_Thickening,1,10,True,False,exploratory warning; cutoff was not prespecified
342858866,5,90,F,Cardiomegaly,0,10,True,True,exploratory warning; cutoff was not prespecified
342858866,5,90,F,Nodule,0,10,True,True,exploratory warning; cutoff was not prespecified
342858866,5,90,F,Mass,0,10,True,True,exploratory warning; cutoff was not prespecified
342858866,5,90,F,Hernia,0,10,True,True,exploratory warning; cutoff was not prespecified
342858866,5,0,M,Atelectasis,3,10,True,False,exploratory warning; cutoff was not prespecified
342858866,5,0,M,Consolidation,1,10,True,False,exploratory warning; cutoff was not prespecified
342858866,5,0,M,Infiltration,3,10,True,False,exploratory warning; cutoff was not prespecified
342858866,5,0,M,Pneumothorax,1,10,True,False,exploratory warning; cutoff was not prespecified
342858866,5,0,M,Edema,0,10,True,True,exploratory warning; cutoff was not prespecified
342858866,5,0,M,Emphysema,0,10,True,True,exploratory warning; cutoff was not prespecified
342858866,5,0,M,Fibrosis,0,10,True,True,exploratory warning; cutoff was not prespecified
342858866,5,0,M,Effusion,0,10,True,True,exploratory warning; cutoff was not prespecified
342858866,5,0,M,Pneumonia,1,10,True,False,exploratory warning; cutoff was not prespecified
342858866,5,0,M,Pleural_Thickening,0,10,True,True,exploratory warning; cutoff was not prespecified
342858866,5,0,M,Cardiomegaly,0,10,True,True,exploratory warning; cutoff was not prespecified
342858866,5,0,M,Nodule,0,10,True,True,exploratory warning; cutoff was not prespecified
342858866,5,0,M,Mass,1,10,True,False,exploratory warning; cutoff was not prespecified
342858866,5,0,M,Hernia,0,10,True,True,exploratory warning; cutoff was not prespecified
342858866,5,5,M,Atelectasis,2,10,True,False,exploratory warning; cutoff was not prespecified
342858866,5,5,M,Consolidation,1,10,True,False,exploratory warning; cutoff was not prespecified
342858866,5,5,M,Infiltration,7,10,True,False,exploratory warning; cutoff was not prespecified
342858866,5,5,M,Pneumothorax,0,10,True,True,exploratory warning; cutoff was not prespecified
342858866,5,5,M,Edema,0,10,True,True,exploratory warning; cutoff was not prespecified
342858866,5,5,M,Emphysema,0,10,True,True,exploratory warning; cutoff was not prespecified
342858866,5,5,M,Fibrosis,0,10,True,True,exploratory warning; cutoff was not prespecified
342858866,5,5,M,Effusion,0,10,True,True,exploratory warning; cutoff was not prespecified
342858866,5,5,M,Pneumonia,1,10,True,False,exploratory warning; cutoff was not prespecified
342858866,5,5,M,Pleural_Thickening,0,10,True,True,exploratory warning; cutoff was not prespecified
342858866,5,5,M,Cardiomegaly,0,10,True,True,exploratory warning; cutoff was not prespecified
342858866,5,5,M,Nodule,0,10,True,True,exploratory warning; cutoff was not prespecified
342858866,5,5,M,Mass,0,10,True,True,exploratory warning; cutoff was not prespecified
342858866,5,5,M,Hernia,0,10,True,True,exploratory warning; cutoff was not prespecified
342858866,5,10,M,Atelectasis,1,10,True,False,exploratory warning; cutoff was not prespecified
342858866,5,10,M,Consolidation,3,10,True,False,exploratory warning; cutoff was not prespecified
342858866,5,10,M,Infiltration,8,10,True,False,exploratory warning; cutoff was not prespecified
342858866,5,10,M,Pneumothorax,1,10,True,False,exploratory warning; cutoff was not prespecified
342858866,5,10,M,Edema,0,10,True,True,exploratory warning; cutoff was not prespecified
342858866,5,10,M,Emphysema,0,10,True,True,exploratory warning; cutoff was not prespecified
342858866,5,10,M,Fibrosis,1,10,True,False,exploratory warning; cutoff was not prespecified
342858866,5,10,M,Effusion,5,10,True,False,exploratory warning; cutoff was not prespecified
342858866,5,10,M,Pneumonia,0,10,True,True,exploratory warning; cutoff was not prespecified
342858866,5,10,M,Pleural_Thickening,1,10,True,False,exploratory warning; cutoff was not prespecified
342858866,5,10,M,Cardiomegaly,1,10,True,False,exploratory warning; cutoff was not prespecified
342858866,5,10,M,Nodule,1,10,True,False,exploratory warning; cutoff was not prespecified
342858866,5,10,M,Mass,3,10,True,False,exploratory warning; cutoff was not prespecified
342858866,5,10,M,Hernia,0,10,True,True,exploratory warning; cutoff was not prespecified
342858866,5,15,M,Atelectasis,4,10,True,False,exploratory warning; cutoff was not prespecified
342858866,5,15,M,Consolidation,2,10,True,False,exploratory warning; cutoff was not prespecified
342858866,5,15,M,Infiltration,14,10,False,False,exploratory warning; cutoff was not prespecified
342858866,5,15,M,Pneumothorax,1,10,True,False,exploratory warning; cutoff was not prespecified
342858866,5,15,M,Edema,0,10,True,True,exploratory warning; cutoff was not prespecified
342858866,5,15,M,Emphysema,1,10,True,False,exploratory warning; cutoff was not prespecified
342858866,5,15,M,Fibrosis,1,10,True,False,exploratory warning; cutoff was not prespecified
342858866,5,15,M,Effusion,7,10,True,False,exploratory warning; cutoff was not prespecified
342858866,5,15,M,Pneumonia,1,10,True,False,exploratory warning; cutoff was not prespecified
342858866,5,15,M,Pleural_Thickening,1,10,True,False,exploratory warning; cutoff was not prespecified
342858866,5,15,M,Cardiomegaly,3,10,True,False,exploratory warning; cutoff was not prespecified
342858866,5,15,M,Nodule,3,10,True,False,exploratory warning; cutoff was not prespecified
342858866,5,15,M,Mass,5,10,True,False,exploratory warning; cutoff was not prespecified
342858866,5,15,M,Hernia,0,10,True,True,exploratory warning; cutoff was not prespecified
342858866,5,20,M,Atelectasis,9,10,True,False,exploratory warning; cutoff was not prespecified
342858866,5,20,M,Consolidation,2,10,True,False,exploratory warning; cutoff was not prespecified
342858866,5,20,M,Infiltration,25,10,False,False,exploratory warning; cutoff was not prespecified
342858866,5,20,M,Pneumothorax,2,10,True,False,exploratory warning; cutoff was not prespecified
342858866,5,20,M,Edema,0,10,True,True,exploratory warning; cutoff was not prespecified
342858866,5,20,M,Emphysema,0,10,True,True,exploratory warning; cutoff was not prespecified
342858866,5,20,M,Fibrosis,1,10,True,False,exploratory warning; cutoff was not prespecified
342858866,5,20,M,Effusion,5,10,True,False,exploratory warning; cutoff was not prespecified
342858866,5,20,M,Pneumonia,1,10,True,False,exploratory warning; cutoff was not prespecified
342858866,5,20,M,Pleural_Thickening,3,10,True,False,exploratory warning; cutoff was not prespecified
342858866,5,20,M,Cardiomegaly,3,10,True,False,exploratory warning; cutoff was not prespecified
342858866,5,20,M,Nodule,7,10,True,False,exploratory warning; cutoff was not prespecified
342858866,5,20,M,Mass,5,10,True,False,exploratory warning; cutoff was not prespecified
342858866,5,20,M,Hernia,0,10,True,True,exploratory warning; cutoff was not prespecified
342858866,5,25,M,Atelectasis,5,10,True,False,exploratory warning; cutoff was not prespecified
342858866,5,25,M,Consolidation,3,10,True,False,exploratory warning; cutoff was not prespecified
342858866,5,25,M,Infiltration,26,10,False,False,exploratory warning; cutoff was not prespecified
342858866,5,25,M,Pneumothorax,0,10,True,True,exploratory warning; cutoff was not prespecified
342858866,5,25,M,Edema,1,10,True,False,exploratory warning; cutoff was not prespecified
342858866,5,25,M,Emphysema,0,10,True,True,exploratory warning; cutoff was not prespecified
342858866,5,25,M,Fibrosis,1,10,True,False,exploratory warning; cutoff was not prespecified
342858866,5,25,M,Effusion,6,10,True,False,exploratory warning; cutoff was not prespecified
342858866,5,25,M,Pneumonia,0,10,True,True,exploratory warning; cutoff was not prespecified
342858866,5,25,M,Pleural_Thickening,1,10,True,False,exploratory warning; cutoff was not prespecified
342858866,5,25,M,Cardiomegaly,1,10,True,False,exploratory warning; cutoff was not prespecified
342858866,5,25,M,Nodule,5,10,True,False,exploratory warning; cutoff was not prespecified
342858866,5,25,M,Mass,8,10,True,False,exploratory warning; cutoff was not prespecified
342858866,5,25,M,Hernia,0,10,True,True,exploratory warning; cutoff was not prespecified
342858866,5,30,M,Atelectasis,10,10,False,False,exploratory warning; cutoff was not prespecified
342858866,5,30,M,Consolidation,1,10,True,False,exploratory warning; cutoff was not prespecified
342858866,5,30,M,Infiltration,21,10,False,False,exploratory warning; cutoff was not prespecified
342858866,5,30,M,Pneumothorax,3,10,True,False,exploratory warning; cutoff was not prespecified
342858866,5,30,M,Edema,0,10,True,True,exploratory warning; cutoff was not prespecified
342858866,5,30,M,Emphysema,0,10,True,True,exploratory warning; cutoff was not prespecified
342858866,5,30,M,Fibrosis,4,10,True,False,exploratory warning; cutoff was not prespecified
342858866,5,30,M,Effusion,9,10,True,False,exploratory warning; cutoff was not prespecified
342858866,5,30,M,Pneumonia,2,10,True,False,exploratory warning; cutoff was not prespecified
342858866,5,30,M,Pleural_Thickening,6,10,True,False,exploratory warning; cutoff was not prespecified
342858866,5,30,M,Cardiomegaly,1,10,True,False,exploratory warning; cutoff was not prespecified
342858866,5,30,M,Nodule,8,10,True,False,exploratory warning; cutoff was not prespecified
342858866,5,30,M,Mass,11,10,False,False,exploratory warning; cutoff was not prespecified
342858866,5,30,M,Hernia,0,10,True,True,exploratory warning; cutoff was not prespecified
342858866,5,35,M,Atelectasis,8,10,True,False,exploratory warning; cutoff was not prespecified
342858866,5,35,M,Consolidation,4,10,True,False,exploratory warning; cutoff was not prespecified
342858866,5,35,M,Infiltration,17,10,False,False,exploratory warning; cutoff was not prespecified
342858866,5,35,M,Pneumothorax,4,10,True,False,exploratory warning; cutoff was not prespecified
342858866,5,35,M,Edema,1,10,True,False,exploratory warning; cutoff was not prespecified
342858866,5,35,M,Emphysema,1,10,True,False,exploratory warning; cutoff was not prespecified
342858866,5,35,M,Fibrosis,5,10,True,False,exploratory warning; cutoff was not prespecified
342858866,5,35,M,Effusion,7,10,True,False,exploratory warning; cutoff was not prespecified
342858866,5,35,M,Pneumonia,0,10,True,True,exploratory warning; cutoff was not prespecified
342858866,5,35,M,Pleural_Thickening,3,10,True,False,exploratory warning; cutoff was not prespecified
342858866,5,35,M,Cardiomegaly,1,10,True,False,exploratory warning; cutoff was not prespecified
342858866,5,35,M,Nodule,6,10,True,False,exploratory warning; cutoff was not prespecified
342858866,5,35,M,Mass,8,10,True,False,exploratory warning; cutoff was not prespecified
342858866,5,35,M,Hernia,1,10,True,False,exploratory warning; cutoff was not prespecified
342858866,5,40,M,Atelectasis,19,10,False,False,exploratory warning; cutoff was not prespecified
342858866,5,40,M,Consolidation,5,10,True,False,exploratory warning; cutoff was not prespecified
342858866,5,40,M,Infiltration,25,10,False,False,exploratory warning; cutoff was not prespecified
342858866,5,40,M,Pneumothorax,1,10,True,False,exploratory warning; cutoff was not prespecified
342858866,5,40,M,Edema,0,10,True,True,exploratory warning; cutoff was not prespecified
342858866,5,40,M,Emphysema,1,10,True,False,exploratory warning; cutoff was not prespecified
342858866,5,40,M,Fibrosis,6,10,True,False,exploratory warning; cutoff was not prespecified
342858866,5,40,M,Effusion,10,10,False,False,exploratory warning; cutoff was not prespecified
342858866,5,40,M,Pneumonia,1,10,True,False,exploratory warning; cutoff was not prespecified
342858866,5,40,M,Pleural_Thickening,12,10,False,False,exploratory warning; cutoff was not prespecified
342858866,5,40,M,Cardiomegaly,3,10,True,False,exploratory warning; cutoff was not prespecified
342858866,5,40,M,Nodule,21,10,False,False,exploratory warning; cutoff was not prespecified
342858866,5,40,M,Mass,18,10,False,False,exploratory warning; cutoff was not prespecified
342858866,5,40,M,Hernia,0,10,True,True,exploratory warning; cutoff was not prespecified
342858866,5,45,M,Atelectasis,23,10,False,False,exploratory warning; cutoff was not prespecified
342858866,5,45,M,Consolidation,1,10,True,False,exploratory warning; cutoff was not prespecified
342858866,5,45,M,Infiltration,43,10,False,False,exploratory warning; cutoff was not prespecified
342858866,5,45,M,Pneumothorax,2,10,True,False,exploratory warning; cutoff was not prespecified
342858866,5,45,M,Edema,3,10,True,False,exploratory warning; cutoff was not prespecified
342858866,5,45,M,Emphysema,1,10,True,False,exploratory warning; cutoff was not prespecified
342858866,5,45,M,Fibrosis,3,10,True,False,exploratory warning; cutoff was not prespecified
342858866,5,45,M,Effusion,15,10,False,False,exploratory warning; cutoff was not prespecified
342858866,5,45,M,Pneumonia,2,10,True,False,exploratory warning; cutoff was not prespecified
342858866,5,45,M,Pleural_Thickening,4,10,True,False,exploratory warning; cutoff was not prespecified
342858866,5,45,M,Cardiomegaly,6,10,True,False,exploratory warning; cutoff was not prespecified
342858866,5,45,M,Nodule,23,10,False,False,exploratory warning; cutoff was not prespecified
342858866,5,45,M,Mass,17,10,False,False,exploratory warning; cutoff was not prespecified
342858866,5,45,M,Hernia,0,10,True,True,exploratory warning; cutoff was not prespecified
342858866,5,50,M,Atelectasis,30,10,False,False,exploratory warning; cutoff was not prespecified
342858866,5,50,M,Consolidation,7,10,True,False,exploratory warning; cutoff was not prespecified
342858866,5,50,M,Infiltration,58,10,False,False,exploratory warning; cutoff was not prespecified
342858866,5,50,M,Pneumothorax,2,10,True,False,exploratory warning; cutoff was not prespecified
342858866,5,50,M,Edema,0,10,True,True,exploratory warning; cutoff was not prespecified
342858866,5,50,M,Emphysema,5,10,True,False,exploratory warning; cutoff was not prespecified
342858866,5,50,M,Fibrosis,6,10,True,False,exploratory warning; cutoff was not prespecified
342858866,5,50,M,Effusion,14,10,False,False,exploratory warning; cutoff was not prespecified
342858866,5,50,M,Pneumonia,2,10,True,False,exploratory warning; cutoff was not prespecified
342858866,5,50,M,Pleural_Thickening,14,10,False,False,exploratory warning; cutoff was not prespecified
342858866,5,50,M,Cardiomegaly,6,10,True,False,exploratory warning; cutoff was not prespecified
342858866,5,50,M,Nodule,24,10,False,False,exploratory warning; cutoff was not prespecified
342858866,5,50,M,Mass,13,10,False,False,exploratory warning; cutoff was not prespecified
342858866,5,50,M,Hernia,1,10,True,False,exploratory warning; cutoff was not prespecified
342858866,5,55,M,Atelectasis,23,10,False,False,exploratory warning; cutoff was not prespecified
342858866,5,55,M,Consolidation,4,10,True,False,exploratory warning; cutoff was not prespecified
342858866,5,55,M,Infiltration,63,10,False,False,exploratory warning; cutoff was not prespecified
342858866,5,55,M,Pneumothorax,0,10,True,True,exploratory warning; cutoff was not prespecified
342858866,5,55,M,Edema,0,10,True,True,exploratory warning; cutoff was not prespecified
342858866,5,55,M,Emphysema,3,10,True,False,exploratory warning; cutoff was not prespecified
342858866,5,55,M,Fibrosis,14,10,False,False,exploratory warning; cutoff was not prespecified
342858866,5,55,M,Effusion,14,10,False,False,exploratory warning; cutoff was not prespecified
342858866,5,55,M,Pneumonia,3,10,True,False,exploratory warning; cutoff was not prespecified
342858866,5,55,M,Pleural_Thickening,15,10,False,False,exploratory warning; cutoff was not prespecified
342858866,5,55,M,Cardiomegaly,7,10,True,False,exploratory warning; cutoff was not prespecified
342858866,5,55,M,Nodule,36,10,False,False,exploratory warning; cutoff was not prespecified
342858866,5,55,M,Mass,17,10,False,False,exploratory warning; cutoff was not prespecified
342858866,5,55,M,Hernia,1,10,True,False,exploratory warning; cutoff was not prespecified
342858866,5,60,M,Atelectasis,17,10,False,False,exploratory warning; cutoff was not prespecified
342858866,5,60,M,Consolidation,5,10,True,False,exploratory warning; cutoff was not prespecified
342858866,5,60,M,Infiltration,39,10,False,False,exploratory warning; cutoff was not prespecified
342858866,5,60,M,Pneumothorax,2,10,True,False,exploratory warning; cutoff was not prespecified
342858866,5,60,M,Edema,3,10,True,False,exploratory warning; cutoff was not prespecified
342858866,5,60,M,Emphysema,10,10,False,False,exploratory warning; cutoff was not prespecified
342858866,5,60,M,Fibrosis,10,10,False,False,exploratory warning; cutoff was not prespecified
342858866,5,60,M,Effusion,17,10,False,False,exploratory warning; cutoff was not prespecified
342858866,5,60,M,Pneumonia,1,10,True,False,exploratory warning; cutoff was not prespecified
342858866,5,60,M,Pleural_Thickening,13,10,False,False,exploratory warning; cutoff was not prespecified
342858866,5,60,M,Cardiomegaly,11,10,False,False,exploratory warning; cutoff was not prespecified
342858866,5,60,M,Nodule,25,10,False,False,exploratory warning; cutoff was not prespecified
342858866,5,60,M,Mass,31,10,False,False,exploratory warning; cutoff was not prespecified
342858866,5,60,M,Hernia,2,10,True,False,exploratory warning; cutoff was not prespecified
342858866,5,65,M,Atelectasis,21,10,False,False,exploratory warning; cutoff was not prespecified
342858866,5,65,M,Consolidation,3,10,True,False,exploratory warning; cutoff was not prespecified
342858866,5,65,M,Infiltration,33,10,False,False,exploratory warning; cutoff was not prespecified
342858866,5,65,M,Pneumothorax,2,10,True,False,exploratory warning; cutoff was not prespecified
342858866,5,65,M,Edema,0,10,True,True,exploratory warning; cutoff was not prespecified
342858866,5,65,M,Emphysema,2,10,True,False,exploratory warning; cutoff was not prespecified
342858866,5,65,M,Fibrosis,6,10,True,False,exploratory warning; cutoff was not prespecified
342858866,5,65,M,Effusion,10,10,False,False,exploratory warning; cutoff was not prespecified
342858866,5,65,M,Pneumonia,3,10,True,False,exploratory warning; cutoff was not prespecified
342858866,5,65,M,Pleural_Thickening,12,10,False,False,exploratory warning; cutoff was not prespecified
342858866,5,65,M,Cardiomegaly,8,10,True,False,exploratory warning; cutoff was not prespecified
342858866,5,65,M,Nodule,13,10,False,False,exploratory warning; cutoff was not prespecified
342858866,5,65,M,Mass,12,10,False,False,exploratory warning; cutoff was not prespecified
342858866,5,65,M,Hernia,2,10,True,False,exploratory warning; cutoff was not prespecified
342858866,5,70,M,Atelectasis,12,10,False,False,exploratory warning; cutoff was not prespecified
342858866,5,70,M,Consolidation,3,10,True,False,exploratory warning; cutoff was not prespecified
342858866,5,70,M,Infiltration,22,10,False,False,exploratory warning; cutoff was not prespecified
342858866,5,70,M,Pneumothorax,2,10,True,False,exploratory warning; cutoff was not prespecified
342858866,5,70,M,Edema,0,10,True,True,exploratory warning; cutoff was not prespecified
342858866,5,70,M,Emphysema,1,10,True,False,exploratory warning; cutoff was not prespecified
342858866,5,70,M,Fibrosis,5,10,True,False,exploratory warning; cutoff was not prespecified
342858866,5,70,M,Effusion,8,10,True,False,exploratory warning; cutoff was not prespecified
342858866,5,70,M,Pneumonia,0,10,True,True,exploratory warning; cutoff was not prespecified
342858866,5,70,M,Pleural_Thickening,7,10,True,False,exploratory warning; cutoff was not prespecified
342858866,5,70,M,Cardiomegaly,7,10,True,False,exploratory warning; cutoff was not prespecified
342858866,5,70,M,Nodule,10,10,False,False,exploratory warning; cutoff was not prespecified
342858866,5,70,M,Mass,8,10,True,False,exploratory warning; cutoff was not prespecified
342858866,5,70,M,Hernia,1,10,True,False,exploratory warning; cutoff was not prespecified
342858866,5,75,M,Atelectasis,8,10,True,False,exploratory warning; cutoff was not prespecified
342858866,5,75,M,Consolidation,2,10,True,False,exploratory warning; cutoff was not prespecified
342858866,5,75,M,Infiltration,10,10,False,False,exploratory warning; cutoff was not prespecified
342858866,5,75,M,Pneumothorax,0,10,True,True,exploratory warning; cutoff was not prespecified
342858866,5,75,M,Edema,0,10,True,True,exploratory warning; cutoff was not prespecified
342858866,5,75,M,Emphysema,5,10,True,False,exploratory warning; cutoff was not prespecified
342858866,5,75,M,Fibrosis,4,10,True,False,exploratory warning; cutoff was not prespecified
342858866,5,75,M,Effusion,8,10,True,False,exploratory warning; cutoff was not prespecified
342858866,5,75,M,Pneumonia,1,10,True,False,exploratory warning; cutoff was not prespecified
342858866,5,75,M,Pleural_Thickening,3,10,True,False,exploratory warning; cutoff was not prespecified
342858866,5,75,M,Cardiomegaly,2,10,True,False,exploratory warning; cutoff was not prespecified
342858866,5,75,M,Nodule,7,10,True,False,exploratory warning; cutoff was not prespecified
342858866,5,75,M,Mass,3,10,True,False,exploratory warning; cutoff was not prespecified
342858866,5,75,M,Hernia,0,10,True,True,exploratory warning; cutoff was not prespecified
342858866,5,80,M,Atelectasis,3,10,True,False,exploratory warning; cutoff was not prespecified
342858866,5,80,M,Consolidation,2,10,True,False,exploratory warning; cutoff was not prespecified
342858866,5,80,M,Infiltration,5,10,True,False,exploratory warning; cutoff was not prespecified
342858866,5,80,M,Pneumothorax,0,10,True,True,exploratory warning; cutoff was not prespecified
342858866,5,80,M,Edema,0,10,True,True,exploratory warning; cutoff was not prespecified
342858866,5,80,M,Emphysema,1,10,True,False,exploratory warning; cutoff was not prespecified
342858866,5,80,M,Fibrosis,2,10,True,False,exploratory warning; cutoff was not prespecified
342858866,5,80,M,Effusion,3,10,True,False,exploratory warning; cutoff was not prespecified
342858866,5,80,M,Pneumonia,0,10,True,True,exploratory warning; cutoff was not prespecified
342858866,5,80,M,Pleural_Thickening,1,10,True,False,exploratory warning; cutoff was not prespecified
342858866,5,80,M,Cardiomegaly,3,10,True,False,exploratory warning; cutoff was not prespecified
342858866,5,80,M,Nodule,0,10,True,True,exploratory warning; cutoff was not prespecified
342858866,5,80,M,Mass,4,10,True,False,exploratory warning; cutoff was not prespecified
342858866,5,80,M,Hernia,1,10,True,False,exploratory warning; cutoff was not prespecified
342858866,5,85,M,Atelectasis,2,10,True,False,exploratory warning; cutoff was not prespecified
342858866,5,85,M,Consolidation,0,10,True,True,exploratory warning; cutoff was not prespecified
342858866,5,85,M,Infiltration,2,10,True,False,exploratory warning; cutoff was not prespecified
342858866,5,85,M,Pneumothorax,0,10,True,True,exploratory warning; cutoff was not prespecified
342858866,5,85,M,Edema,0,10,True,True,exploratory warning; cutoff was not prespecified
342858866,5,85,M,Emphysema,0,10,True,True,exploratory warning; cutoff was not prespecified
342858866,5,85,M,Fibrosis,0,10,True,True,exploratory warning; cutoff was not prespecified
342858866,5,85,M,Effusion,1,10,True,False,exploratory warning; cutoff was not prespecified
342858866,5,85,M,Pneumonia,0,10,True,True,exploratory warning; cutoff was not prespecified
342858866,5,85,M,Pleural_Thickening,0,10,True,True,exploratory warning; cutoff was not prespecified
342858866,5,85,M,Cardiomegaly,1,10,True,False,exploratory warning; cutoff was not prespecified
342858866,5,85,M,Nodule,1,10,True,False,exploratory warning; cutoff was not prespecified
342858866,5,85,M,Mass,0,10,True,True,exploratory warning; cutoff was not prespecified
342858866,5,85,M,Hernia,0,10,True,True,exploratory warning; cutoff was not prespecified
342858866,5,90,M,Atelectasis,0,10,True,True,exploratory warning; cutoff was not prespecified
342858866,5,90,M,Consolidation,0,10,True,True,exploratory warning; cutoff was not prespecified
342858866,5,90,M,Infiltration,0,10,True,True,exploratory warning; cutoff was not prespecified
342858866,5,90,M,Pneumothorax,0,10,True,True,exploratory warning; cutoff was not prespecified
342858866,5,90,M,Edema,0,10,True,True,exploratory warning; cutoff was not prespecified
342858866,5,90,M,Emphysema,0,10,True,True,exploratory warning; cutoff was not prespecified
342858866,5,90,M,Fibrosis,0,10,True,True,exploratory warning; cutoff was not prespecified
342858866,5,90,M,Effusion,0,10,True,True,exploratory warning; cutoff was not prespecified
342858866,5,90,M,Pneumonia,0,10,True,True,exploratory warning; cutoff was not prespecified
342858866,5,90,M,Pleural_Thickening,0,10,True,True,exploratory warning; cutoff was not prespecified
342858866,5,90,M,Cardiomegaly,0,10,True,True,exploratory warning; cutoff was not prespecified
342858866,5,90,M,Nodule,0,10,True,True,exploratory warning; cutoff was not prespecified
342858866,5,90,M,Mass,0,10,True,True,exploratory warning; cutoff was not prespecified
342858866,5,90,M,Hernia,0,10,True,True,exploratory warning; cutoff was not prespecified
342858866,10,0,F,Atelectasis,2,10,True,False,exploratory warning; cutoff was not prespecified
342858866,10,0,F,Consolidation,2,10,True,False,exploratory warning; cutoff was not prespecified
342858866,10,0,F,Infiltration,4,10,True,False,exploratory warning; cutoff was not prespecified
342858866,10,0,F,Pneumothorax,1,10,True,False,exploratory warning; cutoff was not prespecified
342858866,10,0,F,Edema,0,10,True,True,exploratory warning; cutoff was not prespecified
342858866,10,0,F,Emphysema,0,10,True,True,exploratory warning; cutoff was not prespecified
342858866,10,0,F,Fibrosis,0,10,True,True,exploratory warning; cutoff was not prespecified
342858866,10,0,F,Effusion,0,10,True,True,exploratory warning; cutoff was not prespecified
342858866,10,0,F,Pneumonia,2,10,True,False,exploratory warning; cutoff was not prespecified
342858866,10,0,F,Pleural_Thickening,0,10,True,True,exploratory warning; cutoff was not prespecified
342858866,10,0,F,Cardiomegaly,1,10,True,False,exploratory warning; cutoff was not prespecified
342858866,10,0,F,Nodule,0,10,True,True,exploratory warning; cutoff was not prespecified
342858866,10,0,F,Mass,1,10,True,False,exploratory warning; cutoff was not prespecified
342858866,10,0,F,Hernia,0,10,True,True,exploratory warning; cutoff was not prespecified
342858866,10,10,F,Atelectasis,4,10,True,False,exploratory warning; cutoff was not prespecified
342858866,10,10,F,Consolidation,3,10,True,False,exploratory warning; cutoff was not prespecified
342858866,10,10,F,Infiltration,14,10,False,False,exploratory warning; cutoff was not prespecified
342858866,10,10,F,Pneumothorax,3,10,True,False,exploratory warning; cutoff was not prespecified
342858866,10,10,F,Edema,1,10,True,False,exploratory warning; cutoff was not prespecified
342858866,10,10,F,Emphysema,1,10,True,False,exploratory warning; cutoff was not prespecified
342858866,10,10,F,Fibrosis,1,10,True,False,exploratory warning; cutoff was not prespecified
342858866,10,10,F,Effusion,2,10,True,False,exploratory warning; cutoff was not prespecified
342858866,10,10,F,Pneumonia,0,10,True,True,exploratory warning; cutoff was not prespecified
342858866,10,10,F,Pleural_Thickening,5,10,True,False,exploratory warning; cutoff was not prespecified
342858866,10,10,F,Cardiomegaly,3,10,True,False,exploratory warning; cutoff was not prespecified
342858866,10,10,F,Nodule,6,10,True,False,exploratory warning; cutoff was not prespecified
342858866,10,10,F,Mass,4,10,True,False,exploratory warning; cutoff was not prespecified
342858866,10,10,F,Hernia,0,10,True,True,exploratory warning; cutoff was not prespecified
342858866,10,20,F,Atelectasis,8,10,True,False,exploratory warning; cutoff was not prespecified
342858866,10,20,F,Consolidation,6,10,True,False,exploratory warning; cutoff was not prespecified
342858866,10,20,F,Infiltration,41,10,False,False,exploratory warning; cutoff was not prespecified
342858866,10,20,F,Pneumothorax,2,10,True,False,exploratory warning; cutoff was not prespecified
342858866,10,20,F,Edema,0,10,True,True,exploratory warning; cutoff was not prespecified
342858866,10,20,F,Emphysema,0,10,True,True,exploratory warning; cutoff was not prespecified
342858866,10,20,F,Fibrosis,4,10,True,False,exploratory warning; cutoff was not prespecified
342858866,10,20,F,Effusion,13,10,False,False,exploratory warning; cutoff was not prespecified
342858866,10,20,F,Pneumonia,1,10,True,False,exploratory warning; cutoff was not prespecified
342858866,10,20,F,Pleural_Thickening,5,10,True,False,exploratory warning; cutoff was not prespecified
342858866,10,20,F,Cardiomegaly,2,10,True,False,exploratory warning; cutoff was not prespecified
342858866,10,20,F,Nodule,16,10,False,False,exploratory warning; cutoff was not prespecified
342858866,10,20,F,Mass,11,10,False,False,exploratory warning; cutoff was not prespecified
342858866,10,20,F,Hernia,1,10,True,False,exploratory warning; cutoff was not prespecified
342858866,10,30,F,Atelectasis,11,10,False,False,exploratory warning; cutoff was not prespecified
342858866,10,30,F,Consolidation,6,10,True,False,exploratory warning; cutoff was not prespecified
342858866,10,30,F,Infiltration,64,10,False,False,exploratory warning; cutoff was not prespecified
342858866,10,30,F,Pneumothorax,3,10,True,False,exploratory warning; cutoff was not prespecified
342858866,10,30,F,Edema,3,10,True,False,exploratory warning; cutoff was not prespecified
342858866,10,30,F,Emphysema,0,10,True,True,exploratory warning; cutoff was not prespecified
342858866,10,30,F,Fibrosis,3,10,True,False,exploratory warning; cutoff was not prespecified
342858866,10,30,F,Effusion,13,10,False,False,exploratory warning; cutoff was not prespecified
342858866,10,30,F,Pneumonia,1,10,True,False,exploratory warning; cutoff was not prespecified
342858866,10,30,F,Pleural_Thickening,6,10,True,False,exploratory warning; cutoff was not prespecified
342858866,10,30,F,Cardiomegaly,11,10,False,False,exploratory warning; cutoff was not prespecified
342858866,10,30,F,Nodule,17,10,False,False,exploratory warning; cutoff was not prespecified
342858866,10,30,F,Mass,11,10,False,False,exploratory warning; cutoff was not prespecified
342858866,10,30,F,Hernia,0,10,True,True,exploratory warning; cutoff was not prespecified
342858866,10,40,F,Atelectasis,25,10,False,False,exploratory warning; cutoff was not prespecified
342858866,10,40,F,Consolidation,10,10,False,False,exploratory warning; cutoff was not prespecified
342858866,10,40,F,Infiltration,69,10,False,False,exploratory warning; cutoff was not prespecified
342858866,10,40,F,Pneumothorax,4,10,True,False,exploratory warning; cutoff was not prespecified
342858866,10,40,F,Edema,3,10,True,False,exploratory warning; cutoff was not prespecified
342858866,10,40,F,Emphysema,2,10,True,False,exploratory warning; cutoff was not prespecified
342858866,10,40,F,Fibrosis,12,10,False,False,exploratory warning; cutoff was not prespecified
342858866,10,40,F,Effusion,25,10,False,False,exploratory warning; cutoff was not prespecified
342858866,10,40,F,Pneumonia,5,10,True,False,exploratory warning; cutoff was not prespecified
342858866,10,40,F,Pleural_Thickening,13,10,False,False,exploratory warning; cutoff was not prespecified
342858866,10,40,F,Cardiomegaly,16,10,False,False,exploratory warning; cutoff was not prespecified
342858866,10,40,F,Nodule,38,10,False,False,exploratory warning; cutoff was not prespecified
342858866,10,40,F,Mass,19,10,False,False,exploratory warning; cutoff was not prespecified
342858866,10,40,F,Hernia,0,10,True,True,exploratory warning; cutoff was not prespecified
342858866,10,50,F,Atelectasis,50,10,False,False,exploratory warning; cutoff was not prespecified
342858866,10,50,F,Consolidation,10,10,False,False,exploratory warning; cutoff was not prespecified
342858866,10,50,F,Infiltration,88,10,False,False,exploratory warning; cutoff was not prespecified
342858866,10,50,F,Pneumothorax,12,10,False,False,exploratory warning; cutoff was not prespecified
342858866,10,50,F,Edema,1,10,True,False,exploratory warning; cutoff was not prespecified
342858866,10,50,F,Emphysema,3,10,True,False,exploratory warning; cutoff was not prespecified
342858866,10,50,F,Fibrosis,13,10,False,False,exploratory warning; cutoff was not prespecified
342858866,10,50,F,Effusion,40,10,False,False,exploratory warning; cutoff was not prespecified
342858866,10,50,F,Pneumonia,3,10,True,False,exploratory warning; cutoff was not prespecified
342858866,10,50,F,Pleural_Thickening,20,10,False,False,exploratory warning; cutoff was not prespecified
342858866,10,50,F,Cardiomegaly,25,10,False,False,exploratory warning; cutoff was not prespecified
342858866,10,50,F,Nodule,44,10,False,False,exploratory warning; cutoff was not prespecified
342858866,10,50,F,Mass,31,10,False,False,exploratory warning; cutoff was not prespecified
342858866,10,50,F,Hernia,5,10,True,False,exploratory warning; cutoff was not prespecified
342858866,10,60,F,Atelectasis,20,10,False,False,exploratory warning; cutoff was not prespecified
342858866,10,60,F,Consolidation,2,10,True,False,exploratory warning; cutoff was not prespecified
342858866,10,60,F,Infiltration,44,10,False,False,exploratory warning; cutoff was not prespecified
342858866,10,60,F,Pneumothorax,2,10,True,False,exploratory warning; cutoff was not prespecified
342858866,10,60,F,Edema,0,10,True,True,exploratory warning; cutoff was not prespecified
342858866,10,60,F,Emphysema,5,10,True,False,exploratory warning; cutoff was not prespecified
342858866,10,60,F,Fibrosis,15,10,False,False,exploratory warning; cutoff was not prespecified
342858866,10,60,F,Effusion,18,10,False,False,exploratory warning; cutoff was not prespecified
342858866,10,60,F,Pneumonia,1,10,True,False,exploratory warning; cutoff was not prespecified
342858866,10,60,F,Pleural_Thickening,11,10,False,False,exploratory warning; cutoff was not prespecified
342858866,10,60,F,Cardiomegaly,11,10,False,False,exploratory warning; cutoff was not prespecified
342858866,10,60,F,Nodule,28,10,False,False,exploratory warning; cutoff was not prespecified
342858866,10,60,F,Mass,19,10,False,False,exploratory warning; cutoff was not prespecified
342858866,10,60,F,Hernia,2,10,True,False,exploratory warning; cutoff was not prespecified
342858866,10,70,F,Atelectasis,12,10,False,False,exploratory warning; cutoff was not prespecified
342858866,10,70,F,Consolidation,2,10,True,False,exploratory warning; cutoff was not prespecified
342858866,10,70,F,Infiltration,20,10,False,False,exploratory warning; cutoff was not prespecified
342858866,10,70,F,Pneumothorax,3,10,True,False,exploratory warning; cutoff was not prespecified
342858866,10,70,F,Edema,1,10,True,False,exploratory warning; cutoff was not prespecified
342858866,10,70,F,Emphysema,6,10,True,False,exploratory warning; cutoff was not prespecified
342858866,10,70,F,Fibrosis,3,10,True,False,exploratory warning; cutoff was not prespecified
342858866,10,70,F,Effusion,9,10,True,False,exploratory warning; cutoff was not prespecified
342858866,10,70,F,Pneumonia,1,10,True,False,exploratory warning; cutoff was not prespecified
342858866,10,70,F,Pleural_Thickening,10,10,False,False,exploratory warning; cutoff was not prespecified
342858866,10,70,F,Cardiomegaly,7,10,True,False,exploratory warning; cutoff was not prespecified
342858866,10,70,F,Nodule,12,10,False,False,exploratory warning; cutoff was not prespecified
342858866,10,70,F,Mass,6,10,True,False,exploratory warning; cutoff was not prespecified
342858866,10,70,F,Hernia,2,10,True,False,exploratory warning; cutoff was not prespecified
342858866,10,80,F,Atelectasis,0,10,True,True,exploratory warning; cutoff was not prespecified
342858866,10,80,F,Consolidation,1,10,True,False,exploratory warning; cutoff was not prespecified
342858866,10,80,F,Infiltration,9,10,True,False,exploratory warning; cutoff was not prespecified
342858866,10,80,F,Pneumothorax,0,10,True,True,exploratory warning; cutoff was not prespecified
342858866,10,80,F,Edema,0,10,True,True,exploratory warning; cutoff was not prespecified
342858866,10,80,F,Emphysema,2,10,True,False,exploratory warning; cutoff was not prespecified
342858866,10,80,F,Fibrosis,3,10,True,False,exploratory warning; cutoff was not prespecified
342858866,10,80,F,Effusion,2,10,True,False,exploratory warning; cutoff was not prespecified
342858866,10,80,F,Pneumonia,0,10,True,True,exploratory warning; cutoff was not prespecified
342858866,10,80,F,Pleural_Thickening,3,10,True,False,exploratory warning; cutoff was not prespecified
342858866,10,80,F,Cardiomegaly,3,10,True,False,exploratory warning; cutoff was not prespecified
342858866,10,80,F,Nodule,2,10,True,False,exploratory warning; cutoff was not prespecified
342858866,10,80,F,Mass,2,10,True,False,exploratory warning; cutoff was not prespecified
342858866,10,80,F,Hernia,0,10,True,True,exploratory warning; cutoff was not prespecified
342858866,10,90,F,Atelectasis,2,10,True,False,exploratory warning; cutoff was not prespecified
342858866,10,90,F,Consolidation,0,10,True,True,exploratory warning; cutoff was not prespecified
342858866,10,90,F,Infiltration,1,10,True,False,exploratory warning; cutoff was not prespecified
342858866,10,90,F,Pneumothorax,0,10,True,True,exploratory warning; cutoff was not prespecified
342858866,10,90,F,Edema,0,10,True,True,exploratory warning; cutoff was not prespecified
342858866,10,90,F,Emphysema,0,10,True,True,exploratory warning; cutoff was not prespecified
342858866,10,90,F,Fibrosis,0,10,True,True,exploratory warning; cutoff was not prespecified
342858866,10,90,F,Effusion,0,10,True,True,exploratory warning; cutoff was not prespecified
342858866,10,90,F,Pneumonia,0,10,True,True,exploratory warning; cutoff was not prespecified
342858866,10,90,F,Pleural_Thickening,1,10,True,False,exploratory warning; cutoff was not prespecified
342858866,10,90,F,Cardiomegaly,0,10,True,True,exploratory warning; cutoff was not prespecified
342858866,10,90,F,Nodule,0,10,True,True,exploratory warning; cutoff was not prespecified
342858866,10,90,F,Mass,0,10,True,True,exploratory warning; cutoff was not prespecified
342858866,10,90,F,Hernia,0,10,True,True,exploratory warning; cutoff was not prespecified
342858866,10,0,M,Atelectasis,5,10,True,False,exploratory warning; cutoff was not prespecified
342858866,10,0,M,Consolidation,2,10,True,False,exploratory warning; cutoff was not prespecified
342858866,10,0,M,Infiltration,10,10,False,False,exploratory warning; cutoff was not prespecified
342858866,10,0,M,Pneumothorax,1,10,True,False,exploratory warning; cutoff was not prespecified
342858866,10,0,M,Edema,0,10,True,True,exploratory warning; cutoff was not prespecified
342858866,10,0,M,Emphysema,0,10,True,True,exploratory warning; cutoff was not prespecified
342858866,10,0,M,Fibrosis,0,10,True,True,exploratory warning; cutoff was not prespecified
342858866,10,0,M,Effusion,0,10,True,True,exploratory warning; cutoff was not prespecified
342858866,10,0,M,Pneumonia,2,10,True,False,exploratory warning; cutoff was not prespecified
342858866,10,0,M,Pleural_Thickening,0,10,True,True,exploratory warning; cutoff was not prespecified
342858866,10,0,M,Cardiomegaly,0,10,True,True,exploratory warning; cutoff was not prespecified
342858866,10,0,M,Nodule,0,10,True,True,exploratory warning; cutoff was not prespecified
342858866,10,0,M,Mass,1,10,True,False,exploratory warning; cutoff was not prespecified
342858866,10,0,M,Hernia,0,10,True,True,exploratory warning; cutoff was not prespecified
342858866,10,10,M,Atelectasis,5,10,True,False,exploratory warning; cutoff was not prespecified
342858866,10,10,M,Consolidation,5,10,True,False,exploratory warning; cutoff was not prespecified
342858866,10,10,M,Infiltration,22,10,False,False,exploratory warning; cutoff was not prespecified
342858866,10,10,M,Pneumothorax,2,10,True,False,exploratory warning; cutoff was not prespecified
342858866,10,10,M,Edema,0,10,True,True,exploratory warning; cutoff was not prespecified
342858866,10,10,M,Emphysema,1,10,True,False,exploratory warning; cutoff was not prespecified
342858866,10,10,M,Fibrosis,2,10,True,False,exploratory warning; cutoff was not prespecified
342858866,10,10,M,Effusion,12,10,False,False,exploratory warning; cutoff was not prespecified
342858866,10,10,M,Pneumonia,1,10,True,False,exploratory warning; cutoff was not prespecified
342858866,10,10,M,Pleural_Thickening,2,10,True,False,exploratory warning; cutoff was not prespecified
342858866,10,10,M,Cardiomegaly,4,10,True,False,exploratory warning; cutoff was not prespecified
342858866,10,10,M,Nodule,4,10,True,False,exploratory warning; cutoff was not prespecified
342858866,10,10,M,Mass,8,10,True,False,exploratory warning; cutoff was not prespecified
342858866,10,10,M,Hernia,0,10,True,True,exploratory warning; cutoff was not prespecified
342858866,10,20,M,Atelectasis,14,10,False,False,exploratory warning; cutoff was not prespecified
342858866,10,20,M,Consolidation,5,10,True,False,exploratory warning; cutoff was not prespecified
342858866,10,20,M,Infiltration,51,10,False,False,exploratory warning; cutoff was not prespecified
342858866,10,20,M,Pneumothorax,2,10,True,False,exploratory warning; cutoff was not prespecified
342858866,10,20,M,Edema,1,10,True,False,exploratory warning; cutoff was not prespecified
342858866,10,20,M,Emphysema,0,10,True,True,exploratory warning; cutoff was not prespecified
342858866,10,20,M,Fibrosis,2,10,True,False,exploratory warning; cutoff was not prespecified
342858866,10,20,M,Effusion,11,10,False,False,exploratory warning; cutoff was not prespecified
342858866,10,20,M,Pneumonia,1,10,True,False,exploratory warning; cutoff was not prespecified
342858866,10,20,M,Pleural_Thickening,4,10,True,False,exploratory warning; cutoff was not prespecified
342858866,10,20,M,Cardiomegaly,4,10,True,False,exploratory warning; cutoff was not prespecified
342858866,10,20,M,Nodule,12,10,False,False,exploratory warning; cutoff was not prespecified
342858866,10,20,M,Mass,13,10,False,False,exploratory warning; cutoff was not prespecified
342858866,10,20,M,Hernia,0,10,True,True,exploratory warning; cutoff was not prespecified
342858866,10,30,M,Atelectasis,18,10,False,False,exploratory warning; cutoff was not prespecified
342858866,10,30,M,Consolidation,5,10,True,False,exploratory warning; cutoff was not prespecified
342858866,10,30,M,Infiltration,38,10,False,False,exploratory warning; cutoff was not prespecified
342858866,10,30,M,Pneumothorax,7,10,True,False,exploratory warning; cutoff was not prespecified
342858866,10,30,M,Edema,1,10,True,False,exploratory warning; cutoff was not prespecified
342858866,10,30,M,Emphysema,1,10,True,False,exploratory warning; cutoff was not prespecified
342858866,10,30,M,Fibrosis,9,10,True,False,exploratory warning; cutoff was not prespecified
342858866,10,30,M,Effusion,16,10,False,False,exploratory warning; cutoff was not prespecified
342858866,10,30,M,Pneumonia,2,10,True,False,exploratory warning; cutoff was not prespecified
342858866,10,30,M,Pleural_Thickening,9,10,True,False,exploratory warning; cutoff was not prespecified
342858866,10,30,M,Cardiomegaly,2,10,True,False,exploratory warning; cutoff was not prespecified
342858866,10,30,M,Nodule,14,10,False,False,exploratory warning; cutoff was not prespecified
342858866,10,30,M,Mass,19,10,False,False,exploratory warning; cutoff was not prespecified
342858866,10,30,M,Hernia,1,10,True,False,exploratory warning; cutoff was not prespecified
342858866,10,40,M,Atelectasis,42,10,False,False,exploratory warning; cutoff was not prespecified
342858866,10,40,M,Consolidation,6,10,True,False,exploratory warning; cutoff was not prespecified
342858866,10,40,M,Infiltration,68,10,False,False,exploratory warning; cutoff was not prespecified
342858866,10,40,M,Pneumothorax,3,10,True,False,exploratory warning; cutoff was not prespecified
342858866,10,40,M,Edema,3,10,True,False,exploratory warning; cutoff was not prespecified
342858866,10,40,M,Emphysema,2,10,True,False,exploratory warning; cutoff was not prespecified
342858866,10,40,M,Fibrosis,9,10,True,False,exploratory warning; cutoff was not prespecified
342858866,10,40,M,Effusion,25,10,False,False,exploratory warning; cutoff was not prespecified
342858866,10,40,M,Pneumonia,3,10,True,False,exploratory warning; cutoff was not prespecified
342858866,10,40,M,Pleural_Thickening,16,10,False,False,exploratory warning; cutoff was not prespecified
342858866,10,40,M,Cardiomegaly,9,10,True,False,exploratory warning; cutoff was not prespecified
342858866,10,40,M,Nodule,44,10,False,False,exploratory warning; cutoff was not prespecified
342858866,10,40,M,Mass,35,10,False,False,exploratory warning; cutoff was not prespecified
342858866,10,40,M,Hernia,0,10,True,True,exploratory warning; cutoff was not prespecified
342858866,10,50,M,Atelectasis,53,10,False,False,exploratory warning; cutoff was not prespecified
342858866,10,50,M,Consolidation,11,10,False,False,exploratory warning; cutoff was not prespecified
342858866,10,50,M,Infiltration,121,10,False,False,exploratory warning; cutoff was not prespecified
342858866,10,50,M,Pneumothorax,2,10,True,False,exploratory warning; cutoff was not prespecified
342858866,10,50,M,Edema,0,10,True,True,exploratory warning; cutoff was not prespecified
342858866,10,50,M,Emphysema,8,10,True,False,exploratory warning; cutoff was not prespecified
342858866,10,50,M,Fibrosis,20,10,False,False,exploratory warning; cutoff was not prespecified
342858866,10,50,M,Effusion,28,10,False,False,exploratory warning; cutoff was not prespecified
342858866,10,50,M,Pneumonia,5,10,True,False,exploratory warning; cutoff was not prespecified
342858866,10,50,M,Pleural_Thickening,29,10,False,False,exploratory warning; cutoff was not prespecified
342858866,10,50,M,Cardiomegaly,13,10,False,False,exploratory warning; cutoff was not prespecified
342858866,10,50,M,Nodule,60,10,False,False,exploratory warning; cutoff was not prespecified
342858866,10,50,M,Mass,30,10,False,False,exploratory warning; cutoff was not prespecified
342858866,10,50,M,Hernia,2,10,True,False,exploratory warning; cutoff was not prespecified
342858866,10,60,M,Atelectasis,38,10,False,False,exploratory warning; cutoff was not prespecified
342858866,10,60,M,Consolidation,8,10,True,False,exploratory warning; cutoff was not prespecified
342858866,10,60,M,Infiltration,72,10,False,False,exploratory warning; cutoff was not prespecified
342858866,10,60,M,Pneumothorax,4,10,True,False,exploratory warning; cutoff was not prespecified
342858866,10,60,M,Edema,3,10,True,False,exploratory warning; cutoff was not prespecified
342858866,10,60,M,Emphysema,12,10,False,False,exploratory warning; cutoff was not prespecified
342858866,10,60,M,Fibrosis,16,10,False,False,exploratory warning; cutoff was not prespecified
342858866,10,60,M,Effusion,27,10,False,False,exploratory warning; cutoff was not prespecified
342858866,10,60,M,Pneumonia,4,10,True,False,exploratory warning; cutoff was not prespecified
342858866,10,60,M,Pleural_Thickening,25,10,False,False,exploratory warning; cutoff was not prespecified
342858866,10,60,M,Cardiomegaly,19,10,False,False,exploratory warning; cutoff was not prespecified
342858866,10,60,M,Nodule,38,10,False,False,exploratory warning; cutoff was not prespecified
342858866,10,60,M,Mass,43,10,False,False,exploratory warning; cutoff was not prespecified
342858866,10,60,M,Hernia,4,10,True,False,exploratory warning; cutoff was not prespecified
342858866,10,70,M,Atelectasis,20,10,False,False,exploratory warning; cutoff was not prespecified
342858866,10,70,M,Consolidation,5,10,True,False,exploratory warning; cutoff was not prespecified
342858866,10,70,M,Infiltration,32,10,False,False,exploratory warning; cutoff was not prespecified
342858866,10,70,M,Pneumothorax,2,10,True,False,exploratory warning; cutoff was not prespecified
342858866,10,70,M,Edema,0,10,True,True,exploratory warning; cutoff was not prespecified
342858866,10,70,M,Emphysema,6,10,True,False,exploratory warning; cutoff was not prespecified
342858866,10,70,M,Fibrosis,9,10,True,False,exploratory warning; cutoff was not prespecified
342858866,10,70,M,Effusion,16,10,False,False,exploratory warning; cutoff was not prespecified
342858866,10,70,M,Pneumonia,1,10,True,False,exploratory warning; cutoff was not prespecified
342858866,10,70,M,Pleural_Thickening,10,10,False,False,exploratory warning; cutoff was not prespecified
342858866,10,70,M,Cardiomegaly,9,10,True,False,exploratory warning; cutoff was not prespecified
342858866,10,70,M,Nodule,17,10,False,False,exploratory warning; cutoff was not prespecified
342858866,10,70,M,Mass,11,10,False,False,exploratory warning; cutoff was not prespecified
342858866,10,70,M,Hernia,1,10,True,False,exploratory warning; cutoff was not prespecified
342858866,10,80,M,Atelectasis,5,10,True,False,exploratory warning; cutoff was not prespecified
342858866,10,80,M,Consolidation,2,10,True,False,exploratory warning; cutoff was not prespecified
342858866,10,80,M,Infiltration,7,10,True,False,exploratory warning; cutoff was not prespecified
342858866,10,80,M,Pneumothorax,0,10,True,True,exploratory warning; cutoff was not prespecified
342858866,10,80,M,Edema,0,10,True,True,exploratory warning; cutoff was not prespecified
342858866,10,80,M,Emphysema,1,10,True,False,exploratory warning; cutoff was not prespecified
342858866,10,80,M,Fibrosis,2,10,True,False,exploratory warning; cutoff was not prespecified
342858866,10,80,M,Effusion,4,10,True,False,exploratory warning; cutoff was not prespecified
342858866,10,80,M,Pneumonia,0,10,True,True,exploratory warning; cutoff was not prespecified
342858866,10,80,M,Pleural_Thickening,1,10,True,False,exploratory warning; cutoff was not prespecified
342858866,10,80,M,Cardiomegaly,4,10,True,False,exploratory warning; cutoff was not prespecified
342858866,10,80,M,Nodule,1,10,True,False,exploratory warning; cutoff was not prespecified
342858866,10,80,M,Mass,4,10,True,False,exploratory warning; cutoff was not prespecified
342858866,10,80,M,Hernia,1,10,True,False,exploratory warning; cutoff was not prespecified
342858866,10,90,M,Atelectasis,0,10,True,True,exploratory warning; cutoff was not prespecified
342858866,10,90,M,Consolidation,0,10,True,True,exploratory warning; cutoff was not prespecified
342858866,10,90,M,Infiltration,0,10,True,True,exploratory warning; cutoff was not prespecified
342858866,10,90,M,Pneumothorax,0,10,True,True,exploratory warning; cutoff was not prespecified
342858866,10,90,M,Edema,0,10,True,True,exploratory warning; cutoff was not prespecified
342858866,10,90,M,Emphysema,0,10,True,True,exploratory warning; cutoff was not prespecified
342858866,10,90,M,Fibrosis,0,10,True,True,exploratory warning; cutoff was not prespecified
342858866,10,90,M,Effusion,0,10,True,True,exploratory warning; cutoff was not prespecified
342858866,10,90,M,Pneumonia,0,10,True,True,exploratory warning; cutoff was not prespecified
342858866,10,90,M,Pleural_Thickening,0,10,True,True,exploratory warning; cutoff was not prespecified
342858866,10,90,M,Cardiomegaly,0,10,True,True,exploratory warning; cutoff was not prespecified
342858866,10,90,M,Nodule,0,10,True,True,exploratory warning; cutoff was not prespecified
342858866,10,90,M,Mass,0,10,True,True,exploratory warning; cutoff was not prespecified
342858866,10,90,M,Hernia,0,10,True,True,exploratory warning; cutoff was not prespecified
1591287646,5,0,F,Atelectasis,0,10,True,True,exploratory warning; cutoff was not prespecified
1591287646,5,0,F,Consolidation,1,10,True,False,exploratory warning; cutoff was not prespecified
1591287646,5,0,F,Infiltration,2,10,True,False,exploratory warning; cutoff was not prespecified
1591287646,5,0,F,Pneumothorax,0,10,True,True,exploratory warning; cutoff was not prespecified
1591287646,5,0,F,Edema,1,10,True,False,exploratory warning; cutoff was not prespecified
1591287646,5,0,F,Emphysema,0,10,True,True,exploratory warning; cutoff was not prespecified
1591287646,5,0,F,Fibrosis,0,10,True,True,exploratory warning; cutoff was not prespecified
1591287646,5,0,F,Effusion,0,10,True,True,exploratory warning; cutoff was not prespecified
1591287646,5,0,F,Pneumonia,0,10,True,True,exploratory warning; cutoff was not prespecified
1591287646,5,0,F,Pleural_Thickening,0,10,True,True,exploratory warning; cutoff was not prespecified
1591287646,5,0,F,Cardiomegaly,0,10,True,True,exploratory warning; cutoff was not prespecified
1591287646,5,0,F,Nodule,0,10,True,True,exploratory warning; cutoff was not prespecified
1591287646,5,0,F,Mass,0,10,True,True,exploratory warning; cutoff was not prespecified
1591287646,5,0,F,Hernia,0,10,True,True,exploratory warning; cutoff was not prespecified
1591287646,5,5,F,Atelectasis,1,10,True,False,exploratory warning; cutoff was not prespecified
1591287646,5,5,F,Consolidation,1,10,True,False,exploratory warning; cutoff was not prespecified
1591287646,5,5,F,Infiltration,2,10,True,False,exploratory warning; cutoff was not prespecified
1591287646,5,5,F,Pneumothorax,1,10,True,False,exploratory warning; cutoff was not prespecified
1591287646,5,5,F,Edema,0,10,True,True,exploratory warning; cutoff was not prespecified
1591287646,5,5,F,Emphysema,0,10,True,True,exploratory warning; cutoff was not prespecified
1591287646,5,5,F,Fibrosis,0,10,True,True,exploratory warning; cutoff was not prespecified
1591287646,5,5,F,Effusion,0,10,True,True,exploratory warning; cutoff was not prespecified
1591287646,5,5,F,Pneumonia,1,10,True,False,exploratory warning; cutoff was not prespecified
1591287646,5,5,F,Pleural_Thickening,0,10,True,True,exploratory warning; cutoff was not prespecified
1591287646,5,5,F,Cardiomegaly,0,10,True,True,exploratory warning; cutoff was not prespecified
1591287646,5,5,F,Nodule,0,10,True,True,exploratory warning; cutoff was not prespecified
1591287646,5,5,F,Mass,0,10,True,True,exploratory warning; cutoff was not prespecified
1591287646,5,5,F,Hernia,0,10,True,True,exploratory warning; cutoff was not prespecified
1591287646,5,10,F,Atelectasis,0,10,True,True,exploratory warning; cutoff was not prespecified
1591287646,5,10,F,Consolidation,0,10,True,True,exploratory warning; cutoff was not prespecified
1591287646,5,10,F,Infiltration,6,10,True,False,exploratory warning; cutoff was not prespecified
1591287646,5,10,F,Pneumothorax,1,10,True,False,exploratory warning; cutoff was not prespecified
1591287646,5,10,F,Edema,0,10,True,True,exploratory warning; cutoff was not prespecified
1591287646,5,10,F,Emphysema,0,10,True,True,exploratory warning; cutoff was not prespecified
1591287646,5,10,F,Fibrosis,0,10,True,True,exploratory warning; cutoff was not prespecified
1591287646,5,10,F,Effusion,1,10,True,False,exploratory warning; cutoff was not prespecified
1591287646,5,10,F,Pneumonia,0,10,True,True,exploratory warning; cutoff was not prespecified
1591287646,5,10,F,Pleural_Thickening,1,10,True,False,exploratory warning; cutoff was not prespecified
1591287646,5,10,F,Cardiomegaly,2,10,True,False,exploratory warning; cutoff was not prespecified
1591287646,5,10,F,Nodule,0,10,True,True,exploratory warning; cutoff was not prespecified
1591287646,5,10,F,Mass,3,10,True,False,exploratory warning; cutoff was not prespecified
1591287646,5,10,F,Hernia,0,10,True,True,exploratory warning; cutoff was not prespecified
1591287646,5,15,F,Atelectasis,4,10,True,False,exploratory warning; cutoff was not prespecified
1591287646,5,15,F,Consolidation,1,10,True,False,exploratory warning; cutoff was not prespecified
1591287646,5,15,F,Infiltration,4,10,True,False,exploratory warning; cutoff was not prespecified
1591287646,5,15,F,Pneumothorax,0,10,True,True,exploratory warning; cutoff was not prespecified
1591287646,5,15,F,Edema,0,10,True,True,exploratory warning; cutoff was not prespecified
1591287646,5,15,F,Emphysema,0,10,True,True,exploratory warning; cutoff was not prespecified
1591287646,5,15,F,Fibrosis,0,10,True,True,exploratory warning; cutoff was not prespecified
1591287646,5,15,F,Effusion,4,10,True,False,exploratory warning; cutoff was not prespecified
1591287646,5,15,F,Pneumonia,1,10,True,False,exploratory warning; cutoff was not prespecified
1591287646,5,15,F,Pleural_Thickening,1,10,True,False,exploratory warning; cutoff was not prespecified
1591287646,5,15,F,Cardiomegaly,1,10,True,False,exploratory warning; cutoff was not prespecified
1591287646,5,15,F,Nodule,0,10,True,True,exploratory warning; cutoff was not prespecified
1591287646,5,15,F,Mass,3,10,True,False,exploratory warning; cutoff was not prespecified
1591287646,5,15,F,Hernia,0,10,True,True,exploratory warning; cutoff was not prespecified
1591287646,5,20,F,Atelectasis,4,10,True,False,exploratory warning; cutoff was not prespecified
1591287646,5,20,F,Consolidation,2,10,True,False,exploratory warning; cutoff was not prespecified
1591287646,5,20,F,Infiltration,17,10,False,False,exploratory warning; cutoff was not prespecified
1591287646,5,20,F,Pneumothorax,4,10,True,False,exploratory warning; cutoff was not prespecified
1591287646,5,20,F,Edema,0,10,True,True,exploratory warning; cutoff was not prespecified
1591287646,5,20,F,Emphysema,2,10,True,False,exploratory warning; cutoff was not prespecified
1591287646,5,20,F,Fibrosis,0,10,True,True,exploratory warning; cutoff was not prespecified
1591287646,5,20,F,Effusion,4,10,True,False,exploratory warning; cutoff was not prespecified
1591287646,5,20,F,Pneumonia,2,10,True,False,exploratory warning; cutoff was not prespecified
1591287646,5,20,F,Pleural_Thickening,2,10,True,False,exploratory warning; cutoff was not prespecified
1591287646,5,20,F,Cardiomegaly,1,10,True,False,exploratory warning; cutoff was not prespecified
1591287646,5,20,F,Nodule,9,10,True,False,exploratory warning; cutoff was not prespecified
1591287646,5,20,F,Mass,3,10,True,False,exploratory warning; cutoff was not prespecified
1591287646,5,20,F,Hernia,0,10,True,True,exploratory warning; cutoff was not prespecified
1591287646,5,25,F,Atelectasis,5,10,True,False,exploratory warning; cutoff was not prespecified
1591287646,5,25,F,Consolidation,3,10,True,False,exploratory warning; cutoff was not prespecified
1591287646,5,25,F,Infiltration,23,10,False,False,exploratory warning; cutoff was not prespecified
1591287646,5,25,F,Pneumothorax,0,10,True,True,exploratory warning; cutoff was not prespecified
1591287646,5,25,F,Edema,1,10,True,False,exploratory warning; cutoff was not prespecified
1591287646,5,25,F,Emphysema,0,10,True,True,exploratory warning; cutoff was not prespecified
1591287646,5,25,F,Fibrosis,0,10,True,True,exploratory warning; cutoff was not prespecified
1591287646,5,25,F,Effusion,9,10,True,False,exploratory warning; cutoff was not prespecified
1591287646,5,25,F,Pneumonia,0,10,True,True,exploratory warning; cutoff was not prespecified
1591287646,5,25,F,Pleural_Thickening,3,10,True,False,exploratory warning; cutoff was not prespecified
1591287646,5,25,F,Cardiomegaly,5,10,True,False,exploratory warning; cutoff was not prespecified
1591287646,5,25,F,Nodule,9,10,True,False,exploratory warning; cutoff was not prespecified
1591287646,5,25,F,Mass,8,10,True,False,exploratory warning; cutoff was not prespecified
1591287646,5,25,F,Hernia,0,10,True,True,exploratory warning; cutoff was not prespecified
1591287646,5,30,F,Atelectasis,4,10,True,False,exploratory warning; cutoff was not prespecified
1591287646,5,30,F,Consolidation,0,10,True,True,exploratory warning; cutoff was not prespecified
1591287646,5,30,F,Infiltration,20,10,False,False,exploratory warning; cutoff was not prespecified
1591287646,5,30,F,Pneumothorax,3,10,True,False,exploratory warning; cutoff was not prespecified
1591287646,5,30,F,Edema,0,10,True,True,exploratory warning; cutoff was not prespecified
1591287646,5,30,F,Emphysema,0,10,True,True,exploratory warning; cutoff was not prespecified
1591287646,5,30,F,Fibrosis,2,10,True,False,exploratory warning; cutoff was not prespecified
1591287646,5,30,F,Effusion,5,10,True,False,exploratory warning; cutoff was not prespecified
1591287646,5,30,F,Pneumonia,1,10,True,False,exploratory warning; cutoff was not prespecified
1591287646,5,30,F,Pleural_Thickening,2,10,True,False,exploratory warning; cutoff was not prespecified
1591287646,5,30,F,Cardiomegaly,7,10,True,False,exploratory warning; cutoff was not prespecified
1591287646,5,30,F,Nodule,7,10,True,False,exploratory warning; cutoff was not prespecified
1591287646,5,30,F,Mass,2,10,True,False,exploratory warning; cutoff was not prespecified
1591287646,5,30,F,Hernia,0,10,True,True,exploratory warning; cutoff was not prespecified
1591287646,5,35,F,Atelectasis,10,10,False,False,exploratory warning; cutoff was not prespecified
1591287646,5,35,F,Consolidation,1,10,True,False,exploratory warning; cutoff was not prespecified
1591287646,5,35,F,Infiltration,23,10,False,False,exploratory warning; cutoff was not prespecified
1591287646,5,35,F,Pneumothorax,2,10,True,False,exploratory warning; cutoff was not prespecified
1591287646,5,35,F,Edema,1,10,True,False,exploratory warning; cutoff was not prespecified
1591287646,5,35,F,Emphysema,1,10,True,False,exploratory warning; cutoff was not prespecified
1591287646,5,35,F,Fibrosis,1,10,True,False,exploratory warning; cutoff was not prespecified
1591287646,5,35,F,Effusion,7,10,True,False,exploratory warning; cutoff was not prespecified
1591287646,5,35,F,Pneumonia,0,10,True,True,exploratory warning; cutoff was not prespecified
1591287646,5,35,F,Pleural_Thickening,6,10,True,False,exploratory warning; cutoff was not prespecified
1591287646,5,35,F,Cardiomegaly,8,10,True,False,exploratory warning; cutoff was not prespecified
1591287646,5,35,F,Nodule,10,10,False,False,exploratory warning; cutoff was not prespecified
1591287646,5,35,F,Mass,4,10,True,False,exploratory warning; cutoff was not prespecified
1591287646,5,35,F,Hernia,0,10,True,True,exploratory warning; cutoff was not prespecified
1591287646,5,40,F,Atelectasis,5,10,True,False,exploratory warning; cutoff was not prespecified
1591287646,5,40,F,Consolidation,6,10,True,False,exploratory warning; cutoff was not prespecified
1591287646,5,40,F,Infiltration,25,10,False,False,exploratory warning; cutoff was not prespecified
1591287646,5,40,F,Pneumothorax,7,10,True,False,exploratory warning; cutoff was not prespecified
1591287646,5,40,F,Edema,0,10,True,True,exploratory warning; cutoff was not prespecified
1591287646,5,40,F,Emphysema,2,10,True,False,exploratory warning; cutoff was not prespecified
1591287646,5,40,F,Fibrosis,6,10,True,False,exploratory warning; cutoff was not prespecified
1591287646,5,40,F,Effusion,10,10,False,False,exploratory warning; cutoff was not prespecified
1591287646,5,40,F,Pneumonia,0,10,True,True,exploratory warning; cutoff was not prespecified
1591287646,5,40,F,Pleural_Thickening,5,10,True,False,exploratory warning; cutoff was not prespecified
1591287646,5,40,F,Cardiomegaly,10,10,False,False,exploratory warning; cutoff was not prespecified
1591287646,5,40,F,Nodule,19,10,False,False,exploratory warning; cutoff was not prespecified
1591287646,5,40,F,Mass,9,10,True,False,exploratory warning; cutoff was not prespecified
1591287646,5,40,F,Hernia,0,10,True,True,exploratory warning; cutoff was not prespecified
1591287646,5,45,F,Atelectasis,15,10,False,False,exploratory warning; cutoff was not prespecified
1591287646,5,45,F,Consolidation,4,10,True,False,exploratory warning; cutoff was not prespecified
1591287646,5,45,F,Infiltration,40,10,False,False,exploratory warning; cutoff was not prespecified
1591287646,5,45,F,Pneumothorax,4,10,True,False,exploratory warning; cutoff was not prespecified
1591287646,5,45,F,Edema,1,10,True,False,exploratory warning; cutoff was not prespecified
1591287646,5,45,F,Emphysema,1,10,True,False,exploratory warning; cutoff was not prespecified
1591287646,5,45,F,Fibrosis,7,10,True,False,exploratory warning; cutoff was not prespecified
1591287646,5,45,F,Effusion,13,10,False,False,exploratory warning; cutoff was not prespecified
1591287646,5,45,F,Pneumonia,2,10,True,False,exploratory warning; cutoff was not prespecified
1591287646,5,45,F,Pleural_Thickening,11,10,False,False,exploratory warning; cutoff was not prespecified
1591287646,5,45,F,Cardiomegaly,10,10,False,False,exploratory warning; cutoff was not prespecified
1591287646,5,45,F,Nodule,19,10,False,False,exploratory warning; cutoff was not prespecified
1591287646,5,45,F,Mass,16,10,False,False,exploratory warning; cutoff was not prespecified
1591287646,5,45,F,Hernia,2,10,True,False,exploratory warning; cutoff was not prespecified
1591287646,5,50,F,Atelectasis,20,10,False,False,exploratory warning; cutoff was not prespecified
1591287646,5,50,F,Consolidation,6,10,True,False,exploratory warning; cutoff was not prespecified
1591287646,5,50,F,Infiltration,40,10,False,False,exploratory warning; cutoff was not prespecified
1591287646,5,50,F,Pneumothorax,4,10,True,False,exploratory warning; cutoff was not prespecified
1591287646,5,50,F,Edema,2,10,True,False,exploratory warning; cutoff was not prespecified
1591287646,5,50,F,Emphysema,2,10,True,False,exploratory warning; cutoff was not prespecified
1591287646,5,50,F,Fibrosis,10,10,False,False,exploratory warning; cutoff was not prespecified
1591287646,5,50,F,Effusion,16,10,False,False,exploratory warning; cutoff was not prespecified
1591287646,5,50,F,Pneumonia,0,10,True,True,exploratory warning; cutoff was not prespecified
1591287646,5,50,F,Pleural_Thickening,7,10,True,False,exploratory warning; cutoff was not prespecified
1591287646,5,50,F,Cardiomegaly,14,10,False,False,exploratory warning; cutoff was not prespecified
1591287646,5,50,F,Nodule,27,10,False,False,exploratory warning; cutoff was not prespecified
1591287646,5,50,F,Mass,13,10,False,False,exploratory warning; cutoff was not prespecified
1591287646,5,50,F,Hernia,0,10,True,True,exploratory warning; cutoff was not prespecified
1591287646,5,55,F,Atelectasis,15,10,False,False,exploratory warning; cutoff was not prespecified
1591287646,5,55,F,Consolidation,6,10,True,False,exploratory warning; cutoff was not prespecified
1591287646,5,55,F,Infiltration,34,10,False,False,exploratory warning; cutoff was not prespecified
1591287646,5,55,F,Pneumothorax,2,10,True,False,exploratory warning; cutoff was not prespecified
1591287646,5,55,F,Edema,0,10,True,True,exploratory warning; cutoff was not prespecified
1591287646,5,55,F,Emphysema,3,10,True,False,exploratory warning; cutoff was not prespecified
1591287646,5,55,F,Fibrosis,5,10,True,False,exploratory warning; cutoff was not prespecified
1591287646,5,55,F,Effusion,14,10,False,False,exploratory warning; cutoff was not prespecified
1591287646,5,55,F,Pneumonia,1,10,True,False,exploratory warning; cutoff was not prespecified
1591287646,5,55,F,Pleural_Thickening,16,10,False,False,exploratory warning; cutoff was not prespecified
1591287646,5,55,F,Cardiomegaly,14,10,False,False,exploratory warning; cutoff was not prespecified
1591287646,5,55,F,Nodule,25,10,False,False,exploratory warning; cutoff was not prespecified
1591287646,5,55,F,Mass,19,10,False,False,exploratory warning; cutoff was not prespecified
1591287646,5,55,F,Hernia,4,10,True,False,exploratory warning; cutoff was not prespecified
1591287646,5,60,F,Atelectasis,14,10,False,False,exploratory warning; cutoff was not prespecified
1591287646,5,60,F,Consolidation,6,10,True,False,exploratory warning; cutoff was not prespecified
1591287646,5,60,F,Infiltration,32,10,False,False,exploratory warning; cutoff was not prespecified
1591287646,5,60,F,Pneumothorax,2,10,True,False,exploratory warning; cutoff was not prespecified
1591287646,5,60,F,Edema,1,10,True,False,exploratory warning; cutoff was not prespecified
1591287646,5,60,F,Emphysema,2,10,True,False,exploratory warning; cutoff was not prespecified
1591287646,5,60,F,Fibrosis,4,10,True,False,exploratory warning; cutoff was not prespecified
1591287646,5,60,F,Effusion,16,10,False,False,exploratory warning; cutoff was not prespecified
1591287646,5,60,F,Pneumonia,0,10,True,True,exploratory warning; cutoff was not prespecified
1591287646,5,60,F,Pleural_Thickening,5,10,True,False,exploratory warning; cutoff was not prespecified
1591287646,5,60,F,Cardiomegaly,10,10,False,False,exploratory warning; cutoff was not prespecified
1591287646,5,60,F,Nodule,17,10,False,False,exploratory warning; cutoff was not prespecified
1591287646,5,60,F,Mass,10,10,False,False,exploratory warning; cutoff was not prespecified
1591287646,5,60,F,Hernia,0,10,True,True,exploratory warning; cutoff was not prespecified
1591287646,5,65,F,Atelectasis,14,10,False,False,exploratory warning; cutoff was not prespecified
1591287646,5,65,F,Consolidation,2,10,True,False,exploratory warning; cutoff was not prespecified
1591287646,5,65,F,Infiltration,15,10,False,False,exploratory warning; cutoff was not prespecified
1591287646,5,65,F,Pneumothorax,2,10,True,False,exploratory warning; cutoff was not prespecified
1591287646,5,65,F,Edema,1,10,True,False,exploratory warning; cutoff was not prespecified
1591287646,5,65,F,Emphysema,1,10,True,False,exploratory warning; cutoff was not prespecified
1591287646,5,65,F,Fibrosis,3,10,True,False,exploratory warning; cutoff was not prespecified
1591287646,5,65,F,Effusion,10,10,False,False,exploratory warning; cutoff was not prespecified
1591287646,5,65,F,Pneumonia,0,10,True,True,exploratory warning; cutoff was not prespecified
1591287646,5,65,F,Pleural_Thickening,6,10,True,False,exploratory warning; cutoff was not prespecified
1591287646,5,65,F,Cardiomegaly,7,10,True,False,exploratory warning; cutoff was not prespecified
1591287646,5,65,F,Nodule,15,10,False,False,exploratory warning; cutoff was not prespecified
1591287646,5,65,F,Mass,8,10,True,False,exploratory warning; cutoff was not prespecified
1591287646,5,65,F,Hernia,0,10,True,True,exploratory warning; cutoff was not prespecified
1591287646,5,70,F,Atelectasis,10,10,False,False,exploratory warning; cutoff was not prespecified
1591287646,5,70,F,Consolidation,2,10,True,False,exploratory warning; cutoff was not prespecified
1591287646,5,70,F,Infiltration,7,10,True,False,exploratory warning; cutoff was not prespecified
1591287646,5,70,F,Pneumothorax,0,10,True,True,exploratory warning; cutoff was not prespecified
1591287646,5,70,F,Edema,1,10,True,False,exploratory warning; cutoff was not prespecified
1591287646,5,70,F,Emphysema,2,10,True,False,exploratory warning; cutoff was not prespecified
1591287646,5,70,F,Fibrosis,3,10,True,False,exploratory warning; cutoff was not prespecified
1591287646,5,70,F,Effusion,5,10,True,False,exploratory warning; cutoff was not prespecified
1591287646,5,70,F,Pneumonia,2,10,True,False,exploratory warning; cutoff was not prespecified
1591287646,5,70,F,Pleural_Thickening,3,10,True,False,exploratory warning; cutoff was not prespecified
1591287646,5,70,F,Cardiomegaly,5,10,True,False,exploratory warning; cutoff was not prespecified
1591287646,5,70,F,Nodule,4,10,True,False,exploratory warning; cutoff was not prespecified
1591287646,5,70,F,Mass,4,10,True,False,exploratory warning; cutoff was not prespecified
1591287646,5,70,F,Hernia,1,10,True,False,exploratory warning; cutoff was not prespecified
1591287646,5,75,F,Atelectasis,6,10,True,False,exploratory warning; cutoff was not prespecified
1591287646,5,75,F,Consolidation,1,10,True,False,exploratory warning; cutoff was not prespecified
1591287646,5,75,F,Infiltration,8,10,True,False,exploratory warning; cutoff was not prespecified
1591287646,5,75,F,Pneumothorax,0,10,True,True,exploratory warning; cutoff was not prespecified
1591287646,5,75,F,Edema,0,10,True,True,exploratory warning; cutoff was not prespecified
1591287646,5,75,F,Emphysema,2,10,True,False,exploratory warning; cutoff was not prespecified
1591287646,5,75,F,Fibrosis,1,10,True,False,exploratory warning; cutoff was not prespecified
1591287646,5,75,F,Effusion,3,10,True,False,exploratory warning; cutoff was not prespecified
1591287646,5,75,F,Pneumonia,1,10,True,False,exploratory warning; cutoff was not prespecified
1591287646,5,75,F,Pleural_Thickening,5,10,True,False,exploratory warning; cutoff was not prespecified
1591287646,5,75,F,Cardiomegaly,6,10,True,False,exploratory warning; cutoff was not prespecified
1591287646,5,75,F,Nodule,5,10,True,False,exploratory warning; cutoff was not prespecified
1591287646,5,75,F,Mass,5,10,True,False,exploratory warning; cutoff was not prespecified
1591287646,5,75,F,Hernia,0,10,True,True,exploratory warning; cutoff was not prespecified
1591287646,5,80,F,Atelectasis,0,10,True,True,exploratory warning; cutoff was not prespecified
1591287646,5,80,F,Consolidation,0,10,True,True,exploratory warning; cutoff was not prespecified
1591287646,5,80,F,Infiltration,4,10,True,False,exploratory warning; cutoff was not prespecified
1591287646,5,80,F,Pneumothorax,0,10,True,True,exploratory warning; cutoff was not prespecified
1591287646,5,80,F,Edema,0,10,True,True,exploratory warning; cutoff was not prespecified
1591287646,5,80,F,Emphysema,2,10,True,False,exploratory warning; cutoff was not prespecified
1591287646,5,80,F,Fibrosis,1,10,True,False,exploratory warning; cutoff was not prespecified
1591287646,5,80,F,Effusion,1,10,True,False,exploratory warning; cutoff was not prespecified
1591287646,5,80,F,Pneumonia,0,10,True,True,exploratory warning; cutoff was not prespecified
1591287646,5,80,F,Pleural_Thickening,1,10,True,False,exploratory warning; cutoff was not prespecified
1591287646,5,80,F,Cardiomegaly,1,10,True,False,exploratory warning; cutoff was not prespecified
1591287646,5,80,F,Nodule,1,10,True,False,exploratory warning; cutoff was not prespecified
1591287646,5,80,F,Mass,1,10,True,False,exploratory warning; cutoff was not prespecified
1591287646,5,80,F,Hernia,2,10,True,False,exploratory warning; cutoff was not prespecified
1591287646,5,85,F,Atelectasis,1,10,True,False,exploratory warning; cutoff was not prespecified
1591287646,5,85,F,Consolidation,0,10,True,True,exploratory warning; cutoff was not prespecified
1591287646,5,85,F,Infiltration,1,10,True,False,exploratory warning; cutoff was not prespecified
1591287646,5,85,F,Pneumothorax,0,10,True,True,exploratory warning; cutoff was not prespecified
1591287646,5,85,F,Edema,0,10,True,True,exploratory warning; cutoff was not prespecified
1591287646,5,85,F,Emphysema,0,10,True,True,exploratory warning; cutoff was not prespecified
1591287646,5,85,F,Fibrosis,0,10,True,True,exploratory warning; cutoff was not prespecified
1591287646,5,85,F,Effusion,1,10,True,False,exploratory warning; cutoff was not prespecified
1591287646,5,85,F,Pneumonia,0,10,True,True,exploratory warning; cutoff was not prespecified
1591287646,5,85,F,Pleural_Thickening,0,10,True,True,exploratory warning; cutoff was not prespecified
1591287646,5,85,F,Cardiomegaly,1,10,True,False,exploratory warning; cutoff was not prespecified
1591287646,5,85,F,Nodule,0,10,True,True,exploratory warning; cutoff was not prespecified
1591287646,5,85,F,Mass,0,10,True,True,exploratory warning; cutoff was not prespecified
1591287646,5,85,F,Hernia,0,10,True,True,exploratory warning; cutoff was not prespecified
1591287646,5,90,F,Atelectasis,0,10,True,True,exploratory warning; cutoff was not prespecified
1591287646,5,90,F,Consolidation,0,10,True,True,exploratory warning; cutoff was not prespecified
1591287646,5,90,F,Infiltration,0,10,True,True,exploratory warning; cutoff was not prespecified
1591287646,5,90,F,Pneumothorax,0,10,True,True,exploratory warning; cutoff was not prespecified
1591287646,5,90,F,Edema,0,10,True,True,exploratory warning; cutoff was not prespecified
1591287646,5,90,F,Emphysema,0,10,True,True,exploratory warning; cutoff was not prespecified
1591287646,5,90,F,Fibrosis,0,10,True,True,exploratory warning; cutoff was not prespecified
1591287646,5,90,F,Effusion,0,10,True,True,exploratory warning; cutoff was not prespecified
1591287646,5,90,F,Pneumonia,0,10,True,True,exploratory warning; cutoff was not prespecified
1591287646,5,90,F,Pleural_Thickening,0,10,True,True,exploratory warning; cutoff was not prespecified
1591287646,5,90,F,Cardiomegaly,1,10,True,False,exploratory warning; cutoff was not prespecified
1591287646,5,90,F,Nodule,0,10,True,True,exploratory warning; cutoff was not prespecified
1591287646,5,90,F,Mass,0,10,True,True,exploratory warning; cutoff was not prespecified
1591287646,5,90,F,Hernia,0,10,True,True,exploratory warning; cutoff was not prespecified
1591287646,5,0,M,Atelectasis,1,10,True,False,exploratory warning; cutoff was not prespecified
1591287646,5,0,M,Consolidation,0,10,True,True,exploratory warning; cutoff was not prespecified
1591287646,5,0,M,Infiltration,5,10,True,False,exploratory warning; cutoff was not prespecified
1591287646,5,0,M,Pneumothorax,0,10,True,True,exploratory warning; cutoff was not prespecified
1591287646,5,0,M,Edema,0,10,True,True,exploratory warning; cutoff was not prespecified
1591287646,5,0,M,Emphysema,0,10,True,True,exploratory warning; cutoff was not prespecified
1591287646,5,0,M,Fibrosis,0,10,True,True,exploratory warning; cutoff was not prespecified
1591287646,5,0,M,Effusion,1,10,True,False,exploratory warning; cutoff was not prespecified
1591287646,5,0,M,Pneumonia,0,10,True,True,exploratory warning; cutoff was not prespecified
1591287646,5,0,M,Pleural_Thickening,0,10,True,True,exploratory warning; cutoff was not prespecified
1591287646,5,0,M,Cardiomegaly,1,10,True,False,exploratory warning; cutoff was not prespecified
1591287646,5,0,M,Nodule,0,10,True,True,exploratory warning; cutoff was not prespecified
1591287646,5,0,M,Mass,0,10,True,True,exploratory warning; cutoff was not prespecified
1591287646,5,0,M,Hernia,0,10,True,True,exploratory warning; cutoff was not prespecified
1591287646,5,5,M,Atelectasis,2,10,True,False,exploratory warning; cutoff was not prespecified
1591287646,5,5,M,Consolidation,2,10,True,False,exploratory warning; cutoff was not prespecified
1591287646,5,5,M,Infiltration,9,10,True,False,exploratory warning; cutoff was not prespecified
1591287646,5,5,M,Pneumothorax,1,10,True,False,exploratory warning; cutoff was not prespecified
1591287646,5,5,M,Edema,2,10,True,False,exploratory warning; cutoff was not prespecified
1591287646,5,5,M,Emphysema,0,10,True,True,exploratory warning; cutoff was not prespecified
1591287646,5,5,M,Fibrosis,1,10,True,False,exploratory warning; cutoff was not prespecified
1591287646,5,5,M,Effusion,2,10,True,False,exploratory warning; cutoff was not prespecified
1591287646,5,5,M,Pneumonia,2,10,True,False,exploratory warning; cutoff was not prespecified
1591287646,5,5,M,Pleural_Thickening,0,10,True,True,exploratory warning; cutoff was not prespecified
1591287646,5,5,M,Cardiomegaly,0,10,True,True,exploratory warning; cutoff was not prespecified
1591287646,5,5,M,Nodule,1,10,True,False,exploratory warning; cutoff was not prespecified
1591287646,5,5,M,Mass,1,10,True,False,exploratory warning; cutoff was not prespecified
1591287646,5,5,M,Hernia,0,10,True,True,exploratory warning; cutoff was not prespecified
1591287646,5,10,M,Atelectasis,1,10,True,False,exploratory warning; cutoff was not prespecified
1591287646,5,10,M,Consolidation,2,10,True,False,exploratory warning; cutoff was not prespecified
1591287646,5,10,M,Infiltration,8,10,True,False,exploratory warning; cutoff was not prespecified
1591287646,5,10,M,Pneumothorax,3,10,True,False,exploratory warning; cutoff was not prespecified
1591287646,5,10,M,Edema,1,10,True,False,exploratory warning; cutoff was not prespecified
1591287646,5,10,M,Emphysema,0,10,True,True,exploratory warning; cutoff was not prespecified
1591287646,5,10,M,Fibrosis,0,10,True,True,exploratory warning; cutoff was not prespecified
1591287646,5,10,M,Effusion,3,10,True,False,exploratory warning; cutoff was not prespecified
1591287646,5,10,M,Pneumonia,1,10,True,False,exploratory warning; cutoff was not prespecified
1591287646,5,10,M,Pleural_Thickening,1,10,True,False,exploratory warning; cutoff was not prespecified
1591287646,5,10,M,Cardiomegaly,1,10,True,False,exploratory warning; cutoff was not prespecified
1591287646,5,10,M,Nodule,1,10,True,False,exploratory warning; cutoff was not prespecified
1591287646,5,10,M,Mass,3,10,True,False,exploratory warning; cutoff was not prespecified
1591287646,5,10,M,Hernia,0,10,True,True,exploratory warning; cutoff was not prespecified
1591287646,5,15,M,Atelectasis,4,10,True,False,exploratory warning; cutoff was not prespecified
1591287646,5,15,M,Consolidation,2,10,True,False,exploratory warning; cutoff was not prespecified
1591287646,5,15,M,Infiltration,9,10,True,False,exploratory warning; cutoff was not prespecified
1591287646,5,15,M,Pneumothorax,1,10,True,False,exploratory warning; cutoff was not prespecified
1591287646,5,15,M,Edema,1,10,True,False,exploratory warning; cutoff was not prespecified
1591287646,5,15,M,Emphysema,0,10,True,True,exploratory warning; cutoff was not prespecified
1591287646,5,15,M,Fibrosis,1,10,True,False,exploratory warning; cutoff was not prespecified
1591287646,5,15,M,Effusion,5,10,True,False,exploratory warning; cutoff was not prespecified
1591287646,5,15,M,Pneumonia,0,10,True,True,exploratory warning; cutoff was not prespecified
1591287646,5,15,M,Pleural_Thickening,4,10,True,False,exploratory warning; cutoff was not prespecified
1591287646,5,15,M,Cardiomegaly,1,10,True,False,exploratory warning; cutoff was not prespecified
1591287646,5,15,M,Nodule,2,10,True,False,exploratory warning; cutoff was not prespecified
1591287646,5,15,M,Mass,7,10,True,False,exploratory warning; cutoff was not prespecified
1591287646,5,15,M,Hernia,0,10,True,True,exploratory warning; cutoff was not prespecified
1591287646,5,20,M,Atelectasis,8,10,True,False,exploratory warning; cutoff was not prespecified
1591287646,5,20,M,Consolidation,2,10,True,False,exploratory warning; cutoff was not prespecified
1591287646,5,20,M,Infiltration,20,10,False,False,exploratory warning; cutoff was not prespecified
1591287646,5,20,M,Pneumothorax,0,10,True,True,exploratory warning; cutoff was not prespecified
1591287646,5,20,M,Edema,0,10,True,True,exploratory warning; cutoff was not prespecified
1591287646,5,20,M,Emphysema,0,10,True,True,exploratory warning; cutoff was not prespecified
1591287646,5,20,M,Fibrosis,2,10,True,False,exploratory warning; cutoff was not prespecified
1591287646,5,20,M,Effusion,2,10,True,False,exploratory warning; cutoff was not prespecified
1591287646,5,20,M,Pneumonia,2,10,True,False,exploratory warning; cutoff was not prespecified
1591287646,5,20,M,Pleural_Thickening,4,10,True,False,exploratory warning; cutoff was not prespecified
1591287646,5,20,M,Cardiomegaly,2,10,True,False,exploratory warning; cutoff was not prespecified
1591287646,5,20,M,Nodule,4,10,True,False,exploratory warning; cutoff was not prespecified
1591287646,5,20,M,Mass,8,10,True,False,exploratory warning; cutoff was not prespecified
1591287646,5,20,M,Hernia,0,10,True,True,exploratory warning; cutoff was not prespecified
1591287646,5,25,M,Atelectasis,4,10,True,False,exploratory warning; cutoff was not prespecified
1591287646,5,25,M,Consolidation,1,10,True,False,exploratory warning; cutoff was not prespecified
1591287646,5,25,M,Infiltration,23,10,False,False,exploratory warning; cutoff was not prespecified
1591287646,5,25,M,Pneumothorax,2,10,True,False,exploratory warning; cutoff was not prespecified
1591287646,5,25,M,Edema,0,10,True,True,exploratory warning; cutoff was not prespecified
1591287646,5,25,M,Emphysema,0,10,True,True,exploratory warning; cutoff was not prespecified
1591287646,5,25,M,Fibrosis,2,10,True,False,exploratory warning; cutoff was not prespecified
1591287646,5,25,M,Effusion,8,10,True,False,exploratory warning; cutoff was not prespecified
1591287646,5,25,M,Pneumonia,0,10,True,True,exploratory warning; cutoff was not prespecified
1591287646,5,25,M,Pleural_Thickening,2,10,True,False,exploratory warning; cutoff was not prespecified
1591287646,5,25,M,Cardiomegaly,4,10,True,False,exploratory warning; cutoff was not prespecified
1591287646,5,25,M,Nodule,5,10,True,False,exploratory warning; cutoff was not prespecified
1591287646,5,25,M,Mass,6,10,True,False,exploratory warning; cutoff was not prespecified
1591287646,5,25,M,Hernia,0,10,True,True,exploratory warning; cutoff was not prespecified
1591287646,5,30,M,Atelectasis,6,10,True,False,exploratory warning; cutoff was not prespecified
1591287646,5,30,M,Consolidation,0,10,True,True,exploratory warning; cutoff was not prespecified
1591287646,5,30,M,Infiltration,29,10,False,False,exploratory warning; cutoff was not prespecified
1591287646,5,30,M,Pneumothorax,0,10,True,True,exploratory warning; cutoff was not prespecified
1591287646,5,30,M,Edema,1,10,True,False,exploratory warning; cutoff was not prespecified
1591287646,5,30,M,Emphysema,0,10,True,True,exploratory warning; cutoff was not prespecified
1591287646,5,30,M,Fibrosis,0,10,True,True,exploratory warning; cutoff was not prespecified
1591287646,5,30,M,Effusion,6,10,True,False,exploratory warning; cutoff was not prespecified
1591287646,5,30,M,Pneumonia,1,10,True,False,exploratory warning; cutoff was not prespecified
1591287646,5,30,M,Pleural_Thickening,4,10,True,False,exploratory warning; cutoff was not prespecified
1591287646,5,30,M,Cardiomegaly,3,10,True,False,exploratory warning; cutoff was not prespecified
1591287646,5,30,M,Nodule,8,10,True,False,exploratory warning; cutoff was not prespecified
1591287646,5,30,M,Mass,10,10,False,False,exploratory warning; cutoff was not prespecified
1591287646,5,30,M,Hernia,0,10,True,True,exploratory warning; cutoff was not prespecified
1591287646,5,35,M,Atelectasis,11,10,False,False,exploratory warning; cutoff was not prespecified
1591287646,5,35,M,Consolidation,2,10,True,False,exploratory warning; cutoff was not prespecified
1591287646,5,35,M,Infiltration,26,10,False,False,exploratory warning; cutoff was not prespecified
1591287646,5,35,M,Pneumothorax,3,10,True,False,exploratory warning; cutoff was not prespecified
1591287646,5,35,M,Edema,0,10,True,True,exploratory warning; cutoff was not prespecified
1591287646,5,35,M,Emphysema,2,10,True,False,exploratory warning; cutoff was not prespecified
1591287646,5,35,M,Fibrosis,4,10,True,False,exploratory warning; cutoff was not prespecified
1591287646,5,35,M,Effusion,5,10,True,False,exploratory warning; cutoff was not prespecified
1591287646,5,35,M,Pneumonia,1,10,True,False,exploratory warning; cutoff was not prespecified
1591287646,5,35,M,Pleural_Thickening,5,10,True,False,exploratory warning; cutoff was not prespecified
1591287646,5,35,M,Cardiomegaly,5,10,True,False,exploratory warning; cutoff was not prespecified
1591287646,5,35,M,Nodule,8,10,True,False,exploratory warning; cutoff was not prespecified
1591287646,5,35,M,Mass,15,10,False,False,exploratory warning; cutoff was not prespecified
1591287646,5,35,M,Hernia,0,10,True,True,exploratory warning; cutoff was not prespecified
1591287646,5,40,M,Atelectasis,18,10,False,False,exploratory warning; cutoff was not prespecified
1591287646,5,40,M,Consolidation,4,10,True,False,exploratory warning; cutoff was not prespecified
1591287646,5,40,M,Infiltration,35,10,False,False,exploratory warning; cutoff was not prespecified
1591287646,5,40,M,Pneumothorax,0,10,True,True,exploratory warning; cutoff was not prespecified
1591287646,5,40,M,Edema,1,10,True,False,exploratory warning; cutoff was not prespecified
1591287646,5,40,M,Emphysema,3,10,True,False,exploratory warning; cutoff was not prespecified
1591287646,5,40,M,Fibrosis,4,10,True,False,exploratory warning; cutoff was not prespecified
1591287646,5,40,M,Effusion,9,10,True,False,exploratory warning; cutoff was not prespecified
1591287646,5,40,M,Pneumonia,2,10,True,False,exploratory warning; cutoff was not prespecified
1591287646,5,40,M,Pleural_Thickening,6,10,True,False,exploratory warning; cutoff was not prespecified
1591287646,5,40,M,Cardiomegaly,4,10,True,False,exploratory warning; cutoff was not prespecified
1591287646,5,40,M,Nodule,13,10,False,False,exploratory warning; cutoff was not prespecified
1591287646,5,40,M,Mass,10,10,False,False,exploratory warning; cutoff was not prespecified
1591287646,5,40,M,Hernia,0,10,True,True,exploratory warning; cutoff was not prespecified
1591287646,5,45,M,Atelectasis,27,10,False,False,exploratory warning; cutoff was not prespecified
1591287646,5,45,M,Consolidation,1,10,True,False,exploratory warning; cutoff was not prespecified
1591287646,5,45,M,Infiltration,45,10,False,False,exploratory warning; cutoff was not prespecified
1591287646,5,45,M,Pneumothorax,2,10,True,False,exploratory warning; cutoff was not prespecified
1591287646,5,45,M,Edema,1,10,True,False,exploratory warning; cutoff was not prespecified
1591287646,5,45,M,Emphysema,3,10,True,False,exploratory warning; cutoff was not prespecified
1591287646,5,45,M,Fibrosis,8,10,True,False,exploratory warning; cutoff was not prespecified
1591287646,5,45,M,Effusion,16,10,False,False,exploratory warning; cutoff was not prespecified
1591287646,5,45,M,Pneumonia,1,10,True,False,exploratory warning; cutoff was not prespecified
1591287646,5,45,M,Pleural_Thickening,7,10,True,False,exploratory warning; cutoff was not prespecified
1591287646,5,45,M,Cardiomegaly,7,10,True,False,exploratory warning; cutoff was not prespecified
1591287646,5,45,M,Nodule,26,10,False,False,exploratory warning; cutoff was not prespecified
1591287646,5,45,M,Mass,18,10,False,False,exploratory warning; cutoff was not prespecified
1591287646,5,45,M,Hernia,1,10,True,False,exploratory warning; cutoff was not prespecified
1591287646,5,50,M,Atelectasis,24,10,False,False,exploratory warning; cutoff was not prespecified
1591287646,5,50,M,Consolidation,8,10,True,False,exploratory warning; cutoff was not prespecified
1591287646,5,50,M,Infiltration,43,10,False,False,exploratory warning; cutoff was not prespecified
1591287646,5,50,M,Pneumothorax,1,10,True,False,exploratory warning; cutoff was not prespecified
1591287646,5,50,M,Edema,1,10,True,False,exploratory warning; cutoff was not prespecified
1591287646,5,50,M,Emphysema,3,10,True,False,exploratory warning; cutoff was not prespecified
1591287646,5,50,M,Fibrosis,7,10,True,False,exploratory warning; cutoff was not prespecified
1591287646,5,50,M,Effusion,14,10,False,False,exploratory warning; cutoff was not prespecified
1591287646,5,50,M,Pneumonia,4,10,True,False,exploratory warning; cutoff was not prespecified
1591287646,5,50,M,Pleural_Thickening,5,10,True,False,exploratory warning; cutoff was not prespecified
1591287646,5,50,M,Cardiomegaly,4,10,True,False,exploratory warning; cutoff was not prespecified
1591287646,5,50,M,Nodule,24,10,False,False,exploratory warning; cutoff was not prespecified
1591287646,5,50,M,Mass,11,10,False,False,exploratory warning; cutoff was not prespecified
1591287646,5,50,M,Hernia,1,10,True,False,exploratory warning; cutoff was not prespecified
1591287646,5,55,M,Atelectasis,27,10,False,False,exploratory warning; cutoff was not prespecified
1591287646,5,55,M,Consolidation,4,10,True,False,exploratory warning; cutoff was not prespecified
1591287646,5,55,M,Infiltration,51,10,False,False,exploratory warning; cutoff was not prespecified
1591287646,5,55,M,Pneumothorax,1,10,True,False,exploratory warning; cutoff was not prespecified
1591287646,5,55,M,Edema,1,10,True,False,exploratory warning; cutoff was not prespecified
1591287646,5,55,M,Emphysema,3,10,True,False,exploratory warning; cutoff was not prespecified
1591287646,5,55,M,Fibrosis,3,10,True,False,exploratory warning; cutoff was not prespecified
1591287646,5,55,M,Effusion,15,10,False,False,exploratory warning; cutoff was not prespecified
1591287646,5,55,M,Pneumonia,1,10,True,False,exploratory warning; cutoff was not prespecified
1591287646,5,55,M,Pleural_Thickening,14,10,False,False,exploratory warning; cutoff was not prespecified
1591287646,5,55,M,Cardiomegaly,6,10,True,False,exploratory warning; cutoff was not prespecified
1591287646,5,55,M,Nodule,27,10,False,False,exploratory warning; cutoff was not prespecified
1591287646,5,55,M,Mass,13,10,False,False,exploratory warning; cutoff was not prespecified
1591287646,5,55,M,Hernia,1,10,True,False,exploratory warning; cutoff was not prespecified
1591287646,5,60,M,Atelectasis,33,10,False,False,exploratory warning; cutoff was not prespecified
1591287646,5,60,M,Consolidation,8,10,True,False,exploratory warning; cutoff was not prespecified
1591287646,5,60,M,Infiltration,46,10,False,False,exploratory warning; cutoff was not prespecified
1591287646,5,60,M,Pneumothorax,1,10,True,False,exploratory warning; cutoff was not prespecified
1591287646,5,60,M,Edema,1,10,True,False,exploratory warning; cutoff was not prespecified
1591287646,5,60,M,Emphysema,6,10,True,False,exploratory warning; cutoff was not prespecified
1591287646,5,60,M,Fibrosis,7,10,True,False,exploratory warning; cutoff was not prespecified
1591287646,5,60,M,Effusion,17,10,False,False,exploratory warning; cutoff was not prespecified
1591287646,5,60,M,Pneumonia,2,10,True,False,exploratory warning; cutoff was not prespecified
1591287646,5,60,M,Pleural_Thickening,15,10,False,False,exploratory warning; cutoff was not prespecified
1591287646,5,60,M,Cardiomegaly,6,10,True,False,exploratory warning; cutoff was not prespecified
1591287646,5,60,M,Nodule,25,10,False,False,exploratory warning; cutoff was not prespecified
1591287646,5,60,M,Mass,20,10,False,False,exploratory warning; cutoff was not prespecified
1591287646,5,60,M,Hernia,0,10,True,True,exploratory warning; cutoff was not prespecified
1591287646,5,65,M,Atelectasis,28,10,False,False,exploratory warning; cutoff was not prespecified
1591287646,5,65,M,Consolidation,4,10,True,False,exploratory warning; cutoff was not prespecified
1591287646,5,65,M,Infiltration,29,10,False,False,exploratory warning; cutoff was not prespecified
1591287646,5,65,M,Pneumothorax,2,10,True,False,exploratory warning; cutoff was not prespecified
1591287646,5,65,M,Edema,0,10,True,True,exploratory warning; cutoff was not prespecified
1591287646,5,65,M,Emphysema,4,10,True,False,exploratory warning; cutoff was not prespecified
1591287646,5,65,M,Fibrosis,7,10,True,False,exploratory warning; cutoff was not prespecified
1591287646,5,65,M,Effusion,19,10,False,False,exploratory warning; cutoff was not prespecified
1591287646,5,65,M,Pneumonia,2,10,True,False,exploratory warning; cutoff was not prespecified
1591287646,5,65,M,Pleural_Thickening,15,10,False,False,exploratory warning; cutoff was not prespecified
1591287646,5,65,M,Cardiomegaly,5,10,True,False,exploratory warning; cutoff was not prespecified
1591287646,5,65,M,Nodule,19,10,False,False,exploratory warning; cutoff was not prespecified
1591287646,5,65,M,Mass,8,10,True,False,exploratory warning; cutoff was not prespecified
1591287646,5,65,M,Hernia,1,10,True,False,exploratory warning; cutoff was not prespecified
1591287646,5,70,M,Atelectasis,14,10,False,False,exploratory warning; cutoff was not prespecified
1591287646,5,70,M,Consolidation,5,10,True,False,exploratory warning; cutoff was not prespecified
1591287646,5,70,M,Infiltration,15,10,False,False,exploratory warning; cutoff was not prespecified
1591287646,5,70,M,Pneumothorax,1,10,True,False,exploratory warning; cutoff was not prespecified
1591287646,5,70,M,Edema,0,10,True,True,exploratory warning; cutoff was not prespecified
1591287646,5,70,M,Emphysema,3,10,True,False,exploratory warning; cutoff was not prespecified
1591287646,5,70,M,Fibrosis,6,10,True,False,exploratory warning; cutoff was not prespecified
1591287646,5,70,M,Effusion,11,10,False,False,exploratory warning; cutoff was not prespecified
1591287646,5,70,M,Pneumonia,2,10,True,False,exploratory warning; cutoff was not prespecified
1591287646,5,70,M,Pleural_Thickening,5,10,True,False,exploratory warning; cutoff was not prespecified
1591287646,5,70,M,Cardiomegaly,5,10,True,False,exploratory warning; cutoff was not prespecified
1591287646,5,70,M,Nodule,7,10,True,False,exploratory warning; cutoff was not prespecified
1591287646,5,70,M,Mass,8,10,True,False,exploratory warning; cutoff was not prespecified
1591287646,5,70,M,Hernia,0,10,True,True,exploratory warning; cutoff was not prespecified
1591287646,5,75,M,Atelectasis,9,10,True,False,exploratory warning; cutoff was not prespecified
1591287646,5,75,M,Consolidation,3,10,True,False,exploratory warning; cutoff was not prespecified
1591287646,5,75,M,Infiltration,6,10,True,False,exploratory warning; cutoff was not prespecified
1591287646,5,75,M,Pneumothorax,1,10,True,False,exploratory warning; cutoff was not prespecified
1591287646,5,75,M,Edema,1,10,True,False,exploratory warning; cutoff was not prespecified
1591287646,5,75,M,Emphysema,6,10,True,False,exploratory warning; cutoff was not prespecified
1591287646,5,75,M,Fibrosis,6,10,True,False,exploratory warning; cutoff was not prespecified
1591287646,5,75,M,Effusion,4,10,True,False,exploratory warning; cutoff was not prespecified
1591287646,5,75,M,Pneumonia,2,10,True,False,exploratory warning; cutoff was not prespecified
1591287646,5,75,M,Pleural_Thickening,2,10,True,False,exploratory warning; cutoff was not prespecified
1591287646,5,75,M,Cardiomegaly,5,10,True,False,exploratory warning; cutoff was not prespecified
1591287646,5,75,M,Nodule,5,10,True,False,exploratory warning; cutoff was not prespecified
1591287646,5,75,M,Mass,4,10,True,False,exploratory warning; cutoff was not prespecified
1591287646,5,75,M,Hernia,4,10,True,False,exploratory warning; cutoff was not prespecified
1591287646,5,80,M,Atelectasis,1,10,True,False,exploratory warning; cutoff was not prespecified
1591287646,5,80,M,Consolidation,1,10,True,False,exploratory warning; cutoff was not prespecified
1591287646,5,80,M,Infiltration,2,10,True,False,exploratory warning; cutoff was not prespecified
1591287646,5,80,M,Pneumothorax,0,10,True,True,exploratory warning; cutoff was not prespecified
1591287646,5,80,M,Edema,0,10,True,True,exploratory warning; cutoff was not prespecified
1591287646,5,80,M,Emphysema,0,10,True,True,exploratory warning; cutoff was not prespecified
1591287646,5,80,M,Fibrosis,1,10,True,False,exploratory warning; cutoff was not prespecified
1591287646,5,80,M,Effusion,0,10,True,True,exploratory warning; cutoff was not prespecified
1591287646,5,80,M,Pneumonia,1,10,True,False,exploratory warning; cutoff was not prespecified
1591287646,5,80,M,Pleural_Thickening,1,10,True,False,exploratory warning; cutoff was not prespecified
1591287646,5,80,M,Cardiomegaly,2,10,True,False,exploratory warning; cutoff was not prespecified
1591287646,5,80,M,Nodule,4,10,True,False,exploratory warning; cutoff was not prespecified
1591287646,5,80,M,Mass,5,10,True,False,exploratory warning; cutoff was not prespecified
1591287646,5,80,M,Hernia,0,10,True,True,exploratory warning; cutoff was not prespecified
1591287646,5,85,M,Atelectasis,1,10,True,False,exploratory warning; cutoff was not prespecified
1591287646,5,85,M,Consolidation,1,10,True,False,exploratory warning; cutoff was not prespecified
1591287646,5,85,M,Infiltration,2,10,True,False,exploratory warning; cutoff was not prespecified
1591287646,5,85,M,Pneumothorax,0,10,True,True,exploratory warning; cutoff was not prespecified
1591287646,5,85,M,Edema,0,10,True,True,exploratory warning; cutoff was not prespecified
1591287646,5,85,M,Emphysema,1,10,True,False,exploratory warning; cutoff was not prespecified
1591287646,5,85,M,Fibrosis,0,10,True,True,exploratory warning; cutoff was not prespecified
1591287646,5,85,M,Effusion,1,10,True,False,exploratory warning; cutoff was not prespecified
1591287646,5,85,M,Pneumonia,0,10,True,True,exploratory warning; cutoff was not prespecified
1591287646,5,85,M,Pleural_Thickening,0,10,True,True,exploratory warning; cutoff was not prespecified
1591287646,5,85,M,Cardiomegaly,0,10,True,True,exploratory warning; cutoff was not prespecified
1591287646,5,85,M,Nodule,0,10,True,True,exploratory warning; cutoff was not prespecified
1591287646,5,85,M,Mass,1,10,True,False,exploratory warning; cutoff was not prespecified
1591287646,5,85,M,Hernia,0,10,True,True,exploratory warning; cutoff was not prespecified
1591287646,5,90,M,Atelectasis,1,10,True,False,exploratory warning; cutoff was not prespecified
1591287646,5,90,M,Consolidation,1,10,True,False,exploratory warning; cutoff was not prespecified
1591287646,5,90,M,Infiltration,0,10,True,True,exploratory warning; cutoff was not prespecified
1591287646,5,90,M,Pneumothorax,0,10,True,True,exploratory warning; cutoff was not prespecified
1591287646,5,90,M,Edema,0,10,True,True,exploratory warning; cutoff was not prespecified
1591287646,5,90,M,Emphysema,0,10,True,True,exploratory warning; cutoff was not prespecified
1591287646,5,90,M,Fibrosis,1,10,True,False,exploratory warning; cutoff was not prespecified
1591287646,5,90,M,Effusion,0,10,True,True,exploratory warning; cutoff was not prespecified
1591287646,5,90,M,Pneumonia,0,10,True,True,exploratory warning; cutoff was not prespecified
1591287646,5,90,M,Pleural_Thickening,0,10,True,True,exploratory warning; cutoff was not prespecified
1591287646,5,90,M,Cardiomegaly,0,10,True,True,exploratory warning; cutoff was not prespecified
1591287646,5,90,M,Nodule,1,10,True,False,exploratory warning; cutoff was not prespecified
1591287646,5,90,M,Mass,0,10,True,True,exploratory warning; cutoff was not prespecified
1591287646,5,90,M,Hernia,0,10,True,True,exploratory warning; cutoff was not prespecified
1591287646,10,0,F,Atelectasis,1,10,True,False,exploratory warning; cutoff was not prespecified
1591287646,10,0,F,Consolidation,2,10,True,False,exploratory warning; cutoff was not prespecified
1591287646,10,0,F,Infiltration,4,10,True,False,exploratory warning; cutoff was not prespecified
1591287646,10,0,F,Pneumothorax,1,10,True,False,exploratory warning; cutoff was not prespecified
1591287646,10,0,F,Edema,1,10,True,False,exploratory warning; cutoff was not prespecified
1591287646,10,0,F,Emphysema,0,10,True,True,exploratory warning; cutoff was not prespecified
1591287646,10,0,F,Fibrosis,0,10,True,True,exploratory warning; cutoff was not prespecified
1591287646,10,0,F,Effusion,0,10,True,True,exploratory warning; cutoff was not prespecified
1591287646,10,0,F,Pneumonia,1,10,True,False,exploratory warning; cutoff was not prespecified
1591287646,10,0,F,Pleural_Thickening,0,10,True,True,exploratory warning; cutoff was not prespecified
1591287646,10,0,F,Cardiomegaly,0,10,True,True,exploratory warning; cutoff was not prespecified
1591287646,10,0,F,Nodule,0,10,True,True,exploratory warning; cutoff was not prespecified
1591287646,10,0,F,Mass,0,10,True,True,exploratory warning; cutoff was not prespecified
1591287646,10,0,F,Hernia,0,10,True,True,exploratory warning; cutoff was not prespecified
1591287646,10,10,F,Atelectasis,4,10,True,False,exploratory warning; cutoff was not prespecified
1591287646,10,10,F,Consolidation,1,10,True,False,exploratory warning; cutoff was not prespecified
1591287646,10,10,F,Infiltration,10,10,False,False,exploratory warning; cutoff was not prespecified
1591287646,10,10,F,Pneumothorax,1,10,True,False,exploratory warning; cutoff was not prespecified
1591287646,10,10,F,Edema,0,10,True,True,exploratory warning; cutoff was not prespecified
1591287646,10,10,F,Emphysema,0,10,True,True,exploratory warning; cutoff was not prespecified
1591287646,10,10,F,Fibrosis,0,10,True,True,exploratory warning; cutoff was not prespecified
1591287646,10,10,F,Effusion,5,10,True,False,exploratory warning; cutoff was not prespecified
1591287646,10,10,F,Pneumonia,1,10,True,False,exploratory warning; cutoff was not prespecified
1591287646,10,10,F,Pleural_Thickening,2,10,True,False,exploratory warning; cutoff was not prespecified
1591287646,10,10,F,Cardiomegaly,3,10,True,False,exploratory warning; cutoff was not prespecified
1591287646,10,10,F,Nodule,0,10,True,True,exploratory warning; cutoff was not prespecified
1591287646,10,10,F,Mass,6,10,True,False,exploratory warning; cutoff was not prespecified
1591287646,10,10,F,Hernia,0,10,True,True,exploratory warning; cutoff was not prespecified
1591287646,10,20,F,Atelectasis,9,10,True,False,exploratory warning; cutoff was not prespecified
1591287646,10,20,F,Consolidation,5,10,True,False,exploratory warning; cutoff was not prespecified
1591287646,10,20,F,Infiltration,40,10,False,False,exploratory warning; cutoff was not prespecified
1591287646,10,20,F,Pneumothorax,4,10,True,False,exploratory warning; cutoff was not prespecified
1591287646,10,20,F,Edema,1,10,True,False,exploratory warning; cutoff was not prespecified
1591287646,10,20,F,Emphysema,2,10,True,False,exploratory warning; cutoff was not prespecified
1591287646,10,20,F,Fibrosis,0,10,True,True,exploratory warning; cutoff was not prespecified
1591287646,10,20,F,Effusion,13,10,False,False,exploratory warning; cutoff was not prespecified
1591287646,10,20,F,Pneumonia,2,10,True,False,exploratory warning; cutoff was not prespecified
1591287646,10,20,F,Pleural_Thickening,5,10,True,False,exploratory warning; cutoff was not prespecified
1591287646,10,20,F,Cardiomegaly,6,10,True,False,exploratory warning; cutoff was not prespecified
1591287646,10,20,F,Nodule,18,10,False,False,exploratory warning; cutoff was not prespecified
1591287646,10,20,F,Mass,11,10,False,False,exploratory warning; cutoff was not prespecified
1591287646,10,20,F,Hernia,0,10,True,True,exploratory warning; cutoff was not prespecified
1591287646,10,30,F,Atelectasis,14,10,False,False,exploratory warning; cutoff was not prespecified
1591287646,10,30,F,Consolidation,1,10,True,False,exploratory warning; cutoff was not prespecified
1591287646,10,30,F,Infiltration,43,10,False,False,exploratory warning; cutoff was not prespecified
1591287646,10,30,F,Pneumothorax,5,10,True,False,exploratory warning; cutoff was not prespecified
1591287646,10,30,F,Edema,1,10,True,False,exploratory warning; cutoff was not prespecified
1591287646,10,30,F,Emphysema,1,10,True,False,exploratory warning; cutoff was not prespecified
1591287646,10,30,F,Fibrosis,3,10,True,False,exploratory warning; cutoff was not prespecified
1591287646,10,30,F,Effusion,12,10,False,False,exploratory warning; cutoff was not prespecified
1591287646,10,30,F,Pneumonia,1,10,True,False,exploratory warning; cutoff was not prespecified
1591287646,10,30,F,Pleural_Thickening,8,10,True,False,exploratory warning; cutoff was not prespecified
1591287646,10,30,F,Cardiomegaly,15,10,False,False,exploratory warning; cutoff was not prespecified
1591287646,10,30,F,Nodule,17,10,False,False,exploratory warning; cutoff was not prespecified
1591287646,10,30,F,Mass,6,10,True,False,exploratory warning; cutoff was not prespecified
1591287646,10,30,F,Hernia,0,10,True,True,exploratory warning; cutoff was not prespecified
1591287646,10,40,F,Atelectasis,20,10,False,False,exploratory warning; cutoff was not prespecified
1591287646,10,40,F,Consolidation,10,10,False,False,exploratory warning; cutoff was not prespecified
1591287646,10,40,F,Infiltration,65,10,False,False,exploratory warning; cutoff was not prespecified
1591287646,10,40,F,Pneumothorax,11,10,False,False,exploratory warning; cutoff was not prespecified
1591287646,10,40,F,Edema,1,10,True,False,exploratory warning; cutoff was not prespecified
1591287646,10,40,F,Emphysema,3,10,True,False,exploratory warning; cutoff was not prespecified
1591287646,10,40,F,Fibrosis,13,10,False,False,exploratory warning; cutoff was not prespecified
1591287646,10,40,F,Effusion,23,10,False,False,exploratory warning; cutoff was not prespecified
1591287646,10,40,F,Pneumonia,2,10,True,False,exploratory warning; cutoff was not prespecified
1591287646,10,40,F,Pleural_Thickening,16,10,False,False,exploratory warning; cutoff was not prespecified
1591287646,10,40,F,Cardiomegaly,20,10,False,False,exploratory warning; cutoff was not prespecified
1591287646,10,40,F,Nodule,38,10,False,False,exploratory warning; cutoff was not prespecified
1591287646,10,40,F,Mass,25,10,False,False,exploratory warning; cutoff was not prespecified
1591287646,10,40,F,Hernia,2,10,True,False,exploratory warning; cutoff was not prespecified
1591287646,10,50,F,Atelectasis,35,10,False,False,exploratory warning; cutoff was not prespecified
1591287646,10,50,F,Consolidation,12,10,False,False,exploratory warning; cutoff was not prespecified
1591287646,10,50,F,Infiltration,74,10,False,False,exploratory warning; cutoff was not prespecified
1591287646,10,50,F,Pneumothorax,6,10,True,False,exploratory warning; cutoff was not prespecified
1591287646,10,50,F,Edema,2,10,True,False,exploratory warning; cutoff was not prespecified
1591287646,10,50,F,Emphysema,5,10,True,False,exploratory warning; cutoff was not prespecified
1591287646,10,50,F,Fibrosis,15,10,False,False,exploratory warning; cutoff was not prespecified
1591287646,10,50,F,Effusion,30,10,False,False,exploratory warning; cutoff was not prespecified
1591287646,10,50,F,Pneumonia,1,10,True,False,exploratory warning; cutoff was not prespecified
1591287646,10,50,F,Pleural_Thickening,23,10,False,False,exploratory warning; cutoff was not prespecified
1591287646,10,50,F,Cardiomegaly,28,10,False,False,exploratory warning; cutoff was not prespecified
1591287646,10,50,F,Nodule,52,10,False,False,exploratory warning; cutoff was not prespecified
1591287646,10,50,F,Mass,32,10,False,False,exploratory warning; cutoff was not prespecified
1591287646,10,50,F,Hernia,4,10,True,False,exploratory warning; cutoff was not prespecified
1591287646,10,60,F,Atelectasis,28,10,False,False,exploratory warning; cutoff was not prespecified
1591287646,10,60,F,Consolidation,8,10,True,False,exploratory warning; cutoff was not prespecified
1591287646,10,60,F,Infiltration,47,10,False,False,exploratory warning; cutoff was not prespecified
1591287646,10,60,F,Pneumothorax,4,10,True,False,exploratory warning; cutoff was not prespecified
1591287646,10,60,F,Edema,2,10,True,False,exploratory warning; cutoff was not prespecified
1591287646,10,60,F,Emphysema,3,10,True,False,exploratory warning; cutoff was not prespecified
1591287646,10,60,F,Fibrosis,7,10,True,False,exploratory warning; cutoff was not prespecified
1591287646,10,60,F,Effusion,26,10,False,False,exploratory warning; cutoff was not prespecified
1591287646,10,60,F,Pneumonia,0,10,True,True,exploratory warning; cutoff was not prespecified
1591287646,10,60,F,Pleural_Thickening,11,10,False,False,exploratory warning; cutoff was not prespecified
1591287646,10,60,F,Cardiomegaly,17,10,False,False,exploratory warning; cutoff was not prespecified
1591287646,10,60,F,Nodule,32,10,False,False,exploratory warning; cutoff was not prespecified
1591287646,10,60,F,Mass,18,10,False,False,exploratory warning; cutoff was not prespecified
1591287646,10,60,F,Hernia,0,10,True,True,exploratory warning; cutoff was not prespecified
1591287646,10,70,F,Atelectasis,16,10,False,False,exploratory warning; cutoff was not prespecified
1591287646,10,70,F,Consolidation,3,10,True,False,exploratory warning; cutoff was not prespecified
1591287646,10,70,F,Infiltration,15,10,False,False,exploratory warning; cutoff was not prespecified
1591287646,10,70,F,Pneumothorax,0,10,True,True,exploratory warning; cutoff was not prespecified
1591287646,10,70,F,Edema,1,10,True,False,exploratory warning; cutoff was not prespecified
1591287646,10,70,F,Emphysema,4,10,True,False,exploratory warning; cutoff was not prespecified
1591287646,10,70,F,Fibrosis,4,10,True,False,exploratory warning; cutoff was not prespecified
1591287646,10,70,F,Effusion,8,10,True,False,exploratory warning; cutoff was not prespecified
1591287646,10,70,F,Pneumonia,3,10,True,False,exploratory warning; cutoff was not prespecified
1591287646,10,70,F,Pleural_Thickening,8,10,True,False,exploratory warning; cutoff was not prespecified
1591287646,10,70,F,Cardiomegaly,11,10,False,False,exploratory warning; cutoff was not prespecified
1591287646,10,70,F,Nodule,9,10,True,False,exploratory warning; cutoff was not prespecified
1591287646,10,70,F,Mass,9,10,True,False,exploratory warning; cutoff was not prespecified
1591287646,10,70,F,Hernia,1,10,True,False,exploratory warning; cutoff was not prespecified
1591287646,10,80,F,Atelectasis,1,10,True,False,exploratory warning; cutoff was not prespecified
1591287646,10,80,F,Consolidation,0,10,True,True,exploratory warning; cutoff was not prespecified
1591287646,10,80,F,Infiltration,5,10,True,False,exploratory warning; cutoff was not prespecified
1591287646,10,80,F,Pneumothorax,0,10,True,True,exploratory warning; cutoff was not prespecified
1591287646,10,80,F,Edema,0,10,True,True,exploratory warning; cutoff was not prespecified
1591287646,10,80,F,Emphysema,2,10,True,False,exploratory warning; cutoff was not prespecified
1591287646,10,80,F,Fibrosis,1,10,True,False,exploratory warning; cutoff was not prespecified
1591287646,10,80,F,Effusion,2,10,True,False,exploratory warning; cutoff was not prespecified
1591287646,10,80,F,Pneumonia,0,10,True,True,exploratory warning; cutoff was not prespecified
1591287646,10,80,F,Pleural_Thickening,1,10,True,False,exploratory warning; cutoff was not prespecified
1591287646,10,80,F,Cardiomegaly,2,10,True,False,exploratory warning; cutoff was not prespecified
1591287646,10,80,F,Nodule,1,10,True,False,exploratory warning; cutoff was not prespecified
1591287646,10,80,F,Mass,1,10,True,False,exploratory warning; cutoff was not prespecified
1591287646,10,80,F,Hernia,2,10,True,False,exploratory warning; cutoff was not prespecified
1591287646,10,90,F,Atelectasis,0,10,True,True,exploratory warning; cutoff was not prespecified
1591287646,10,90,F,Consolidation,0,10,True,True,exploratory warning; cutoff was not prespecified
1591287646,10,90,F,Infiltration,0,10,True,True,exploratory warning; cutoff was not prespecified
1591287646,10,90,F,Pneumothorax,0,10,True,True,exploratory warning; cutoff was not prespecified
1591287646,10,90,F,Edema,0,10,True,True,exploratory warning; cutoff was not prespecified
1591287646,10,90,F,Emphysema,0,10,True,True,exploratory warning; cutoff was not prespecified
1591287646,10,90,F,Fibrosis,0,10,True,True,exploratory warning; cutoff was not prespecified
1591287646,10,90,F,Effusion,0,10,True,True,exploratory warning; cutoff was not prespecified
1591287646,10,90,F,Pneumonia,0,10,True,True,exploratory warning; cutoff was not prespecified
1591287646,10,90,F,Pleural_Thickening,0,10,True,True,exploratory warning; cutoff was not prespecified
1591287646,10,90,F,Cardiomegaly,1,10,True,False,exploratory warning; cutoff was not prespecified
1591287646,10,90,F,Nodule,0,10,True,True,exploratory warning; cutoff was not prespecified
1591287646,10,90,F,Mass,0,10,True,True,exploratory warning; cutoff was not prespecified
1591287646,10,90,F,Hernia,0,10,True,True,exploratory warning; cutoff was not prespecified
1591287646,10,0,M,Atelectasis,3,10,True,False,exploratory warning; cutoff was not prespecified
1591287646,10,0,M,Consolidation,2,10,True,False,exploratory warning; cutoff was not prespecified
1591287646,10,0,M,Infiltration,14,10,False,False,exploratory warning; cutoff was not prespecified
1591287646,10,0,M,Pneumothorax,1,10,True,False,exploratory warning; cutoff was not prespecified
1591287646,10,0,M,Edema,2,10,True,False,exploratory warning; cutoff was not prespecified
1591287646,10,0,M,Emphysema,0,10,True,True,exploratory warning; cutoff was not prespecified
1591287646,10,0,M,Fibrosis,1,10,True,False,exploratory warning; cutoff was not prespecified
1591287646,10,0,M,Effusion,3,10,True,False,exploratory warning; cutoff was not prespecified
1591287646,10,0,M,Pneumonia,2,10,True,False,exploratory warning; cutoff was not prespecified
1591287646,10,0,M,Pleural_Thickening,0,10,True,True,exploratory warning; cutoff was not prespecified
1591287646,10,0,M,Cardiomegaly,1,10,True,False,exploratory warning; cutoff was not prespecified
1591287646,10,0,M,Nodule,1,10,True,False,exploratory warning; cutoff was not prespecified
1591287646,10,0,M,Mass,1,10,True,False,exploratory warning; cutoff was not prespecified
1591287646,10,0,M,Hernia,0,10,True,True,exploratory warning; cutoff was not prespecified
1591287646,10,10,M,Atelectasis,5,10,True,False,exploratory warning; cutoff was not prespecified
1591287646,10,10,M,Consolidation,4,10,True,False,exploratory warning; cutoff was not prespecified
1591287646,10,10,M,Infiltration,17,10,False,False,exploratory warning; cutoff was not prespecified
1591287646,10,10,M,Pneumothorax,4,10,True,False,exploratory warning; cutoff was not prespecified
1591287646,10,10,M,Edema,2,10,True,False,exploratory warning; cutoff was not prespecified
1591287646,10,10,M,Emphysema,0,10,True,True,exploratory warning; cutoff was not prespecified
1591287646,10,10,M,Fibrosis,1,10,True,False,exploratory warning; cutoff was not prespecified
1591287646,10,10,M,Effusion,8,10,True,False,exploratory warning; cutoff was not prespecified
1591287646,10,10,M,Pneumonia,1,10,True,False,exploratory warning; cutoff was not prespecified
1591287646,10,10,M,Pleural_Thickening,5,10,True,False,exploratory warning; cutoff was not prespecified
1591287646,10,10,M,Cardiomegaly,2,10,True,False,exploratory warning; cutoff was not prespecified
1591287646,10,10,M,Nodule,3,10,True,False,exploratory warning; cutoff was not prespecified
1591287646,10,10,M,Mass,10,10,False,False,exploratory warning; cutoff was not prespecified
1591287646,10,10,M,Hernia,0,10,True,True,exploratory warning; cutoff was not prespecified
1591287646,10,20,M,Atelectasis,12,10,False,False,exploratory warning; cutoff was not prespecified
1591287646,10,20,M,Consolidation,3,10,True,False,exploratory warning; cutoff was not prespecified
1591287646,10,20,M,Infiltration,43,10,False,False,exploratory warning; cutoff was not prespecified
1591287646,10,20,M,Pneumothorax,2,10,True,False,exploratory warning; cutoff was not prespecified
1591287646,10,20,M,Edema,0,10,True,True,exploratory warning; cutoff was not prespecified
1591287646,10,20,M,Emphysema,0,10,True,True,exploratory warning; cutoff was not prespecified
1591287646,10,20,M,Fibrosis,4,10,True,False,exploratory warning; cutoff was not prespecified
1591287646,10,20,M,Effusion,10,10,False,False,exploratory warning; cutoff was not prespecified
1591287646,10,20,M,Pneumonia,2,10,True,False,exploratory warning; cutoff was not prespecified
1591287646,10,20,M,Pleural_Thickening,6,10,True,False,exploratory warning; cutoff was not prespecified
1591287646,10,20,M,Cardiomegaly,6,10,True,False,exploratory warning; cutoff was not prespecified
1591287646,10,20,M,Nodule,9,10,True,False,exploratory warning; cutoff was not prespecified
1591287646,10,20,M,Mass,14,10,False,False,exploratory warning; cutoff was not prespecified
1591287646,10,20,M,Hernia,0,10,True,True,exploratory warning; cutoff was not prespecified
1591287646,10,30,M,Atelectasis,17,10,False,False,exploratory warning; cutoff was not prespecified
1591287646,10,30,M,Consolidation,2,10,True,False,exploratory warning; cutoff was not prespecified
1591287646,10,30,M,Infiltration,55,10,False,False,exploratory warning; cutoff was not prespecified
1591287646,10,30,M,Pneumothorax,3,10,True,False,exploratory warning; cutoff was not prespecified
1591287646,10,30,M,Edema,1,10,True,False,exploratory warning; cutoff was not prespecified
1591287646,10,30,M,Emphysema,2,10,True,False,exploratory warning; cutoff was not prespecified
1591287646,10,30,M,Fibrosis,4,10,True,False,exploratory warning; cutoff was not prespecified
1591287646,10,30,M,Effusion,11,10,False,False,exploratory warning; cutoff was not prespecified
1591287646,10,30,M,Pneumonia,2,10,True,False,exploratory warning; cutoff was not prespecified
1591287646,10,30,M,Pleural_Thickening,9,10,True,False,exploratory warning; cutoff was not prespecified
1591287646,10,30,M,Cardiomegaly,8,10,True,False,exploratory warning; cutoff was not prespecified
1591287646,10,30,M,Nodule,16,10,False,False,exploratory warning; cutoff was not prespecified
1591287646,10,30,M,Mass,25,10,False,False,exploratory warning; cutoff was not prespecified
1591287646,10,30,M,Hernia,0,10,True,True,exploratory warning; cutoff was not prespecified
1591287646,10,40,M,Atelectasis,45,10,False,False,exploratory warning; cutoff was not prespecified
1591287646,10,40,M,Consolidation,5,10,True,False,exploratory warning; cutoff was not prespecified
1591287646,10,40,M,Infiltration,80,10,False,False,exploratory warning; cutoff was not prespecified
1591287646,10,40,M,Pneumothorax,2,10,True,False,exploratory warning; cutoff was not prespecified
1591287646,10,40,M,Edema,2,10,True,False,exploratory warning; cutoff was not prespecified
1591287646,10,40,M,Emphysema,6,10,True,False,exploratory warning; cutoff was not prespecified
1591287646,10,40,M,Fibrosis,12,10,False,False,exploratory warning; cutoff was not prespecified
1591287646,10,40,M,Effusion,25,10,False,False,exploratory warning; cutoff was not prespecified
1591287646,10,40,M,Pneumonia,3,10,True,False,exploratory warning; cutoff was not prespecified
1591287646,10,40,M,Pleural_Thickening,13,10,False,False,exploratory warning; cutoff was not prespecified
1591287646,10,40,M,Cardiomegaly,11,10,False,False,exploratory warning; cutoff was not prespecified
1591287646,10,40,M,Nodule,39,10,False,False,exploratory warning; cutoff was not prespecified
1591287646,10,40,M,Mass,28,10,False,False,exploratory warning; cutoff was not prespecified
1591287646,10,40,M,Hernia,1,10,True,False,exploratory warning; cutoff was not prespecified
1591287646,10,50,M,Atelectasis,51,10,False,False,exploratory warning; cutoff was not prespecified
1591287646,10,50,M,Consolidation,12,10,False,False,exploratory warning; cutoff was not prespecified
1591287646,10,50,M,Infiltration,94,10,False,False,exploratory warning; cutoff was not prespecified
1591287646,10,50,M,Pneumothorax,2,10,True,False,exploratory warning; cutoff was not prespecified
1591287646,10,50,M,Edema,2,10,True,False,exploratory warning; cutoff was not prespecified
1591287646,10,50,M,Emphysema,6,10,True,False,exploratory warning; cutoff was not prespecified
1591287646,10,50,M,Fibrosis,10,10,False,False,exploratory warning; cutoff was not prespecified
1591287646,10,50,M,Effusion,29,10,False,False,exploratory warning; cutoff was not prespecified
1591287646,10,50,M,Pneumonia,5,10,True,False,exploratory warning; cutoff was not prespecified
1591287646,10,50,M,Pleural_Thickening,19,10,False,False,exploratory warning; cutoff was not prespecified
1591287646,10,50,M,Cardiomegaly,10,10,False,False,exploratory warning; cutoff was not prespecified
1591287646,10,50,M,Nodule,51,10,False,False,exploratory warning; cutoff was not prespecified
1591287646,10,50,M,Mass,24,10,False,False,exploratory warning; cutoff was not prespecified
1591287646,10,50,M,Hernia,2,10,True,False,exploratory warning; cutoff was not prespecified
1591287646,10,60,M,Atelectasis,61,10,False,False,exploratory warning; cutoff was not prespecified
1591287646,10,60,M,Consolidation,12,10,False,False,exploratory warning; cutoff was not prespecified
1591287646,10,60,M,Infiltration,75,10,False,False,exploratory warning; cutoff was not prespecified
1591287646,10,60,M,Pneumothorax,3,10,True,False,exploratory warning; cutoff was not prespecified
1591287646,10,60,M,Edema,1,10,True,False,exploratory warning; cutoff was not prespecified
1591287646,10,60,M,Emphysema,10,10,False,False,exploratory warning; cutoff was not prespecified
1591287646,10,60,M,Fibrosis,14,10,False,False,exploratory warning; cutoff was not prespecified
1591287646,10,60,M,Effusion,36,10,False,False,exploratory warning; cutoff was not prespecified
1591287646,10,60,M,Pneumonia,4,10,True,False,exploratory warning; cutoff was not prespecified
1591287646,10,60,M,Pleural_Thickening,30,10,False,False,exploratory warning; cutoff was not prespecified
1591287646,10,60,M,Cardiomegaly,11,10,False,False,exploratory warning; cutoff was not prespecified
1591287646,10,60,M,Nodule,44,10,False,False,exploratory warning; cutoff was not prespecified
1591287646,10,60,M,Mass,28,10,False,False,exploratory warning; cutoff was not prespecified
1591287646,10,60,M,Hernia,1,10,True,False,exploratory warning; cutoff was not prespecified
1591287646,10,70,M,Atelectasis,23,10,False,False,exploratory warning; cutoff was not prespecified
1591287646,10,70,M,Consolidation,8,10,True,False,exploratory warning; cutoff was not prespecified
1591287646,10,70,M,Infiltration,21,10,False,False,exploratory warning; cutoff was not prespecified
1591287646,10,70,M,Pneumothorax,2,10,True,False,exploratory warning; cutoff was not prespecified
1591287646,10,70,M,Edema,1,10,True,False,exploratory warning; cutoff was not prespecified
1591287646,10,70,M,Emphysema,9,10,True,False,exploratory warning; cutoff was not prespecified
1591287646,10,70,M,Fibrosis,12,10,False,False,exploratory warning; cutoff was not prespecified
1591287646,10,70,M,Effusion,15,10,False,False,exploratory warning; cutoff was not prespecified
1591287646,10,70,M,Pneumonia,4,10,True,False,exploratory warning; cutoff was not prespecified
1591287646,10,70,M,Pleural_Thickening,7,10,True,False,exploratory warning; cutoff was not prespecified
1591287646,10,70,M,Cardiomegaly,10,10,False,False,exploratory warning; cutoff was not prespecified
1591287646,10,70,M,Nodule,12,10,False,False,exploratory warning; cutoff was not prespecified
1591287646,10,70,M,Mass,12,10,False,False,exploratory warning; cutoff was not prespecified
1591287646,10,70,M,Hernia,4,10,True,False,exploratory warning; cutoff was not prespecified
1591287646,10,80,M,Atelectasis,2,10,True,False,exploratory warning; cutoff was not prespecified
1591287646,10,80,M,Consolidation,2,10,True,False,exploratory warning; cutoff was not prespecified
1591287646,10,80,M,Infiltration,4,10,True,False,exploratory warning; cutoff was not prespecified
1591287646,10,80,M,Pneumothorax,0,10,True,True,exploratory warning; cutoff was not prespecified
1591287646,10,80,M,Edema,0,10,True,True,exploratory warning; cutoff was not prespecified
1591287646,10,80,M,Emphysema,1,10,True,False,exploratory warning; cutoff was not prespecified
1591287646,10,80,M,Fibrosis,1,10,True,False,exploratory warning; cutoff was not prespecified
1591287646,10,80,M,Effusion,1,10,True,False,exploratory warning; cutoff was not prespecified
1591287646,10,80,M,Pneumonia,1,10,True,False,exploratory warning; cutoff was not prespecified
1591287646,10,80,M,Pleural_Thickening,1,10,True,False,exploratory warning; cutoff was not prespecified
1591287646,10,80,M,Cardiomegaly,2,10,True,False,exploratory warning; cutoff was not prespecified
1591287646,10,80,M,Nodule,4,10,True,False,exploratory warning; cutoff was not prespecified
1591287646,10,80,M,Mass,6,10,True,False,exploratory warning; cutoff was not prespecified
1591287646,10,80,M,Hernia,0,10,True,True,exploratory warning; cutoff was not prespecified
1591287646,10,90,M,Atelectasis,1,10,True,False,exploratory warning; cutoff was not prespecified
1591287646,10,90,M,Consolidation,1,10,True,False,exploratory warning; cutoff was not prespecified
1591287646,10,90,M,Infiltration,0,10,True,True,exploratory warning; cutoff was not prespecified
1591287646,10,90,M,Pneumothorax,0,10,True,True,exploratory warning; cutoff was not prespecified
1591287646,10,90,M,Edema,0,10,True,True,exploratory warning; cutoff was not prespecified
1591287646,10,90,M,Emphysema,0,10,True,True,exploratory warning; cutoff was not prespecified
1591287646,10,90,M,Fibrosis,1,10,True,False,exploratory warning; cutoff was not prespecified
1591287646,10,90,M,Effusion,0,10,True,True,exploratory warning; cutoff was not prespecified
1591287646,10,90,M,Pneumonia,0,10,True,True,exploratory warning; cutoff was not prespecified
1591287646,10,90,M,Pleural_Thickening,0,10,True,True,exploratory warning; cutoff was not prespecified
1591287646,10,90,M,Cardiomegaly,0,10,True,True,exploratory warning; cutoff was not prespecified
1591287646,10,90,M,Nodule,1,10,True,False,exploratory warning; cutoff was not prespecified
1591287646,10,90,M,Mass,0,10,True,True,exploratory warning; cutoff was not prespecified
1591287646,10,90,M,Hernia,0,10,True,True,exploratory warning; cutoff was not prespecified
2763601433,5,0,F,Atelectasis,1,10,True,False,exploratory warning; cutoff was not prespecified
2763601433,5,0,F,Consolidation,0,10,True,True,exploratory warning; cutoff was not prespecified
2763601433,5,0,F,Infiltration,2,10,True,False,exploratory warning; cutoff was not prespecified
2763601433,5,0,F,Pneumothorax,0,10,True,True,exploratory warning; cutoff was not prespecified
2763601433,5,0,F,Edema,0,10,True,True,exploratory warning; cutoff was not prespecified
2763601433,5,0,F,Emphysema,0,10,True,True,exploratory warning; cutoff was not prespecified
2763601433,5,0,F,Fibrosis,0,10,True,True,exploratory warning; cutoff was not prespecified
2763601433,5,0,F,Effusion,0,10,True,True,exploratory warning; cutoff was not prespecified
2763601433,5,0,F,Pneumonia,0,10,True,True,exploratory warning; cutoff was not prespecified
2763601433,5,0,F,Pleural_Thickening,0,10,True,True,exploratory warning; cutoff was not prespecified
2763601433,5,0,F,Cardiomegaly,0,10,True,True,exploratory warning; cutoff was not prespecified
2763601433,5,0,F,Nodule,0,10,True,True,exploratory warning; cutoff was not prespecified
2763601433,5,0,F,Mass,1,10,True,False,exploratory warning; cutoff was not prespecified
2763601433,5,0,F,Hernia,0,10,True,True,exploratory warning; cutoff was not prespecified
2763601433,5,5,F,Atelectasis,0,10,True,True,exploratory warning; cutoff was not prespecified
2763601433,5,5,F,Consolidation,0,10,True,True,exploratory warning; cutoff was not prespecified
2763601433,5,5,F,Infiltration,1,10,True,False,exploratory warning; cutoff was not prespecified
2763601433,5,5,F,Pneumothorax,0,10,True,True,exploratory warning; cutoff was not prespecified
2763601433,5,5,F,Edema,0,10,True,True,exploratory warning; cutoff was not prespecified
2763601433,5,5,F,Emphysema,0,10,True,True,exploratory warning; cutoff was not prespecified
2763601433,5,5,F,Fibrosis,0,10,True,True,exploratory warning; cutoff was not prespecified
2763601433,5,5,F,Effusion,1,10,True,False,exploratory warning; cutoff was not prespecified
2763601433,5,5,F,Pneumonia,1,10,True,False,exploratory warning; cutoff was not prespecified
2763601433,5,5,F,Pleural_Thickening,0,10,True,True,exploratory warning; cutoff was not prespecified
2763601433,5,5,F,Cardiomegaly,2,10,True,False,exploratory warning; cutoff was not prespecified
2763601433,5,5,F,Nodule,0,10,True,True,exploratory warning; cutoff was not prespecified
2763601433,5,5,F,Mass,0,10,True,True,exploratory warning; cutoff was not prespecified
2763601433,5,5,F,Hernia,0,10,True,True,exploratory warning; cutoff was not prespecified
2763601433,5,10,F,Atelectasis,1,10,True,False,exploratory warning; cutoff was not prespecified
2763601433,5,10,F,Consolidation,1,10,True,False,exploratory warning; cutoff was not prespecified
2763601433,5,10,F,Infiltration,3,10,True,False,exploratory warning; cutoff was not prespecified
2763601433,5,10,F,Pneumothorax,0,10,True,True,exploratory warning; cutoff was not prespecified
2763601433,5,10,F,Edema,0,10,True,True,exploratory warning; cutoff was not prespecified
2763601433,5,10,F,Emphysema,0,10,True,True,exploratory warning; cutoff was not prespecified
2763601433,5,10,F,Fibrosis,0,10,True,True,exploratory warning; cutoff was not prespecified
2763601433,5,10,F,Effusion,1,10,True,False,exploratory warning; cutoff was not prespecified
2763601433,5,10,F,Pneumonia,0,10,True,True,exploratory warning; cutoff was not prespecified
2763601433,5,10,F,Pleural_Thickening,1,10,True,False,exploratory warning; cutoff was not prespecified
2763601433,5,10,F,Cardiomegaly,1,10,True,False,exploratory warning; cutoff was not prespecified
2763601433,5,10,F,Nodule,2,10,True,False,exploratory warning; cutoff was not prespecified
2763601433,5,10,F,Mass,2,10,True,False,exploratory warning; cutoff was not prespecified
2763601433,5,10,F,Hernia,0,10,True,True,exploratory warning; cutoff was not prespecified
2763601433,5,15,F,Atelectasis,1,10,True,False,exploratory warning; cutoff was not prespecified
2763601433,5,15,F,Consolidation,1,10,True,False,exploratory warning; cutoff was not prespecified
2763601433,5,15,F,Infiltration,10,10,False,False,exploratory warning; cutoff was not prespecified
2763601433,5,15,F,Pneumothorax,0,10,True,True,exploratory warning; cutoff was not prespecified
2763601433,5,15,F,Edema,0,10,True,True,exploratory warning; cutoff was not prespecified
2763601433,5,15,F,Emphysema,0,10,True,True,exploratory warning; cutoff was not prespecified
2763601433,5,15,F,Fibrosis,1,10,True,False,exploratory warning; cutoff was not prespecified
2763601433,5,15,F,Effusion,5,10,True,False,exploratory warning; cutoff was not prespecified
2763601433,5,15,F,Pneumonia,0,10,True,True,exploratory warning; cutoff was not prespecified
2763601433,5,15,F,Pleural_Thickening,0,10,True,True,exploratory warning; cutoff was not prespecified
2763601433,5,15,F,Cardiomegaly,0,10,True,True,exploratory warning; cutoff was not prespecified
2763601433,5,15,F,Nodule,3,10,True,False,exploratory warning; cutoff was not prespecified
2763601433,5,15,F,Mass,2,10,True,False,exploratory warning; cutoff was not prespecified
2763601433,5,15,F,Hernia,0,10,True,True,exploratory warning; cutoff was not prespecified
2763601433,5,20,F,Atelectasis,3,10,True,False,exploratory warning; cutoff was not prespecified
2763601433,5,20,F,Consolidation,0,10,True,True,exploratory warning; cutoff was not prespecified
2763601433,5,20,F,Infiltration,9,10,True,False,exploratory warning; cutoff was not prespecified
2763601433,5,20,F,Pneumothorax,1,10,True,False,exploratory warning; cutoff was not prespecified
2763601433,5,20,F,Edema,0,10,True,True,exploratory warning; cutoff was not prespecified
2763601433,5,20,F,Emphysema,0,10,True,True,exploratory warning; cutoff was not prespecified
2763601433,5,20,F,Fibrosis,0,10,True,True,exploratory warning; cutoff was not prespecified
2763601433,5,20,F,Effusion,4,10,True,False,exploratory warning; cutoff was not prespecified
2763601433,5,20,F,Pneumonia,0,10,True,True,exploratory warning; cutoff was not prespecified
2763601433,5,20,F,Pleural_Thickening,0,10,True,True,exploratory warning; cutoff was not prespecified
2763601433,5,20,F,Cardiomegaly,1,10,True,False,exploratory warning; cutoff was not prespecified
2763601433,5,20,F,Nodule,3,10,True,False,exploratory warning; cutoff was not prespecified
2763601433,5,20,F,Mass,9,10,True,False,exploratory warning; cutoff was not prespecified
2763601433,5,20,F,Hernia,0,10,True,True,exploratory warning; cutoff was not prespecified
2763601433,5,25,F,Atelectasis,4,10,True,False,exploratory warning; cutoff was not prespecified
2763601433,5,25,F,Consolidation,3,10,True,False,exploratory warning; cutoff was not prespecified
2763601433,5,25,F,Infiltration,22,10,False,False,exploratory warning; cutoff was not prespecified
2763601433,5,25,F,Pneumothorax,4,10,True,False,exploratory warning; cutoff was not prespecified
2763601433,5,25,F,Edema,0,10,True,True,exploratory warning; cutoff was not prespecified
2763601433,5,25,F,Emphysema,2,10,True,False,exploratory warning; cutoff was not prespecified
2763601433,5,25,F,Fibrosis,4,10,True,False,exploratory warning; cutoff was not prespecified
2763601433,5,25,F,Effusion,4,10,True,False,exploratory warning; cutoff was not prespecified
2763601433,5,25,F,Pneumonia,0,10,True,True,exploratory warning; cutoff was not prespecified
2763601433,5,25,F,Pleural_Thickening,1,10,True,False,exploratory warning; cutoff was not prespecified
2763601433,5,25,F,Cardiomegaly,1,10,True,False,exploratory warning; cutoff was not prespecified
2763601433,5,25,F,Nodule,3,10,True,False,exploratory warning; cutoff was not prespecified
2763601433,5,25,F,Mass,6,10,True,False,exploratory warning; cutoff was not prespecified
2763601433,5,25,F,Hernia,0,10,True,True,exploratory warning; cutoff was not prespecified
2763601433,5,30,F,Atelectasis,10,10,False,False,exploratory warning; cutoff was not prespecified
2763601433,5,30,F,Consolidation,2,10,True,False,exploratory warning; cutoff was not prespecified
2763601433,5,30,F,Infiltration,16,10,False,False,exploratory warning; cutoff was not prespecified
2763601433,5,30,F,Pneumothorax,2,10,True,False,exploratory warning; cutoff was not prespecified
2763601433,5,30,F,Edema,0,10,True,True,exploratory warning; cutoff was not prespecified
2763601433,5,30,F,Emphysema,2,10,True,False,exploratory warning; cutoff was not prespecified
2763601433,5,30,F,Fibrosis,2,10,True,False,exploratory warning; cutoff was not prespecified
2763601433,5,30,F,Effusion,12,10,False,False,exploratory warning; cutoff was not prespecified
2763601433,5,30,F,Pneumonia,1,10,True,False,exploratory warning; cutoff was not prespecified
2763601433,5,30,F,Pleural_Thickening,6,10,True,False,exploratory warning; cutoff was not prespecified
2763601433,5,30,F,Cardiomegaly,5,10,True,False,exploratory warning; cutoff was not prespecified
2763601433,5,30,F,Nodule,9,10,True,False,exploratory warning; cutoff was not prespecified
2763601433,5,30,F,Mass,6,10,True,False,exploratory warning; cutoff was not prespecified
2763601433,5,30,F,Hernia,0,10,True,True,exploratory warning; cutoff was not prespecified
2763601433,5,35,F,Atelectasis,5,10,True,False,exploratory warning; cutoff was not prespecified
2763601433,5,35,F,Consolidation,2,10,True,False,exploratory warning; cutoff was not prespecified
2763601433,5,35,F,Infiltration,28,10,False,False,exploratory warning; cutoff was not prespecified
2763601433,5,35,F,Pneumothorax,5,10,True,False,exploratory warning; cutoff was not prespecified
2763601433,5,35,F,Edema,1,10,True,False,exploratory warning; cutoff was not prespecified
2763601433,5,35,F,Emphysema,1,10,True,False,exploratory warning; cutoff was not prespecified
2763601433,5,35,F,Fibrosis,1,10,True,False,exploratory warning; cutoff was not prespecified
2763601433,5,35,F,Effusion,5,10,True,False,exploratory warning; cutoff was not prespecified
2763601433,5,35,F,Pneumonia,1,10,True,False,exploratory warning; cutoff was not prespecified
2763601433,5,35,F,Pleural_Thickening,1,10,True,False,exploratory warning; cutoff was not prespecified
2763601433,5,35,F,Cardiomegaly,5,10,True,False,exploratory warning; cutoff was not prespecified
2763601433,5,35,F,Nodule,7,10,True,False,exploratory warning; cutoff was not prespecified
2763601433,5,35,F,Mass,2,10,True,False,exploratory warning; cutoff was not prespecified
2763601433,5,35,F,Hernia,0,10,True,True,exploratory warning; cutoff was not prespecified
2763601433,5,40,F,Atelectasis,9,10,True,False,exploratory warning; cutoff was not prespecified
2763601433,5,40,F,Consolidation,2,10,True,False,exploratory warning; cutoff was not prespecified
2763601433,5,40,F,Infiltration,31,10,False,False,exploratory warning; cutoff was not prespecified
2763601433,5,40,F,Pneumothorax,3,10,True,False,exploratory warning; cutoff was not prespecified
2763601433,5,40,F,Edema,0,10,True,True,exploratory warning; cutoff was not prespecified
2763601433,5,40,F,Emphysema,0,10,True,True,exploratory warning; cutoff was not prespecified
2763601433,5,40,F,Fibrosis,9,10,True,False,exploratory warning; cutoff was not prespecified
2763601433,5,40,F,Effusion,10,10,False,False,exploratory warning; cutoff was not prespecified
2763601433,5,40,F,Pneumonia,0,10,True,True,exploratory warning; cutoff was not prespecified
2763601433,5,40,F,Pleural_Thickening,6,10,True,False,exploratory warning; cutoff was not prespecified
2763601433,5,40,F,Cardiomegaly,3,10,True,False,exploratory warning; cutoff was not prespecified
2763601433,5,40,F,Nodule,17,10,False,False,exploratory warning; cutoff was not prespecified
2763601433,5,40,F,Mass,14,10,False,False,exploratory warning; cutoff was not prespecified
2763601433,5,40,F,Hernia,0,10,True,True,exploratory warning; cutoff was not prespecified
2763601433,5,45,F,Atelectasis,15,10,False,False,exploratory warning; cutoff was not prespecified
2763601433,5,45,F,Consolidation,3,10,True,False,exploratory warning; cutoff was not prespecified
2763601433,5,45,F,Infiltration,35,10,False,False,exploratory warning; cutoff was not prespecified
2763601433,5,45,F,Pneumothorax,3,10,True,False,exploratory warning; cutoff was not prespecified
2763601433,5,45,F,Edema,2,10,True,False,exploratory warning; cutoff was not prespecified
2763601433,5,45,F,Emphysema,1,10,True,False,exploratory warning; cutoff was not prespecified
2763601433,5,45,F,Fibrosis,6,10,True,False,exploratory warning; cutoff was not prespecified
2763601433,5,45,F,Effusion,11,10,False,False,exploratory warning; cutoff was not prespecified
2763601433,5,45,F,Pneumonia,3,10,True,False,exploratory warning; cutoff was not prespecified
2763601433,5,45,F,Pleural_Thickening,8,10,True,False,exploratory warning; cutoff was not prespecified
2763601433,5,45,F,Cardiomegaly,14,10,False,False,exploratory warning; cutoff was not prespecified
2763601433,5,45,F,Nodule,14,10,False,False,exploratory warning; cutoff was not prespecified
2763601433,5,45,F,Mass,6,10,True,False,exploratory warning; cutoff was not prespecified
2763601433,5,45,F,Hernia,1,10,True,False,exploratory warning; cutoff was not prespecified
2763601433,5,50,F,Atelectasis,17,10,False,False,exploratory warning; cutoff was not prespecified
2763601433,5,50,F,Consolidation,5,10,True,False,exploratory warning; cutoff was not prespecified
2763601433,5,50,F,Infiltration,54,10,False,False,exploratory warning; cutoff was not prespecified
2763601433,5,50,F,Pneumothorax,5,10,True,False,exploratory warning; cutoff was not prespecified
2763601433,5,50,F,Edema,3,10,True,False,exploratory warning; cutoff was not prespecified
2763601433,5,50,F,Emphysema,0,10,True,True,exploratory warning; cutoff was not prespecified
2763601433,5,50,F,Fibrosis,3,10,True,False,exploratory warning; cutoff was not prespecified
2763601433,5,50,F,Effusion,20,10,False,False,exploratory warning; cutoff was not prespecified
2763601433,5,50,F,Pneumonia,1,10,True,False,exploratory warning; cutoff was not prespecified
2763601433,5,50,F,Pleural_Thickening,11,10,False,False,exploratory warning; cutoff was not prespecified
2763601433,5,50,F,Cardiomegaly,17,10,False,False,exploratory warning; cutoff was not prespecified
2763601433,5,50,F,Nodule,24,10,False,False,exploratory warning; cutoff was not prespecified
2763601433,5,50,F,Mass,13,10,False,False,exploratory warning; cutoff was not prespecified
2763601433,5,50,F,Hernia,2,10,True,False,exploratory warning; cutoff was not prespecified
2763601433,5,55,F,Atelectasis,22,10,False,False,exploratory warning; cutoff was not prespecified
2763601433,5,55,F,Consolidation,0,10,True,True,exploratory warning; cutoff was not prespecified
2763601433,5,55,F,Infiltration,36,10,False,False,exploratory warning; cutoff was not prespecified
2763601433,5,55,F,Pneumothorax,4,10,True,False,exploratory warning; cutoff was not prespecified
2763601433,5,55,F,Edema,0,10,True,True,exploratory warning; cutoff was not prespecified
2763601433,5,55,F,Emphysema,3,10,True,False,exploratory warning; cutoff was not prespecified
2763601433,5,55,F,Fibrosis,8,10,True,False,exploratory warning; cutoff was not prespecified
2763601433,5,55,F,Effusion,13,10,False,False,exploratory warning; cutoff was not prespecified
2763601433,5,55,F,Pneumonia,0,10,True,True,exploratory warning; cutoff was not prespecified
2763601433,5,55,F,Pleural_Thickening,8,10,True,False,exploratory warning; cutoff was not prespecified
2763601433,5,55,F,Cardiomegaly,10,10,False,False,exploratory warning; cutoff was not prespecified
2763601433,5,55,F,Nodule,17,10,False,False,exploratory warning; cutoff was not prespecified
2763601433,5,55,F,Mass,16,10,False,False,exploratory warning; cutoff was not prespecified
2763601433,5,55,F,Hernia,1,10,True,False,exploratory warning; cutoff was not prespecified
2763601433,5,60,F,Atelectasis,9,10,True,False,exploratory warning; cutoff was not prespecified
2763601433,5,60,F,Consolidation,3,10,True,False,exploratory warning; cutoff was not prespecified
2763601433,5,60,F,Infiltration,31,10,False,False,exploratory warning; cutoff was not prespecified
2763601433,5,60,F,Pneumothorax,1,10,True,False,exploratory warning; cutoff was not prespecified
2763601433,5,60,F,Edema,1,10,True,False,exploratory warning; cutoff was not prespecified
2763601433,5,60,F,Emphysema,1,10,True,False,exploratory warning; cutoff was not prespecified
2763601433,5,60,F,Fibrosis,6,10,True,False,exploratory warning; cutoff was not prespecified
2763601433,5,60,F,Effusion,19,10,False,False,exploratory warning; cutoff was not prespecified
2763601433,5,60,F,Pneumonia,1,10,True,False,exploratory warning; cutoff was not prespecified
2763601433,5,60,F,Pleural_Thickening,3,10,True,False,exploratory warning; cutoff was not prespecified
2763601433,5,60,F,Cardiomegaly,10,10,False,False,exploratory warning; cutoff was not prespecified
2763601433,5,60,F,Nodule,15,10,False,False,exploratory warning; cutoff was not prespecified
2763601433,5,60,F,Mass,12,10,False,False,exploratory warning; cutoff was not prespecified
2763601433,5,60,F,Hernia,1,10,True,False,exploratory warning; cutoff was not prespecified
2763601433,5,65,F,Atelectasis,10,10,False,False,exploratory warning; cutoff was not prespecified
2763601433,5,65,F,Consolidation,2,10,True,False,exploratory warning; cutoff was not prespecified
2763601433,5,65,F,Infiltration,19,10,False,False,exploratory warning; cutoff was not prespecified
2763601433,5,65,F,Pneumothorax,2,10,True,False,exploratory warning; cutoff was not prespecified
2763601433,5,65,F,Edema,0,10,True,True,exploratory warning; cutoff was not prespecified
2763601433,5,65,F,Emphysema,4,10,True,False,exploratory warning; cutoff was not prespecified
2763601433,5,65,F,Fibrosis,5,10,True,False,exploratory warning; cutoff was not prespecified
2763601433,5,65,F,Effusion,6,10,True,False,exploratory warning; cutoff was not prespecified
2763601433,5,65,F,Pneumonia,1,10,True,False,exploratory warning; cutoff was not prespecified
2763601433,5,65,F,Pleural_Thickening,4,10,True,False,exploratory warning; cutoff was not prespecified
2763601433,5,65,F,Cardiomegaly,4,10,True,False,exploratory warning; cutoff was not prespecified
2763601433,5,65,F,Nodule,11,10,False,False,exploratory warning; cutoff was not prespecified
2763601433,5,65,F,Mass,8,10,True,False,exploratory warning; cutoff was not prespecified
2763601433,5,65,F,Hernia,0,10,True,True,exploratory warning; cutoff was not prespecified
2763601433,5,70,F,Atelectasis,7,10,True,False,exploratory warning; cutoff was not prespecified
2763601433,5,70,F,Consolidation,0,10,True,True,exploratory warning; cutoff was not prespecified
2763601433,5,70,F,Infiltration,12,10,False,False,exploratory warning; cutoff was not prespecified
2763601433,5,70,F,Pneumothorax,3,10,True,False,exploratory warning; cutoff was not prespecified
2763601433,5,70,F,Edema,0,10,True,True,exploratory warning; cutoff was not prespecified
2763601433,5,70,F,Emphysema,5,10,True,False,exploratory warning; cutoff was not prespecified
2763601433,5,70,F,Fibrosis,4,10,True,False,exploratory warning; cutoff was not prespecified
2763601433,5,70,F,Effusion,4,10,True,False,exploratory warning; cutoff was not prespecified
2763601433,5,70,F,Pneumonia,0,10,True,True,exploratory warning; cutoff was not prespecified
2763601433,5,70,F,Pleural_Thickening,4,10,True,False,exploratory warning; cutoff was not prespecified
2763601433,5,70,F,Cardiomegaly,5,10,True,False,exploratory warning; cutoff was not prespecified
2763601433,5,70,F,Nodule,5,10,True,False,exploratory warning; cutoff was not prespecified
2763601433,5,70,F,Mass,1,10,True,False,exploratory warning; cutoff was not prespecified
2763601433,5,70,F,Hernia,0,10,True,True,exploratory warning; cutoff was not prespecified
2763601433,5,75,F,Atelectasis,3,10,True,False,exploratory warning; cutoff was not prespecified
2763601433,5,75,F,Consolidation,2,10,True,False,exploratory warning; cutoff was not prespecified
2763601433,5,75,F,Infiltration,6,10,True,False,exploratory warning; cutoff was not prespecified
2763601433,5,75,F,Pneumothorax,1,10,True,False,exploratory warning; cutoff was not prespecified
2763601433,5,75,F,Edema,0,10,True,True,exploratory warning; cutoff was not prespecified
2763601433,5,75,F,Emphysema,2,10,True,False,exploratory warning; cutoff was not prespecified
2763601433,5,75,F,Fibrosis,1,10,True,False,exploratory warning; cutoff was not prespecified
2763601433,5,75,F,Effusion,6,10,True,False,exploratory warning; cutoff was not prespecified
2763601433,5,75,F,Pneumonia,0,10,True,True,exploratory warning; cutoff was not prespecified
2763601433,5,75,F,Pleural_Thickening,5,10,True,False,exploratory warning; cutoff was not prespecified
2763601433,5,75,F,Cardiomegaly,7,10,True,False,exploratory warning; cutoff was not prespecified
2763601433,5,75,F,Nodule,7,10,True,False,exploratory warning; cutoff was not prespecified
2763601433,5,75,F,Mass,8,10,True,False,exploratory warning; cutoff was not prespecified
2763601433,5,75,F,Hernia,0,10,True,True,exploratory warning; cutoff was not prespecified
2763601433,5,80,F,Atelectasis,2,10,True,False,exploratory warning; cutoff was not prespecified
2763601433,5,80,F,Consolidation,1,10,True,False,exploratory warning; cutoff was not prespecified
2763601433,5,80,F,Infiltration,2,10,True,False,exploratory warning; cutoff was not prespecified
2763601433,5,80,F,Pneumothorax,0,10,True,True,exploratory warning; cutoff was not prespecified
2763601433,5,80,F,Edema,0,10,True,True,exploratory warning; cutoff was not prespecified
2763601433,5,80,F,Emphysema,3,10,True,False,exploratory warning; cutoff was not prespecified
2763601433,5,80,F,Fibrosis,2,10,True,False,exploratory warning; cutoff was not prespecified
2763601433,5,80,F,Effusion,1,10,True,False,exploratory warning; cutoff was not prespecified
2763601433,5,80,F,Pneumonia,0,10,True,True,exploratory warning; cutoff was not prespecified
2763601433,5,80,F,Pleural_Thickening,0,10,True,True,exploratory warning; cutoff was not prespecified
2763601433,5,80,F,Cardiomegaly,2,10,True,False,exploratory warning; cutoff was not prespecified
2763601433,5,80,F,Nodule,1,10,True,False,exploratory warning; cutoff was not prespecified
2763601433,5,80,F,Mass,0,10,True,True,exploratory warning; cutoff was not prespecified
2763601433,5,80,F,Hernia,1,10,True,False,exploratory warning; cutoff was not prespecified
2763601433,5,85,F,Atelectasis,0,10,True,True,exploratory warning; cutoff was not prespecified
2763601433,5,85,F,Consolidation,0,10,True,True,exploratory warning; cutoff was not prespecified
2763601433,5,85,F,Infiltration,2,10,True,False,exploratory warning; cutoff was not prespecified
2763601433,5,85,F,Pneumothorax,0,10,True,True,exploratory warning; cutoff was not prespecified
2763601433,5,85,F,Edema,0,10,True,True,exploratory warning; cutoff was not prespecified
2763601433,5,85,F,Emphysema,0,10,True,True,exploratory warning; cutoff was not prespecified
2763601433,5,85,F,Fibrosis,0,10,True,True,exploratory warning; cutoff was not prespecified
2763601433,5,85,F,Effusion,0,10,True,True,exploratory warning; cutoff was not prespecified
2763601433,5,85,F,Pneumonia,0,10,True,True,exploratory warning; cutoff was not prespecified
2763601433,5,85,F,Pleural_Thickening,0,10,True,True,exploratory warning; cutoff was not prespecified
2763601433,5,85,F,Cardiomegaly,0,10,True,True,exploratory warning; cutoff was not prespecified
2763601433,5,85,F,Nodule,0,10,True,True,exploratory warning; cutoff was not prespecified
2763601433,5,85,F,Mass,0,10,True,True,exploratory warning; cutoff was not prespecified
2763601433,5,85,F,Hernia,1,10,True,False,exploratory warning; cutoff was not prespecified
2763601433,5,90,F,Atelectasis,0,10,True,True,exploratory warning; cutoff was not prespecified
2763601433,5,90,F,Consolidation,0,10,True,True,exploratory warning; cutoff was not prespecified
2763601433,5,90,F,Infiltration,0,10,True,True,exploratory warning; cutoff was not prespecified
2763601433,5,90,F,Pneumothorax,0,10,True,True,exploratory warning; cutoff was not prespecified
2763601433,5,90,F,Edema,0,10,True,True,exploratory warning; cutoff was not prespecified
2763601433,5,90,F,Emphysema,0,10,True,True,exploratory warning; cutoff was not prespecified
2763601433,5,90,F,Fibrosis,0,10,True,True,exploratory warning; cutoff was not prespecified
2763601433,5,90,F,Effusion,0,10,True,True,exploratory warning; cutoff was not prespecified
2763601433,5,90,F,Pneumonia,0,10,True,True,exploratory warning; cutoff was not prespecified
2763601433,5,90,F,Pleural_Thickening,0,10,True,True,exploratory warning; cutoff was not prespecified
2763601433,5,90,F,Cardiomegaly,0,10,True,True,exploratory warning; cutoff was not prespecified
2763601433,5,90,F,Nodule,1,10,True,False,exploratory warning; cutoff was not prespecified
2763601433,5,90,F,Mass,0,10,True,True,exploratory warning; cutoff was not prespecified
2763601433,5,90,F,Hernia,0,10,True,True,exploratory warning; cutoff was not prespecified
2763601433,5,0,M,Atelectasis,0,10,True,True,exploratory warning; cutoff was not prespecified
2763601433,5,0,M,Consolidation,1,10,True,False,exploratory warning; cutoff was not prespecified
2763601433,5,0,M,Infiltration,2,10,True,False,exploratory warning; cutoff was not prespecified
2763601433,5,0,M,Pneumothorax,1,10,True,False,exploratory warning; cutoff was not prespecified
2763601433,5,0,M,Edema,0,10,True,True,exploratory warning; cutoff was not prespecified
2763601433,5,0,M,Emphysema,0,10,True,True,exploratory warning; cutoff was not prespecified
2763601433,5,0,M,Fibrosis,0,10,True,True,exploratory warning; cutoff was not prespecified
2763601433,5,0,M,Effusion,0,10,True,True,exploratory warning; cutoff was not prespecified
2763601433,5,0,M,Pneumonia,0,10,True,True,exploratory warning; cutoff was not prespecified
2763601433,5,0,M,Pleural_Thickening,0,10,True,True,exploratory warning; cutoff was not prespecified
2763601433,5,0,M,Cardiomegaly,0,10,True,True,exploratory warning; cutoff was not prespecified
2763601433,5,0,M,Nodule,0,10,True,True,exploratory warning; cutoff was not prespecified
2763601433,5,0,M,Mass,1,10,True,False,exploratory warning; cutoff was not prespecified
2763601433,5,0,M,Hernia,0,10,True,True,exploratory warning; cutoff was not prespecified
2763601433,5,5,M,Atelectasis,4,10,True,False,exploratory warning; cutoff was not prespecified
2763601433,5,5,M,Consolidation,3,10,True,False,exploratory warning; cutoff was not prespecified
2763601433,5,5,M,Infiltration,6,10,True,False,exploratory warning; cutoff was not prespecified
2763601433,5,5,M,Pneumothorax,0,10,True,True,exploratory warning; cutoff was not prespecified
2763601433,5,5,M,Edema,0,10,True,True,exploratory warning; cutoff was not prespecified
2763601433,5,5,M,Emphysema,0,10,True,True,exploratory warning; cutoff was not prespecified
2763601433,5,5,M,Fibrosis,0,10,True,True,exploratory warning; cutoff was not prespecified
2763601433,5,5,M,Effusion,2,10,True,False,exploratory warning; cutoff was not prespecified
2763601433,5,5,M,Pneumonia,1,10,True,False,exploratory warning; cutoff was not prespecified
2763601433,5,5,M,Pleural_Thickening,0,10,True,True,exploratory warning; cutoff was not prespecified
2763601433,5,5,M,Cardiomegaly,2,10,True,False,exploratory warning; cutoff was not prespecified
2763601433,5,5,M,Nodule,1,10,True,False,exploratory warning; cutoff was not prespecified
2763601433,5,5,M,Mass,3,10,True,False,exploratory warning; cutoff was not prespecified
2763601433,5,5,M,Hernia,0,10,True,True,exploratory warning; cutoff was not prespecified
2763601433,5,10,M,Atelectasis,3,10,True,False,exploratory warning; cutoff was not prespecified
2763601433,5,10,M,Consolidation,3,10,True,False,exploratory warning; cutoff was not prespecified
2763601433,5,10,M,Infiltration,15,10,False,False,exploratory warning; cutoff was not prespecified
2763601433,5,10,M,Pneumothorax,1,10,True,False,exploratory warning; cutoff was not prespecified
2763601433,5,10,M,Edema,0,10,True,True,exploratory warning; cutoff was not prespecified
2763601433,5,10,M,Emphysema,0,10,True,True,exploratory warning; cutoff was not prespecified
2763601433,5,10,M,Fibrosis,0,10,True,True,exploratory warning; cutoff was not prespecified
2763601433,5,10,M,Effusion,4,10,True,False,exploratory warning; cutoff was not prespecified
2763601433,5,10,M,Pneumonia,0,10,True,True,exploratory warning; cutoff was not prespecified
2763601433,5,10,M,Pleural_Thickening,2,10,True,False,exploratory warning; cutoff was not prespecified
2763601433,5,10,M,Cardiomegaly,4,10,True,False,exploratory warning; cutoff was not prespecified
2763601433,5,10,M,Nodule,1,10,True,False,exploratory warning; cutoff was not prespecified
2763601433,5,10,M,Mass,4,10,True,False,exploratory warning; cutoff was not prespecified
2763601433,5,10,M,Hernia,0,10,True,True,exploratory warning; cutoff was not prespecified
2763601433,5,15,M,Atelectasis,2,10,True,False,exploratory warning; cutoff was not prespecified
2763601433,5,15,M,Consolidation,3,10,True,False,exploratory warning; cutoff was not prespecified
2763601433,5,15,M,Infiltration,14,10,False,False,exploratory warning; cutoff was not prespecified
2763601433,5,15,M,Pneumothorax,1,10,True,False,exploratory warning; cutoff was not prespecified
2763601433,5,15,M,Edema,1,10,True,False,exploratory warning; cutoff was not prespecified
2763601433,5,15,M,Emphysema,2,10,True,False,exploratory warning; cutoff was not prespecified
2763601433,5,15,M,Fibrosis,0,10,True,True,exploratory warning; cutoff was not prespecified
2763601433,5,15,M,Effusion,2,10,True,False,exploratory warning; cutoff was not prespecified
2763601433,5,15,M,Pneumonia,0,10,True,True,exploratory warning; cutoff was not prespecified
2763601433,5,15,M,Pleural_Thickening,1,10,True,False,exploratory warning; cutoff was not prespecified
2763601433,5,15,M,Cardiomegaly,1,10,True,False,exploratory warning; cutoff was not prespecified
2763601433,5,15,M,Nodule,2,10,True,False,exploratory warning; cutoff was not prespecified
2763601433,5,15,M,Mass,3,10,True,False,exploratory warning; cutoff was not prespecified
2763601433,5,15,M,Hernia,0,10,True,True,exploratory warning; cutoff was not prespecified
2763601433,5,20,M,Atelectasis,7,10,True,False,exploratory warning; cutoff was not prespecified
2763601433,5,20,M,Consolidation,2,10,True,False,exploratory warning; cutoff was not prespecified
2763601433,5,20,M,Infiltration,18,10,False,False,exploratory warning; cutoff was not prespecified
2763601433,5,20,M,Pneumothorax,1,10,True,False,exploratory warning; cutoff was not prespecified
2763601433,5,20,M,Edema,0,10,True,True,exploratory warning; cutoff was not prespecified
2763601433,5,20,M,Emphysema,1,10,True,False,exploratory warning; cutoff was not prespecified
2763601433,5,20,M,Fibrosis,1,10,True,False,exploratory warning; cutoff was not prespecified
2763601433,5,20,M,Effusion,2,10,True,False,exploratory warning; cutoff was not prespecified
2763601433,5,20,M,Pneumonia,1,10,True,False,exploratory warning; cutoff was not prespecified
2763601433,5,20,M,Pleural_Thickening,2,10,True,False,exploratory warning; cutoff was not prespecified
2763601433,5,20,M,Cardiomegaly,5,10,True,False,exploratory warning; cutoff was not prespecified
2763601433,5,20,M,Nodule,9,10,True,False,exploratory warning; cutoff was not prespecified
2763601433,5,20,M,Mass,5,10,True,False,exploratory warning; cutoff was not prespecified
2763601433,5,20,M,Hernia,0,10,True,True,exploratory warning; cutoff was not prespecified
2763601433,5,25,M,Atelectasis,10,10,False,False,exploratory warning; cutoff was not prespecified
2763601433,5,25,M,Consolidation,4,10,True,False,exploratory warning; cutoff was not prespecified
2763601433,5,25,M,Infiltration,32,10,False,False,exploratory warning; cutoff was not prespecified
2763601433,5,25,M,Pneumothorax,1,10,True,False,exploratory warning; cutoff was not prespecified
2763601433,5,25,M,Edema,0,10,True,True,exploratory warning; cutoff was not prespecified
2763601433,5,25,M,Emphysema,1,10,True,False,exploratory warning; cutoff was not prespecified
2763601433,5,25,M,Fibrosis,1,10,True,False,exploratory warning; cutoff was not prespecified
2763601433,5,25,M,Effusion,7,10,True,False,exploratory warning; cutoff was not prespecified
2763601433,5,25,M,Pneumonia,3,10,True,False,exploratory warning; cutoff was not prespecified
2763601433,5,25,M,Pleural_Thickening,5,10,True,False,exploratory warning; cutoff was not prespecified
2763601433,5,25,M,Cardiomegaly,4,10,True,False,exploratory warning; cutoff was not prespecified
2763601433,5,25,M,Nodule,8,10,True,False,exploratory warning; cutoff was not prespecified
2763601433,5,25,M,Mass,7,10,True,False,exploratory warning; cutoff was not prespecified
2763601433,5,25,M,Hernia,0,10,True,True,exploratory warning; cutoff was not prespecified
2763601433,5,30,M,Atelectasis,7,10,True,False,exploratory warning; cutoff was not prespecified
2763601433,5,30,M,Consolidation,1,10,True,False,exploratory warning; cutoff was not prespecified
2763601433,5,30,M,Infiltration,23,10,False,False,exploratory warning; cutoff was not prespecified
2763601433,5,30,M,Pneumothorax,1,10,True,False,exploratory warning; cutoff was not prespecified
2763601433,5,30,M,Edema,0,10,True,True,exploratory warning; cutoff was not prespecified
2763601433,5,30,M,Emphysema,0,10,True,True,exploratory warning; cutoff was not prespecified
2763601433,5,30,M,Fibrosis,2,10,True,False,exploratory warning; cutoff was not prespecified
2763601433,5,30,M,Effusion,13,10,False,False,exploratory warning; cutoff was not prespecified
2763601433,5,30,M,Pneumonia,2,10,True,False,exploratory warning; cutoff was not prespecified
2763601433,5,30,M,Pleural_Thickening,6,10,True,False,exploratory warning; cutoff was not prespecified
2763601433,5,30,M,Cardiomegaly,1,10,True,False,exploratory warning; cutoff was not prespecified
2763601433,5,30,M,Nodule,9,10,True,False,exploratory warning; cutoff was not prespecified
2763601433,5,30,M,Mass,10,10,False,False,exploratory warning; cutoff was not prespecified
2763601433,5,30,M,Hernia,0,10,True,True,exploratory warning; cutoff was not prespecified
2763601433,5,35,M,Atelectasis,8,10,True,False,exploratory warning; cutoff was not prespecified
2763601433,5,35,M,Consolidation,0,10,True,True,exploratory warning; cutoff was not prespecified
2763601433,5,35,M,Infiltration,30,10,False,False,exploratory warning; cutoff was not prespecified
2763601433,5,35,M,Pneumothorax,3,10,True,False,exploratory warning; cutoff was not prespecified
2763601433,5,35,M,Edema,2,10,True,False,exploratory warning; cutoff was not prespecified
2763601433,5,35,M,Emphysema,1,10,True,False,exploratory warning; cutoff was not prespecified
2763601433,5,35,M,Fibrosis,4,10,True,False,exploratory warning; cutoff was not prespecified
2763601433,5,35,M,Effusion,5,10,True,False,exploratory warning; cutoff was not prespecified
2763601433,5,35,M,Pneumonia,3,10,True,False,exploratory warning; cutoff was not prespecified
2763601433,5,35,M,Pleural_Thickening,3,10,True,False,exploratory warning; cutoff was not prespecified
2763601433,5,35,M,Cardiomegaly,4,10,True,False,exploratory warning; cutoff was not prespecified
2763601433,5,35,M,Nodule,9,10,True,False,exploratory warning; cutoff was not prespecified
2763601433,5,35,M,Mass,10,10,False,False,exploratory warning; cutoff was not prespecified
2763601433,5,35,M,Hernia,0,10,True,True,exploratory warning; cutoff was not prespecified
2763601433,5,40,M,Atelectasis,12,10,False,False,exploratory warning; cutoff was not prespecified
2763601433,5,40,M,Consolidation,4,10,True,False,exploratory warning; cutoff was not prespecified
2763601433,5,40,M,Infiltration,38,10,False,False,exploratory warning; cutoff was not prespecified
2763601433,5,40,M,Pneumothorax,2,10,True,False,exploratory warning; cutoff was not prespecified
2763601433,5,40,M,Edema,3,10,True,False,exploratory warning; cutoff was not prespecified
2763601433,5,40,M,Emphysema,3,10,True,False,exploratory warning; cutoff was not prespecified
2763601433,5,40,M,Fibrosis,4,10,True,False,exploratory warning; cutoff was not prespecified
2763601433,5,40,M,Effusion,7,10,True,False,exploratory warning; cutoff was not prespecified
2763601433,5,40,M,Pneumonia,2,10,True,False,exploratory warning; cutoff was not prespecified
2763601433,5,40,M,Pleural_Thickening,2,10,True,False,exploratory warning; cutoff was not prespecified
2763601433,5,40,M,Cardiomegaly,4,10,True,False,exploratory warning; cutoff was not prespecified
2763601433,5,40,M,Nodule,13,10,False,False,exploratory warning; cutoff was not prespecified
2763601433,5,40,M,Mass,14,10,False,False,exploratory warning; cutoff was not prespecified
2763601433,5,40,M,Hernia,0,10,True,True,exploratory warning; cutoff was not prespecified
2763601433,5,45,M,Atelectasis,23,10,False,False,exploratory warning; cutoff was not prespecified
2763601433,5,45,M,Consolidation,0,10,True,True,exploratory warning; cutoff was not prespecified
2763601433,5,45,M,Infiltration,40,10,False,False,exploratory warning; cutoff was not prespecified
2763601433,5,45,M,Pneumothorax,1,10,True,False,exploratory warning; cutoff was not prespecified
2763601433,5,45,M,Edema,2,10,True,False,exploratory warning; cutoff was not prespecified
2763601433,5,45,M,Emphysema,0,10,True,True,exploratory warning; cutoff was not prespecified
2763601433,5,45,M,Fibrosis,7,10,True,False,exploratory warning; cutoff was not prespecified
2763601433,5,45,M,Effusion,11,10,False,False,exploratory warning; cutoff was not prespecified
2763601433,5,45,M,Pneumonia,0,10,True,True,exploratory warning; cutoff was not prespecified
2763601433,5,45,M,Pleural_Thickening,9,10,True,False,exploratory warning; cutoff was not prespecified
2763601433,5,45,M,Cardiomegaly,6,10,True,False,exploratory warning; cutoff was not prespecified
2763601433,5,45,M,Nodule,21,10,False,False,exploratory warning; cutoff was not prespecified
2763601433,5,45,M,Mass,13,10,False,False,exploratory warning; cutoff was not prespecified
2763601433,5,45,M,Hernia,0,10,True,True,exploratory warning; cutoff was not prespecified
2763601433,5,50,M,Atelectasis,31,10,False,False,exploratory warning; cutoff was not prespecified
2763601433,5,50,M,Consolidation,5,10,True,False,exploratory warning; cutoff was not prespecified
2763601433,5,50,M,Infiltration,47,10,False,False,exploratory warning; cutoff was not prespecified
2763601433,5,50,M,Pneumothorax,1,10,True,False,exploratory warning; cutoff was not prespecified
2763601433,5,50,M,Edema,0,10,True,True,exploratory warning; cutoff was not prespecified
2763601433,5,50,M,Emphysema,1,10,True,False,exploratory warning; cutoff was not prespecified
2763601433,5,50,M,Fibrosis,5,10,True,False,exploratory warning; cutoff was not prespecified
2763601433,5,50,M,Effusion,14,10,False,False,exploratory warning; cutoff was not prespecified
2763601433,5,50,M,Pneumonia,2,10,True,False,exploratory warning; cutoff was not prespecified
2763601433,5,50,M,Pleural_Thickening,5,10,True,False,exploratory warning; cutoff was not prespecified
2763601433,5,50,M,Cardiomegaly,1,10,True,False,exploratory warning; cutoff was not prespecified
2763601433,5,50,M,Nodule,19,10,False,False,exploratory warning; cutoff was not prespecified
2763601433,5,50,M,Mass,13,10,False,False,exploratory warning; cutoff was not prespecified
2763601433,5,50,M,Hernia,0,10,True,True,exploratory warning; cutoff was not prespecified
2763601433,5,55,M,Atelectasis,27,10,False,False,exploratory warning; cutoff was not prespecified
2763601433,5,55,M,Consolidation,5,10,True,False,exploratory warning; cutoff was not prespecified
2763601433,5,55,M,Infiltration,30,10,False,False,exploratory warning; cutoff was not prespecified
2763601433,5,55,M,Pneumothorax,3,10,True,False,exploratory warning; cutoff was not prespecified
2763601433,5,55,M,Edema,2,10,True,False,exploratory warning; cutoff was not prespecified
2763601433,5,55,M,Emphysema,3,10,True,False,exploratory warning; cutoff was not prespecified
2763601433,5,55,M,Fibrosis,3,10,True,False,exploratory warning; cutoff was not prespecified
2763601433,5,55,M,Effusion,20,10,False,False,exploratory warning; cutoff was not prespecified
2763601433,5,55,M,Pneumonia,1,10,True,False,exploratory warning; cutoff was not prespecified
2763601433,5,55,M,Pleural_Thickening,15,10,False,False,exploratory warning; cutoff was not prespecified
2763601433,5,55,M,Cardiomegaly,6,10,True,False,exploratory warning; cutoff was not prespecified
2763601433,5,55,M,Nodule,22,10,False,False,exploratory warning; cutoff was not prespecified
2763601433,5,55,M,Mass,18,10,False,False,exploratory warning; cutoff was not prespecified
2763601433,5,55,M,Hernia,0,10,True,True,exploratory warning; cutoff was not prespecified
2763601433,5,60,M,Atelectasis,32,10,False,False,exploratory warning; cutoff was not prespecified
2763601433,5,60,M,Consolidation,4,10,True,False,exploratory warning; cutoff was not prespecified
2763601433,5,60,M,Infiltration,44,10,False,False,exploratory warning; cutoff was not prespecified
2763601433,5,60,M,Pneumothorax,3,10,True,False,exploratory warning; cutoff was not prespecified
2763601433,5,60,M,Edema,2,10,True,False,exploratory warning; cutoff was not prespecified
2763601433,5,60,M,Emphysema,7,10,True,False,exploratory warning; cutoff was not prespecified
2763601433,5,60,M,Fibrosis,8,10,True,False,exploratory warning; cutoff was not prespecified
2763601433,5,60,M,Effusion,15,10,False,False,exploratory warning; cutoff was not prespecified
2763601433,5,60,M,Pneumonia,0,10,True,True,exploratory warning; cutoff was not prespecified
2763601433,5,60,M,Pleural_Thickening,7,10,True,False,exploratory warning; cutoff was not prespecified
2763601433,5,60,M,Cardiomegaly,6,10,True,False,exploratory warning; cutoff was not prespecified
2763601433,5,60,M,Nodule,24,10,False,False,exploratory warning; cutoff was not prespecified
2763601433,5,60,M,Mass,17,10,False,False,exploratory warning; cutoff was not prespecified
2763601433,5,60,M,Hernia,2,10,True,False,exploratory warning; cutoff was not prespecified
2763601433,5,65,M,Atelectasis,17,10,False,False,exploratory warning; cutoff was not prespecified
2763601433,5,65,M,Consolidation,1,10,True,False,exploratory warning; cutoff was not prespecified
2763601433,5,65,M,Infiltration,31,10,False,False,exploratory warning; cutoff was not prespecified
2763601433,5,65,M,Pneumothorax,1,10,True,False,exploratory warning; cutoff was not prespecified
2763601433,5,65,M,Edema,2,10,True,False,exploratory warning; cutoff was not prespecified
2763601433,5,65,M,Emphysema,5,10,True,False,exploratory warning; cutoff was not prespecified
2763601433,5,65,M,Fibrosis,2,10,True,False,exploratory warning; cutoff was not prespecified
2763601433,5,65,M,Effusion,15,10,False,False,exploratory warning; cutoff was not prespecified
2763601433,5,65,M,Pneumonia,4,10,True,False,exploratory warning; cutoff was not prespecified
2763601433,5,65,M,Pleural_Thickening,7,10,True,False,exploratory warning; cutoff was not prespecified
2763601433,5,65,M,Cardiomegaly,9,10,True,False,exploratory warning; cutoff was not prespecified
2763601433,5,65,M,Nodule,17,10,False,False,exploratory warning; cutoff was not prespecified
2763601433,5,65,M,Mass,10,10,False,False,exploratory warning; cutoff was not prespecified
2763601433,5,65,M,Hernia,0,10,True,True,exploratory warning; cutoff was not prespecified
2763601433,5,70,M,Atelectasis,11,10,False,False,exploratory warning; cutoff was not prespecified
2763601433,5,70,M,Consolidation,2,10,True,False,exploratory warning; cutoff was not prespecified
2763601433,5,70,M,Infiltration,19,10,False,False,exploratory warning; cutoff was not prespecified
2763601433,5,70,M,Pneumothorax,1,10,True,False,exploratory warning; cutoff was not prespecified
2763601433,5,70,M,Edema,0,10,True,True,exploratory warning; cutoff was not prespecified
2763601433,5,70,M,Emphysema,7,10,True,False,exploratory warning; cutoff was not prespecified
2763601433,5,70,M,Fibrosis,7,10,True,False,exploratory warning; cutoff was not prespecified
2763601433,5,70,M,Effusion,11,10,False,False,exploratory warning; cutoff was not prespecified
2763601433,5,70,M,Pneumonia,1,10,True,False,exploratory warning; cutoff was not prespecified
2763601433,5,70,M,Pleural_Thickening,6,10,True,False,exploratory warning; cutoff was not prespecified
2763601433,5,70,M,Cardiomegaly,6,10,True,False,exploratory warning; cutoff was not prespecified
2763601433,5,70,M,Nodule,4,10,True,False,exploratory warning; cutoff was not prespecified
2763601433,5,70,M,Mass,7,10,True,False,exploratory warning; cutoff was not prespecified
2763601433,5,70,M,Hernia,0,10,True,True,exploratory warning; cutoff was not prespecified
2763601433,5,75,M,Atelectasis,10,10,False,False,exploratory warning; cutoff was not prespecified
2763601433,5,75,M,Consolidation,2,10,True,False,exploratory warning; cutoff was not prespecified
2763601433,5,75,M,Infiltration,8,10,True,False,exploratory warning; cutoff was not prespecified
2763601433,5,75,M,Pneumothorax,1,10,True,False,exploratory warning; cutoff was not prespecified
2763601433,5,75,M,Edema,0,10,True,True,exploratory warning; cutoff was not prespecified
2763601433,5,75,M,Emphysema,5,10,True,False,exploratory warning; cutoff was not prespecified
2763601433,5,75,M,Fibrosis,5,10,True,False,exploratory warning; cutoff was not prespecified
2763601433,5,75,M,Effusion,10,10,False,False,exploratory warning; cutoff was not prespecified
2763601433,5,75,M,Pneumonia,0,10,True,True,exploratory warning; cutoff was not prespecified
2763601433,5,75,M,Pleural_Thickening,1,10,True,False,exploratory warning; cutoff was not prespecified
2763601433,5,75,M,Cardiomegaly,3,10,True,False,exploratory warning; cutoff was not prespecified
2763601433,5,75,M,Nodule,6,10,True,False,exploratory warning; cutoff was not prespecified
2763601433,5,75,M,Mass,2,10,True,False,exploratory warning; cutoff was not prespecified
2763601433,5,75,M,Hernia,0,10,True,True,exploratory warning; cutoff was not prespecified
2763601433,5,80,M,Atelectasis,2,10,True,False,exploratory warning; cutoff was not prespecified
2763601433,5,80,M,Consolidation,1,10,True,False,exploratory warning; cutoff was not prespecified
2763601433,5,80,M,Infiltration,7,10,True,False,exploratory warning; cutoff was not prespecified
2763601433,5,80,M,Pneumothorax,1,10,True,False,exploratory warning; cutoff was not prespecified
2763601433,5,80,M,Edema,1,10,True,False,exploratory warning; cutoff was not prespecified
2763601433,5,80,M,Emphysema,4,10,True,False,exploratory warning; cutoff was not prespecified
2763601433,5,80,M,Fibrosis,2,10,True,False,exploratory warning; cutoff was not prespecified
2763601433,5,80,M,Effusion,1,10,True,False,exploratory warning; cutoff was not prespecified
2763601433,5,80,M,Pneumonia,1,10,True,False,exploratory warning; cutoff was not prespecified
2763601433,5,80,M,Pleural_Thickening,2,10,True,False,exploratory warning; cutoff was not prespecified
2763601433,5,80,M,Cardiomegaly,2,10,True,False,exploratory warning; cutoff was not prespecified
2763601433,5,80,M,Nodule,2,10,True,False,exploratory warning; cutoff was not prespecified
2763601433,5,80,M,Mass,1,10,True,False,exploratory warning; cutoff was not prespecified
2763601433,5,80,M,Hernia,1,10,True,False,exploratory warning; cutoff was not prespecified
2763601433,5,85,M,Atelectasis,1,10,True,False,exploratory warning; cutoff was not prespecified
2763601433,5,85,M,Consolidation,1,10,True,False,exploratory warning; cutoff was not prespecified
2763601433,5,85,M,Infiltration,0,10,True,True,exploratory warning; cutoff was not prespecified
2763601433,5,85,M,Pneumothorax,0,10,True,True,exploratory warning; cutoff was not prespecified
2763601433,5,85,M,Edema,0,10,True,True,exploratory warning; cutoff was not prespecified
2763601433,5,85,M,Emphysema,0,10,True,True,exploratory warning; cutoff was not prespecified
2763601433,5,85,M,Fibrosis,0,10,True,True,exploratory warning; cutoff was not prespecified
2763601433,5,85,M,Effusion,2,10,True,False,exploratory warning; cutoff was not prespecified
2763601433,5,85,M,Pneumonia,0,10,True,True,exploratory warning; cutoff was not prespecified
2763601433,5,85,M,Pleural_Thickening,0,10,True,True,exploratory warning; cutoff was not prespecified
2763601433,5,85,M,Cardiomegaly,2,10,True,False,exploratory warning; cutoff was not prespecified
2763601433,5,85,M,Nodule,2,10,True,False,exploratory warning; cutoff was not prespecified
2763601433,5,85,M,Mass,0,10,True,True,exploratory warning; cutoff was not prespecified
2763601433,5,85,M,Hernia,0,10,True,True,exploratory warning; cutoff was not prespecified
2763601433,5,90,M,Atelectasis,0,10,True,True,exploratory warning; cutoff was not prespecified
2763601433,5,90,M,Consolidation,0,10,True,True,exploratory warning; cutoff was not prespecified
2763601433,5,90,M,Infiltration,0,10,True,True,exploratory warning; cutoff was not prespecified
2763601433,5,90,M,Pneumothorax,0,10,True,True,exploratory warning; cutoff was not prespecified
2763601433,5,90,M,Edema,0,10,True,True,exploratory warning; cutoff was not prespecified
2763601433,5,90,M,Emphysema,0,10,True,True,exploratory warning; cutoff was not prespecified
2763601433,5,90,M,Fibrosis,0,10,True,True,exploratory warning; cutoff was not prespecified
2763601433,5,90,M,Effusion,0,10,True,True,exploratory warning; cutoff was not prespecified
2763601433,5,90,M,Pneumonia,0,10,True,True,exploratory warning; cutoff was not prespecified
2763601433,5,90,M,Pleural_Thickening,0,10,True,True,exploratory warning; cutoff was not prespecified
2763601433,5,90,M,Cardiomegaly,0,10,True,True,exploratory warning; cutoff was not prespecified
2763601433,5,90,M,Nodule,0,10,True,True,exploratory warning; cutoff was not prespecified
2763601433,5,90,M,Mass,0,10,True,True,exploratory warning; cutoff was not prespecified
2763601433,5,90,M,Hernia,0,10,True,True,exploratory warning; cutoff was not prespecified
2763601433,10,0,F,Atelectasis,1,10,True,False,exploratory warning; cutoff was not prespecified
2763601433,10,0,F,Consolidation,0,10,True,True,exploratory warning; cutoff was not prespecified
2763601433,10,0,F,Infiltration,3,10,True,False,exploratory warning; cutoff was not prespecified
2763601433,10,0,F,Pneumothorax,0,10,True,True,exploratory warning; cutoff was not prespecified
2763601433,10,0,F,Edema,0,10,True,True,exploratory warning; cutoff was not prespecified
2763601433,10,0,F,Emphysema,0,10,True,True,exploratory warning; cutoff was not prespecified
2763601433,10,0,F,Fibrosis,0,10,True,True,exploratory warning; cutoff was not prespecified
2763601433,10,0,F,Effusion,1,10,True,False,exploratory warning; cutoff was not prespecified
2763601433,10,0,F,Pneumonia,1,10,True,False,exploratory warning; cutoff was not prespecified
2763601433,10,0,F,Pleural_Thickening,0,10,True,True,exploratory warning; cutoff was not prespecified
2763601433,10,0,F,Cardiomegaly,2,10,True,False,exploratory warning; cutoff was not prespecified
2763601433,10,0,F,Nodule,0,10,True,True,exploratory warning; cutoff was not prespecified
2763601433,10,0,F,Mass,1,10,True,False,exploratory warning; cutoff was not prespecified
2763601433,10,0,F,Hernia,0,10,True,True,exploratory warning; cutoff was not prespecified
2763601433,10,10,F,Atelectasis,2,10,True,False,exploratory warning; cutoff was not prespecified
2763601433,10,10,F,Consolidation,2,10,True,False,exploratory warning; cutoff was not prespecified
2763601433,10,10,F,Infiltration,13,10,False,False,exploratory warning; cutoff was not prespecified
2763601433,10,10,F,Pneumothorax,0,10,True,True,exploratory warning; cutoff was not prespecified
2763601433,10,10,F,Edema,0,10,True,True,exploratory warning; cutoff was not prespecified
2763601433,10,10,F,Emphysema,0,10,True,True,exploratory warning; cutoff was not prespecified
2763601433,10,10,F,Fibrosis,1,10,True,False,exploratory warning; cutoff was not prespecified
2763601433,10,10,F,Effusion,6,10,True,False,exploratory warning; cutoff was not prespecified
2763601433,10,10,F,Pneumonia,0,10,True,True,exploratory warning; cutoff was not prespecified
2763601433,10,10,F,Pleural_Thickening,1,10,True,False,exploratory warning; cutoff was not prespecified
2763601433,10,10,F,Cardiomegaly,1,10,True,False,exploratory warning; cutoff was not prespecified
2763601433,10,10,F,Nodule,5,10,True,False,exploratory warning; cutoff was not prespecified
2763601433,10,10,F,Mass,4,10,True,False,exploratory warning; cutoff was not prespecified
2763601433,10,10,F,Hernia,0,10,True,True,exploratory warning; cutoff was not prespecified
2763601433,10,20,F,Atelectasis,7,10,True,False,exploratory warning; cutoff was not prespecified
2763601433,10,20,F,Consolidation,3,10,True,False,exploratory warning; cutoff was not prespecified
2763601433,10,20,F,Infiltration,31,10,False,False,exploratory warning; cutoff was not prespecified
2763601433,10,20,F,Pneumothorax,5,10,True,False,exploratory warning; cutoff was not prespecified
2763601433,10,20,F,Edema,0,10,True,True,exploratory warning; cutoff was not prespecified
2763601433,10,20,F,Emphysema,2,10,True,False,exploratory warning; cutoff was not prespecified
2763601433,10,20,F,Fibrosis,4,10,True,False,exploratory warning; cutoff was not prespecified
2763601433,10,20,F,Effusion,8,10,True,False,exploratory warning; cutoff was not prespecified
2763601433,10,20,F,Pneumonia,0,10,True,True,exploratory warning; cutoff was not prespecified
2763601433,10,20,F,Pleural_Thickening,1,10,True,False,exploratory warning; cutoff was not prespecified
2763601433,10,20,F,Cardiomegaly,2,10,True,False,exploratory warning; cutoff was not prespecified
2763601433,10,20,F,Nodule,6,10,True,False,exploratory warning; cutoff was not prespecified
2763601433,10,20,F,Mass,15,10,False,False,exploratory warning; cutoff was not prespecified
2763601433,10,20,F,Hernia,0,10,True,True,exploratory warning; cutoff was not prespecified
2763601433,10,30,F,Atelectasis,15,10,False,False,exploratory warning; cutoff was not prespecified
2763601433,10,30,F,Consolidation,4,10,True,False,exploratory warning; cutoff was not prespecified
2763601433,10,30,F,Infiltration,44,10,False,False,exploratory warning; cutoff was not prespecified
2763601433,10,30,F,Pneumothorax,7,10,True,False,exploratory warning; cutoff was not prespecified
2763601433,10,30,F,Edema,1,10,True,False,exploratory warning; cutoff was not prespecified
2763601433,10,30,F,Emphysema,3,10,True,False,exploratory warning; cutoff was not prespecified
2763601433,10,30,F,Fibrosis,3,10,True,False,exploratory warning; cutoff was not prespecified
2763601433,10,30,F,Effusion,17,10,False,False,exploratory warning; cutoff was not prespecified
2763601433,10,30,F,Pneumonia,2,10,True,False,exploratory warning; cutoff was not prespecified
2763601433,10,30,F,Pleural_Thickening,7,10,True,False,exploratory warning; cutoff was not prespecified
2763601433,10,30,F,Cardiomegaly,10,10,False,False,exploratory warning; cutoff was not prespecified
2763601433,10,30,F,Nodule,16,10,False,False,exploratory warning; cutoff was not prespecified
2763601433,10,30,F,Mass,8,10,True,False,exploratory warning; cutoff was not prespecified
2763601433,10,30,F,Hernia,0,10,True,True,exploratory warning; cutoff was not prespecified
2763601433,10,40,F,Atelectasis,24,10,False,False,exploratory warning; cutoff was not prespecified
2763601433,10,40,F,Consolidation,5,10,True,False,exploratory warning; cutoff was not prespecified
2763601433,10,40,F,Infiltration,66,10,False,False,exploratory warning; cutoff was not prespecified
2763601433,10,40,F,Pneumothorax,6,10,True,False,exploratory warning; cutoff was not prespecified
2763601433,10,40,F,Edema,2,10,True,False,exploratory warning; cutoff was not prespecified
2763601433,10,40,F,Emphysema,1,10,True,False,exploratory warning; cutoff was not prespecified
2763601433,10,40,F,Fibrosis,15,10,False,False,exploratory warning; cutoff was not prespecified
2763601433,10,40,F,Effusion,21,10,False,False,exploratory warning; cutoff was not prespecified
2763601433,10,40,F,Pneumonia,3,10,True,False,exploratory warning; cutoff was not prespecified
2763601433,10,40,F,Pleural_Thickening,14,10,False,False,exploratory warning; cutoff was not prespecified
2763601433,10,40,F,Cardiomegaly,17,10,False,False,exploratory warning; cutoff was not prespecified
2763601433,10,40,F,Nodule,31,10,False,False,exploratory warning; cutoff was not prespecified
2763601433,10,40,F,Mass,20,10,False,False,exploratory warning; cutoff was not prespecified
2763601433,10,40,F,Hernia,1,10,True,False,exploratory warning; cutoff was not prespecified
2763601433,10,50,F,Atelectasis,39,10,False,False,exploratory warning; cutoff was not prespecified
2763601433,10,50,F,Consolidation,5,10,True,False,exploratory warning; cutoff was not prespecified
2763601433,10,50,F,Infiltration,90,10,False,False,exploratory warning; cutoff was not prespecified
2763601433,10,50,F,Pneumothorax,9,10,True,False,exploratory warning; cutoff was not prespecified
2763601433,10,50,F,Edema,3,10,True,False,exploratory warning; cutoff was not prespecified
2763601433,10,50,F,Emphysema,3,10,True,False,exploratory warning; cutoff was not prespecified
2763601433,10,50,F,Fibrosis,11,10,False,False,exploratory warning; cutoff was not prespecified
2763601433,10,50,F,Effusion,33,10,False,False,exploratory warning; cutoff was not prespecified
2763601433,10,50,F,Pneumonia,1,10,True,False,exploratory warning; cutoff was not prespecified
2763601433,10,50,F,Pleural_Thickening,19,10,False,False,exploratory warning; cutoff was not prespecified
2763601433,10,50,F,Cardiomegaly,27,10,False,False,exploratory warning; cutoff was not prespecified
2763601433,10,50,F,Nodule,41,10,False,False,exploratory warning; cutoff was not prespecified
2763601433,10,50,F,Mass,29,10,False,False,exploratory warning; cutoff was not prespecified
2763601433,10,50,F,Hernia,3,10,True,False,exploratory warning; cutoff was not prespecified
2763601433,10,60,F,Atelectasis,19,10,False,False,exploratory warning; cutoff was not prespecified
2763601433,10,60,F,Consolidation,5,10,True,False,exploratory warning; cutoff was not prespecified
2763601433,10,60,F,Infiltration,50,10,False,False,exploratory warning; cutoff was not prespecified
2763601433,10,60,F,Pneumothorax,3,10,True,False,exploratory warning; cutoff was not prespecified
2763601433,10,60,F,Edema,1,10,True,False,exploratory warning; cutoff was not prespecified
2763601433,10,60,F,Emphysema,5,10,True,False,exploratory warning; cutoff was not prespecified
2763601433,10,60,F,Fibrosis,11,10,False,False,exploratory warning; cutoff was not prespecified
2763601433,10,60,F,Effusion,25,10,False,False,exploratory warning; cutoff was not prespecified
2763601433,10,60,F,Pneumonia,2,10,True,False,exploratory warning; cutoff was not prespecified
2763601433,10,60,F,Pleural_Thickening,7,10,True,False,exploratory warning; cutoff was not prespecified
2763601433,10,60,F,Cardiomegaly,14,10,False,False,exploratory warning; cutoff was not prespecified
2763601433,10,60,F,Nodule,26,10,False,False,exploratory warning; cutoff was not prespecified
2763601433,10,60,F,Mass,20,10,False,False,exploratory warning; cutoff was not prespecified
2763601433,10,60,F,Hernia,1,10,True,False,exploratory warning; cutoff was not prespecified
2763601433,10,70,F,Atelectasis,10,10,False,False,exploratory warning; cutoff was not prespecified
2763601433,10,70,F,Consolidation,2,10,True,False,exploratory warning; cutoff was not prespecified
2763601433,10,70,F,Infiltration,18,10,False,False,exploratory warning; cutoff was not prespecified
2763601433,10,70,F,Pneumothorax,4,10,True,False,exploratory warning; cutoff was not prespecified
2763601433,10,70,F,Edema,0,10,True,True,exploratory warning; cutoff was not prespecified
2763601433,10,70,F,Emphysema,7,10,True,False,exploratory warning; cutoff was not prespecified
2763601433,10,70,F,Fibrosis,5,10,True,False,exploratory warning; cutoff was not prespecified
2763601433,10,70,F,Effusion,10,10,False,False,exploratory warning; cutoff was not prespecified
2763601433,10,70,F,Pneumonia,0,10,True,True,exploratory warning; cutoff was not prespecified
2763601433,10,70,F,Pleural_Thickening,9,10,True,False,exploratory warning; cutoff was not prespecified
2763601433,10,70,F,Cardiomegaly,12,10,False,False,exploratory warning; cutoff was not prespecified
2763601433,10,70,F,Nodule,12,10,False,False,exploratory warning; cutoff was not prespecified
2763601433,10,70,F,Mass,9,10,True,False,exploratory warning; cutoff was not prespecified
2763601433,10,70,F,Hernia,0,10,True,True,exploratory warning; cutoff was not prespecified
2763601433,10,80,F,Atelectasis,2,10,True,False,exploratory warning; cutoff was not prespecified
2763601433,10,80,F,Consolidation,1,10,True,False,exploratory warning; cutoff was not prespecified
2763601433,10,80,F,Infiltration,4,10,True,False,exploratory warning; cutoff was not prespecified
2763601433,10,80,F,Pneumothorax,0,10,True,True,exploratory warning; cutoff was not prespecified
2763601433,10,80,F,Edema,0,10,True,True,exploratory warning; cutoff was not prespecified
2763601433,10,80,F,Emphysema,3,10,True,False,exploratory warning; cutoff was not prespecified
2763601433,10,80,F,Fibrosis,2,10,True,False,exploratory warning; cutoff was not prespecified
2763601433,10,80,F,Effusion,1,10,True,False,exploratory warning; cutoff was not prespecified
2763601433,10,80,F,Pneumonia,0,10,True,True,exploratory warning; cutoff was not prespecified
2763601433,10,80,F,Pleural_Thickening,0,10,True,True,exploratory warning; cutoff was not prespecified
2763601433,10,80,F,Cardiomegaly,2,10,True,False,exploratory warning; cutoff was not prespecified
2763601433,10,80,F,Nodule,1,10,True,False,exploratory warning; cutoff was not prespecified
2763601433,10,80,F,Mass,0,10,True,True,exploratory warning; cutoff was not prespecified
2763601433,10,80,F,Hernia,2,10,True,False,exploratory warning; cutoff was not prespecified
2763601433,10,90,F,Atelectasis,0,10,True,True,exploratory warning; cutoff was not prespecified
2763601433,10,90,F,Consolidation,0,10,True,True,exploratory warning; cutoff was not prespecified
2763601433,10,90,F,Infiltration,0,10,True,True,exploratory warning; cutoff was not prespecified
2763601433,10,90,F,Pneumothorax,0,10,True,True,exploratory warning; cutoff was not prespecified
2763601433,10,90,F,Edema,0,10,True,True,exploratory warning; cutoff was not prespecified
2763601433,10,90,F,Emphysema,0,10,True,True,exploratory warning; cutoff was not prespecified
2763601433,10,90,F,Fibrosis,0,10,True,True,exploratory warning; cutoff was not prespecified
2763601433,10,90,F,Effusion,0,10,True,True,exploratory warning; cutoff was not prespecified
2763601433,10,90,F,Pneumonia,0,10,True,True,exploratory warning; cutoff was not prespecified
2763601433,10,90,F,Pleural_Thickening,0,10,True,True,exploratory warning; cutoff was not prespecified
2763601433,10,90,F,Cardiomegaly,0,10,True,True,exploratory warning; cutoff was not prespecified
2763601433,10,90,F,Nodule,1,10,True,False,exploratory warning; cutoff was not prespecified
2763601433,10,90,F,Mass,0,10,True,True,exploratory warning; cutoff was not prespecified
2763601433,10,90,F,Hernia,0,10,True,True,exploratory warning; cutoff was not prespecified
2763601433,10,0,M,Atelectasis,4,10,True,False,exploratory warning; cutoff was not prespecified
2763601433,10,0,M,Consolidation,4,10,True,False,exploratory warning; cutoff was not prespecified
2763601433,10,0,M,Infiltration,8,10,True,False,exploratory warning; cutoff was not prespecified
2763601433,10,0,M,Pneumothorax,1,10,True,False,exploratory warning; cutoff was not prespecified
2763601433,10,0,M,Edema,0,10,True,True,exploratory warning; cutoff was not prespecified
2763601433,10,0,M,Emphysema,0,10,True,True,exploratory warning; cutoff was not prespecified
2763601433,10,0,M,Fibrosis,0,10,True,True,exploratory warning; cutoff was not prespecified
2763601433,10,0,M,Effusion,2,10,True,False,exploratory warning; cutoff was not prespecified
2763601433,10,0,M,Pneumonia,1,10,True,False,exploratory warning; cutoff was not prespecified
2763601433,10,0,M,Pleural_Thickening,0,10,True,True,exploratory warning; cutoff was not prespecified
2763601433,10,0,M,Cardiomegaly,2,10,True,False,exploratory warning; cutoff was not prespecified
2763601433,10,0,M,Nodule,1,10,True,False,exploratory warning; cutoff was not prespecified
2763601433,10,0,M,Mass,4,10,True,False,exploratory warning; cutoff was not prespecified
2763601433,10,0,M,Hernia,0,10,True,True,exploratory warning; cutoff was not prespecified
2763601433,10,10,M,Atelectasis,5,10,True,False,exploratory warning; cutoff was not prespecified
2763601433,10,10,M,Consolidation,6,10,True,False,exploratory warning; cutoff was not prespecified
2763601433,10,10,M,Infiltration,29,10,False,False,exploratory warning; cutoff was not prespecified
2763601433,10,10,M,Pneumothorax,2,10,True,False,exploratory warning; cutoff was not prespecified
2763601433,10,10,M,Edema,1,10,True,False,exploratory warning; cutoff was not prespecified
2763601433,10,10,M,Emphysema,2,10,True,False,exploratory warning; cutoff was not prespecified
2763601433,10,10,M,Fibrosis,0,10,True,True,exploratory warning; cutoff was not prespecified
2763601433,10,10,M,Effusion,6,10,True,False,exploratory warning; cutoff was not prespecified
2763601433,10,10,M,Pneumonia,0,10,True,True,exploratory warning; cutoff was not prespecified
2763601433,10,10,M,Pleural_Thickening,3,10,True,False,exploratory warning; cutoff was not prespecified
2763601433,10,10,M,Cardiomegaly,5,10,True,False,exploratory warning; cutoff was not prespecified
2763601433,10,10,M,Nodule,3,10,True,False,exploratory warning; cutoff was not prespecified
2763601433,10,10,M,Mass,7,10,True,False,exploratory warning; cutoff was not prespecified
2763601433,10,10,M,Hernia,0,10,True,True,exploratory warning; cutoff was not prespecified
2763601433,10,20,M,Atelectasis,17,10,False,False,exploratory warning; cutoff was not prespecified
2763601433,10,20,M,Consolidation,6,10,True,False,exploratory warning; cutoff was not prespecified
2763601433,10,20,M,Infiltration,50,10,False,False,exploratory warning; cutoff was not prespecified
2763601433,10,20,M,Pneumothorax,2,10,True,False,exploratory warning; cutoff was not prespecified
2763601433,10,20,M,Edema,0,10,True,True,exploratory warning; cutoff was not prespecified
2763601433,10,20,M,Emphysema,2,10,True,False,exploratory warning; cutoff was not prespecified
2763601433,10,20,M,Fibrosis,2,10,True,False,exploratory warning; cutoff was not prespecified
2763601433,10,20,M,Effusion,9,10,True,False,exploratory warning; cutoff was not prespecified
2763601433,10,20,M,Pneumonia,4,10,True,False,exploratory warning; cutoff was not prespecified
2763601433,10,20,M,Pleural_Thickening,7,10,True,False,exploratory warning; cutoff was not prespecified
2763601433,10,20,M,Cardiomegaly,9,10,True,False,exploratory warning; cutoff was not prespecified
2763601433,10,20,M,Nodule,17,10,False,False,exploratory warning; cutoff was not prespecified
2763601433,10,20,M,Mass,12,10,False,False,exploratory warning; cutoff was not prespecified
2763601433,10,20,M,Hernia,0,10,True,True,exploratory warning; cutoff was not prespecified
2763601433,10,30,M,Atelectasis,15,10,False,False,exploratory warning; cutoff was not prespecified
2763601433,10,30,M,Consolidation,1,10,True,False,exploratory warning; cutoff was not prespecified
2763601433,10,30,M,Infiltration,53,10,False,False,exploratory warning; cutoff was not prespecified
2763601433,10,30,M,Pneumothorax,4,10,True,False,exploratory warning; cutoff was not prespecified
2763601433,10,30,M,Edema,2,10,True,False,exploratory warning; cutoff was not prespecified
2763601433,10,30,M,Emphysema,1,10,True,False,exploratory warning; cutoff was not prespecified
2763601433,10,30,M,Fibrosis,6,10,True,False,exploratory warning; cutoff was not prespecified
2763601433,10,30,M,Effusion,18,10,False,False,exploratory warning; cutoff was not prespecified
2763601433,10,30,M,Pneumonia,5,10,True,False,exploratory warning; cutoff was not prespecified
2763601433,10,30,M,Pleural_Thickening,9,10,True,False,exploratory warning; cutoff was not prespecified
2763601433,10,30,M,Cardiomegaly,5,10,True,False,exploratory warning; cutoff was not prespecified
2763601433,10,30,M,Nodule,18,10,False,False,exploratory warning; cutoff was not prespecified
2763601433,10,30,M,Mass,20,10,False,False,exploratory warning; cutoff was not prespecified
2763601433,10,30,M,Hernia,0,10,True,True,exploratory warning; cutoff was not prespecified
2763601433,10,40,M,Atelectasis,35,10,False,False,exploratory warning; cutoff was not prespecified
2763601433,10,40,M,Consolidation,4,10,True,False,exploratory warning; cutoff was not prespecified
2763601433,10,40,M,Infiltration,78,10,False,False,exploratory warning; cutoff was not prespecified
2763601433,10,40,M,Pneumothorax,3,10,True,False,exploratory warning; cutoff was not prespecified
2763601433,10,40,M,Edema,5,10,True,False,exploratory warning; cutoff was not prespecified
2763601433,10,40,M,Emphysema,3,10,True,False,exploratory warning; cutoff was not prespecified
2763601433,10,40,M,Fibrosis,11,10,False,False,exploratory warning; cutoff was not prespecified
2763601433,10,40,M,Effusion,18,10,False,False,exploratory warning; cutoff was not prespecified
2763601433,10,40,M,Pneumonia,2,10,True,False,exploratory warning; cutoff was not prespecified
2763601433,10,40,M,Pleural_Thickening,11,10,False,False,exploratory warning; cutoff was not prespecified
2763601433,10,40,M,Cardiomegaly,10,10,False,False,exploratory warning; cutoff was not prespecified
2763601433,10,40,M,Nodule,34,10,False,False,exploratory warning; cutoff was not prespecified
2763601433,10,40,M,Mass,27,10,False,False,exploratory warning; cutoff was not prespecified
2763601433,10,40,M,Hernia,0,10,True,True,exploratory warning; cutoff was not prespecified
2763601433,10,50,M,Atelectasis,58,10,False,False,exploratory warning; cutoff was not prespecified
2763601433,10,50,M,Consolidation,10,10,False,False,exploratory warning; cutoff was not prespecified
2763601433,10,50,M,Infiltration,77,10,False,False,exploratory warning; cutoff was not prespecified
2763601433,10,50,M,Pneumothorax,4,10,True,False,exploratory warning; cutoff was not prespecified
2763601433,10,50,M,Edema,2,10,True,False,exploratory warning; cutoff was not prespecified
2763601433,10,50,M,Emphysema,4,10,True,False,exploratory warning; cutoff was not prespecified
2763601433,10,50,M,Fibrosis,8,10,True,False,exploratory warning; cutoff was not prespecified
2763601433,10,50,M,Effusion,34,10,False,False,exploratory warning; cutoff was not prespecified
2763601433,10,50,M,Pneumonia,3,10,True,False,exploratory warning; cutoff was not prespecified
2763601433,10,50,M,Pleural_Thickening,20,10,False,False,exploratory warning; cutoff was not prespecified
2763601433,10,50,M,Cardiomegaly,7,10,True,False,exploratory warning; cutoff was not prespecified
2763601433,10,50,M,Nodule,41,10,False,False,exploratory warning; cutoff was not prespecified
2763601433,10,50,M,Mass,31,10,False,False,exploratory warning; cutoff was not prespecified
2763601433,10,50,M,Hernia,0,10,True,True,exploratory warning; cutoff was not prespecified
2763601433,10,60,M,Atelectasis,49,10,False,False,exploratory warning; cutoff was not prespecified
2763601433,10,60,M,Consolidation,5,10,True,False,exploratory warning; cutoff was not prespecified
2763601433,10,60,M,Infiltration,75,10,False,False,exploratory warning; cutoff was not prespecified
2763601433,10,60,M,Pneumothorax,4,10,True,False,exploratory warning; cutoff was not prespecified
2763601433,10,60,M,Edema,4,10,True,False,exploratory warning; cutoff was not prespecified
2763601433,10,60,M,Emphysema,12,10,False,False,exploratory warning; cutoff was not prespecified
2763601433,10,60,M,Fibrosis,10,10,False,False,exploratory warning; cutoff was not prespecified
2763601433,10,60,M,Effusion,30,10,False,False,exploratory warning; cutoff was not prespecified
2763601433,10,60,M,Pneumonia,4,10,True,False,exploratory warning; cutoff was not prespecified
2763601433,10,60,M,Pleural_Thickening,14,10,False,False,exploratory warning; cutoff was not prespecified
2763601433,10,60,M,Cardiomegaly,15,10,False,False,exploratory warning; cutoff was not prespecified
2763601433,10,60,M,Nodule,41,10,False,False,exploratory warning; cutoff was not prespecified
2763601433,10,60,M,Mass,27,10,False,False,exploratory warning; cutoff was not prespecified
2763601433,10,60,M,Hernia,2,10,True,False,exploratory warning; cutoff was not prespecified
2763601433,10,70,M,Atelectasis,21,10,False,False,exploratory warning; cutoff was not prespecified
2763601433,10,70,M,Consolidation,4,10,True,False,exploratory warning; cutoff was not prespecified
2763601433,10,70,M,Infiltration,27,10,False,False,exploratory warning; cutoff was not prespecified
2763601433,10,70,M,Pneumothorax,2,10,True,False,exploratory warning; cutoff was not prespecified
2763601433,10,70,M,Edema,0,10,True,True,exploratory warning; cutoff was not prespecified
2763601433,10,70,M,Emphysema,12,10,False,False,exploratory warning; cutoff was not prespecified
2763601433,10,70,M,Fibrosis,12,10,False,False,exploratory warning; cutoff was not prespecified
2763601433,10,70,M,Effusion,21,10,False,False,exploratory warning; cutoff was not prespecified
2763601433,10,70,M,Pneumonia,1,10,True,False,exploratory warning; cutoff was not prespecified
2763601433,10,70,M,Pleural_Thickening,7,10,True,False,exploratory warning; cutoff was not prespecified
2763601433,10,70,M,Cardiomegaly,9,10,True,False,exploratory warning; cutoff was not prespecified
2763601433,10,70,M,Nodule,10,10,False,False,exploratory warning; cutoff was not prespecified
2763601433,10,70,M,Mass,9,10,True,False,exploratory warning; cutoff was not prespecified
2763601433,10,70,M,Hernia,0,10,True,True,exploratory warning; cutoff was not prespecified
2763601433,10,80,M,Atelectasis,3,10,True,False,exploratory warning; cutoff was not prespecified
2763601433,10,80,M,Consolidation,2,10,True,False,exploratory warning; cutoff was not prespecified
2763601433,10,80,M,Infiltration,7,10,True,False,exploratory warning; cutoff was not prespecified
2763601433,10,80,M,Pneumothorax,1,10,True,False,exploratory warning; cutoff was not prespecified
2763601433,10,80,M,Edema,1,10,True,False,exploratory warning; cutoff was not prespecified
2763601433,10,80,M,Emphysema,4,10,True,False,exploratory warning; cutoff was not prespecified
2763601433,10,80,M,Fibrosis,2,10,True,False,exploratory warning; cutoff was not prespecified
2763601433,10,80,M,Effusion,3,10,True,False,exploratory warning; cutoff was not prespecified
2763601433,10,80,M,Pneumonia,1,10,True,False,exploratory warning; cutoff was not prespecified
2763601433,10,80,M,Pleural_Thickening,2,10,True,False,exploratory warning; cutoff was not prespecified
2763601433,10,80,M,Cardiomegaly,4,10,True,False,exploratory warning; cutoff was not prespecified
2763601433,10,80,M,Nodule,4,10,True,False,exploratory warning; cutoff was not prespecified
2763601433,10,80,M,Mass,1,10,True,False,exploratory warning; cutoff was not prespecified
2763601433,10,80,M,Hernia,1,10,True,False,exploratory warning; cutoff was not prespecified
2763601433,10,90,M,Atelectasis,0,10,True,True,exploratory warning; cutoff was not prespecified
2763601433,10,90,M,Consolidation,0,10,True,True,exploratory warning; cutoff was not prespecified
2763601433,10,90,M,Infiltration,0,10,True,True,exploratory warning; cutoff was not prespecified
2763601433,10,90,M,Pneumothorax,0,10,True,True,exploratory warning; cutoff was not prespecified
2763601433,10,90,M,Edema,0,10,True,True,exploratory warning; cutoff was not prespecified
2763601433,10,90,M,Emphysema,0,10,True,True,exploratory warning; cutoff was not prespecified
2763601433,10,90,M,Fibrosis,0,10,True,True,exploratory warning; cutoff was not prespecified
2763601433,10,90,M,Effusion,0,10,True,True,exploratory warning; cutoff was not prespecified
2763601433,10,90,M,Pneumonia,0,10,True,True,exploratory warning; cutoff was not prespecified
2763601433,10,90,M,Pleural_Thickening,0,10,True,True,exploratory warning; cutoff was not prespecified
2763601433,10,90,M,Cardiomegaly,0,10,True,True,exploratory warning; cutoff was not prespecified
2763601433,10,90,M,Nodule,0,10,True,True,exploratory warning; cutoff was not prespecified
2763601433,10,90,M,Mass,0,10,True,True,exploratory warning; cutoff was not prespecified
2763601433,10,90,M,Hernia,0,10,True,True,exploratory warning; cutoff was not prespecified
1524358342,5,0,F,Atelectasis,2,10,True,False,exploratory warning; cutoff was not prespecified
1524358342,5,0,F,Consolidation,0,10,True,True,exploratory warning; cutoff was not prespecified
1524358342,5,0,F,Infiltration,6,10,True,False,exploratory warning; cutoff was not prespecified
1524358342,5,0,F,Pneumothorax,0,10,True,True,exploratory warning; cutoff was not prespecified
1524358342,5,0,F,Edema,0,10,True,True,exploratory warning; cutoff was not prespecified
1524358342,5,0,F,Emphysema,0,10,True,True,exploratory warning; cutoff was not prespecified
1524358342,5,0,F,Fibrosis,0,10,True,True,exploratory warning; cutoff was not prespecified
1524358342,5,0,F,Effusion,0,10,True,True,exploratory warning; cutoff was not prespecified
1524358342,5,0,F,Pneumonia,1,10,True,False,exploratory warning; cutoff was not prespecified
1524358342,5,0,F,Pleural_Thickening,0,10,True,True,exploratory warning; cutoff was not prespecified
1524358342,5,0,F,Cardiomegaly,0,10,True,True,exploratory warning; cutoff was not prespecified
1524358342,5,0,F,Nodule,0,10,True,True,exploratory warning; cutoff was not prespecified
1524358342,5,0,F,Mass,0,10,True,True,exploratory warning; cutoff was not prespecified
1524358342,5,0,F,Hernia,0,10,True,True,exploratory warning; cutoff was not prespecified
1524358342,5,5,F,Atelectasis,0,10,True,True,exploratory warning; cutoff was not prespecified
1524358342,5,5,F,Consolidation,0,10,True,True,exploratory warning; cutoff was not prespecified
1524358342,5,5,F,Infiltration,3,10,True,False,exploratory warning; cutoff was not prespecified
1524358342,5,5,F,Pneumothorax,0,10,True,True,exploratory warning; cutoff was not prespecified
1524358342,5,5,F,Edema,0,10,True,True,exploratory warning; cutoff was not prespecified
1524358342,5,5,F,Emphysema,0,10,True,True,exploratory warning; cutoff was not prespecified
1524358342,5,5,F,Fibrosis,0,10,True,True,exploratory warning; cutoff was not prespecified
1524358342,5,5,F,Effusion,3,10,True,False,exploratory warning; cutoff was not prespecified
1524358342,5,5,F,Pneumonia,1,10,True,False,exploratory warning; cutoff was not prespecified
1524358342,5,5,F,Pleural_Thickening,0,10,True,True,exploratory warning; cutoff was not prespecified
1524358342,5,5,F,Cardiomegaly,2,10,True,False,exploratory warning; cutoff was not prespecified
1524358342,5,5,F,Nodule,0,10,True,True,exploratory warning; cutoff was not prespecified
1524358342,5,5,F,Mass,2,10,True,False,exploratory warning; cutoff was not prespecified
1524358342,5,5,F,Hernia,0,10,True,True,exploratory warning; cutoff was not prespecified
1524358342,5,10,F,Atelectasis,0,10,True,True,exploratory warning; cutoff was not prespecified
1524358342,5,10,F,Consolidation,1,10,True,False,exploratory warning; cutoff was not prespecified
1524358342,5,10,F,Infiltration,5,10,True,False,exploratory warning; cutoff was not prespecified
1524358342,5,10,F,Pneumothorax,0,10,True,True,exploratory warning; cutoff was not prespecified
1524358342,5,10,F,Edema,0,10,True,True,exploratory warning; cutoff was not prespecified
1524358342,5,10,F,Emphysema,0,10,True,True,exploratory warning; cutoff was not prespecified
1524358342,5,10,F,Fibrosis,0,10,True,True,exploratory warning; cutoff was not prespecified
1524358342,5,10,F,Effusion,0,10,True,True,exploratory warning; cutoff was not prespecified
1524358342,5,10,F,Pneumonia,1,10,True,False,exploratory warning; cutoff was not prespecified
1524358342,5,10,F,Pleural_Thickening,1,10,True,False,exploratory warning; cutoff was not prespecified
1524358342,5,10,F,Cardiomegaly,2,10,True,False,exploratory warning; cutoff was not prespecified
1524358342,5,10,F,Nodule,6,10,True,False,exploratory warning; cutoff was not prespecified
1524358342,5,10,F,Mass,1,10,True,False,exploratory warning; cutoff was not prespecified
1524358342,5,10,F,Hernia,0,10,True,True,exploratory warning; cutoff was not prespecified
1524358342,5,15,F,Atelectasis,3,10,True,False,exploratory warning; cutoff was not prespecified
1524358342,5,15,F,Consolidation,0,10,True,True,exploratory warning; cutoff was not prespecified
1524358342,5,15,F,Infiltration,12,10,False,False,exploratory warning; cutoff was not prespecified
1524358342,5,15,F,Pneumothorax,0,10,True,True,exploratory warning; cutoff was not prespecified
1524358342,5,15,F,Edema,0,10,True,True,exploratory warning; cutoff was not prespecified
1524358342,5,15,F,Emphysema,0,10,True,True,exploratory warning; cutoff was not prespecified
1524358342,5,15,F,Fibrosis,0,10,True,True,exploratory warning; cutoff was not prespecified
1524358342,5,15,F,Effusion,3,10,True,False,exploratory warning; cutoff was not prespecified
1524358342,5,15,F,Pneumonia,0,10,True,True,exploratory warning; cutoff was not prespecified
1524358342,5,15,F,Pleural_Thickening,0,10,True,True,exploratory warning; cutoff was not prespecified
1524358342,5,15,F,Cardiomegaly,1,10,True,False,exploratory warning; cutoff was not prespecified
1524358342,5,15,F,Nodule,2,10,True,False,exploratory warning; cutoff was not prespecified
1524358342,5,15,F,Mass,0,10,True,True,exploratory warning; cutoff was not prespecified
1524358342,5,15,F,Hernia,0,10,True,True,exploratory warning; cutoff was not prespecified
1524358342,5,20,F,Atelectasis,2,10,True,False,exploratory warning; cutoff was not prespecified
1524358342,5,20,F,Consolidation,4,10,True,False,exploratory warning; cutoff was not prespecified
1524358342,5,20,F,Infiltration,23,10,False,False,exploratory warning; cutoff was not prespecified
1524358342,5,20,F,Pneumothorax,0,10,True,True,exploratory warning; cutoff was not prespecified
1524358342,5,20,F,Edema,0,10,True,True,exploratory warning; cutoff was not prespecified
1524358342,5,20,F,Emphysema,0,10,True,True,exploratory warning; cutoff was not prespecified
1524358342,5,20,F,Fibrosis,1,10,True,False,exploratory warning; cutoff was not prespecified
1524358342,5,20,F,Effusion,2,10,True,False,exploratory warning; cutoff was not prespecified
1524358342,5,20,F,Pneumonia,1,10,True,False,exploratory warning; cutoff was not prespecified
1524358342,5,20,F,Pleural_Thickening,1,10,True,False,exploratory warning; cutoff was not prespecified
1524358342,5,20,F,Cardiomegaly,2,10,True,False,exploratory warning; cutoff was not prespecified
1524358342,5,20,F,Nodule,6,10,True,False,exploratory warning; cutoff was not prespecified
1524358342,5,20,F,Mass,8,10,True,False,exploratory warning; cutoff was not prespecified
1524358342,5,20,F,Hernia,0,10,True,True,exploratory warning; cutoff was not prespecified
1524358342,5,25,F,Atelectasis,7,10,True,False,exploratory warning; cutoff was not prespecified
1524358342,5,25,F,Consolidation,1,10,True,False,exploratory warning; cutoff was not prespecified
1524358342,5,25,F,Infiltration,34,10,False,False,exploratory warning; cutoff was not prespecified
1524358342,5,25,F,Pneumothorax,2,10,True,False,exploratory warning; cutoff was not prespecified
1524358342,5,25,F,Edema,0,10,True,True,exploratory warning; cutoff was not prespecified
1524358342,5,25,F,Emphysema,2,10,True,False,exploratory warning; cutoff was not prespecified
1524358342,5,25,F,Fibrosis,2,10,True,False,exploratory warning; cutoff was not prespecified
1524358342,5,25,F,Effusion,7,10,True,False,exploratory warning; cutoff was not prespecified
1524358342,5,25,F,Pneumonia,0,10,True,True,exploratory warning; cutoff was not prespecified
1524358342,5,25,F,Pleural_Thickening,2,10,True,False,exploratory warning; cutoff was not prespecified
1524358342,5,25,F,Cardiomegaly,6,10,True,False,exploratory warning; cutoff was not prespecified
1524358342,5,25,F,Nodule,10,10,False,False,exploratory warning; cutoff was not prespecified
1524358342,5,25,F,Mass,6,10,True,False,exploratory warning; cutoff was not prespecified
1524358342,5,25,F,Hernia,0,10,True,True,exploratory warning; cutoff was not prespecified
1524358342,5,30,F,Atelectasis,7,10,True,False,exploratory warning; cutoff was not prespecified
1524358342,5,30,F,Consolidation,5,10,True,False,exploratory warning; cutoff was not prespecified
1524358342,5,30,F,Infiltration,19,10,False,False,exploratory warning; cutoff was not prespecified
1524358342,5,30,F,Pneumothorax,0,10,True,True,exploratory warning; cutoff was not prespecified
1524358342,5,30,F,Edema,0,10,True,True,exploratory warning; cutoff was not prespecified
1524358342,5,30,F,Emphysema,0,10,True,True,exploratory warning; cutoff was not prespecified
1524358342,5,30,F,Fibrosis,2,10,True,False,exploratory warning; cutoff was not prespecified
1524358342,5,30,F,Effusion,9,10,True,False,exploratory warning; cutoff was not prespecified
1524358342,5,30,F,Pneumonia,1,10,True,False,exploratory warning; cutoff was not prespecified
1524358342,5,30,F,Pleural_Thickening,1,10,True,False,exploratory warning; cutoff was not prespecified
1524358342,5,30,F,Cardiomegaly,0,10,True,True,exploratory warning; cutoff was not prespecified
1524358342,5,30,F,Nodule,6,10,True,False,exploratory warning; cutoff was not prespecified
1524358342,5,30,F,Mass,7,10,True,False,exploratory warning; cutoff was not prespecified
1524358342,5,30,F,Hernia,0,10,True,True,exploratory warning; cutoff was not prespecified
1524358342,5,35,F,Atelectasis,8,10,True,False,exploratory warning; cutoff was not prespecified
1524358342,5,35,F,Consolidation,2,10,True,False,exploratory warning; cutoff was not prespecified
1524358342,5,35,F,Infiltration,22,10,False,False,exploratory warning; cutoff was not prespecified
1524358342,5,35,F,Pneumothorax,1,10,True,False,exploratory warning; cutoff was not prespecified
1524358342,5,35,F,Edema,2,10,True,False,exploratory warning; cutoff was not prespecified
1524358342,5,35,F,Emphysema,0,10,True,True,exploratory warning; cutoff was not prespecified
1524358342,5,35,F,Fibrosis,1,10,True,False,exploratory warning; cutoff was not prespecified
1524358342,5,35,F,Effusion,6,10,True,False,exploratory warning; cutoff was not prespecified
1524358342,5,35,F,Pneumonia,2,10,True,False,exploratory warning; cutoff was not prespecified
1524358342,5,35,F,Pleural_Thickening,3,10,True,False,exploratory warning; cutoff was not prespecified
1524358342,5,35,F,Cardiomegaly,10,10,False,False,exploratory warning; cutoff was not prespecified
1524358342,5,35,F,Nodule,6,10,True,False,exploratory warning; cutoff was not prespecified
1524358342,5,35,F,Mass,4,10,True,False,exploratory warning; cutoff was not prespecified
1524358342,5,35,F,Hernia,0,10,True,True,exploratory warning; cutoff was not prespecified
1524358342,5,40,F,Atelectasis,9,10,True,False,exploratory warning; cutoff was not prespecified
1524358342,5,40,F,Consolidation,7,10,True,False,exploratory warning; cutoff was not prespecified
1524358342,5,40,F,Infiltration,32,10,False,False,exploratory warning; cutoff was not prespecified
1524358342,5,40,F,Pneumothorax,3,10,True,False,exploratory warning; cutoff was not prespecified
1524358342,5,40,F,Edema,0,10,True,True,exploratory warning; cutoff was not prespecified
1524358342,5,40,F,Emphysema,2,10,True,False,exploratory warning; cutoff was not prespecified
1524358342,5,40,F,Fibrosis,7,10,True,False,exploratory warning; cutoff was not prespecified
1524358342,5,40,F,Effusion,12,10,False,False,exploratory warning; cutoff was not prespecified
1524358342,5,40,F,Pneumonia,1,10,True,False,exploratory warning; cutoff was not prespecified
1524358342,5,40,F,Pleural_Thickening,7,10,True,False,exploratory warning; cutoff was not prespecified
1524358342,5,40,F,Cardiomegaly,6,10,True,False,exploratory warning; cutoff was not prespecified
1524358342,5,40,F,Nodule,15,10,False,False,exploratory warning; cutoff was not prespecified
1524358342,5,40,F,Mass,10,10,False,False,exploratory warning; cutoff was not prespecified
1524358342,5,40,F,Hernia,0,10,True,True,exploratory warning; cutoff was not prespecified
1524358342,5,45,F,Atelectasis,15,10,False,False,exploratory warning; cutoff was not prespecified
1524358342,5,45,F,Consolidation,8,10,True,False,exploratory warning; cutoff was not prespecified
1524358342,5,45,F,Infiltration,39,10,False,False,exploratory warning; cutoff was not prespecified
1524358342,5,45,F,Pneumothorax,4,10,True,False,exploratory warning; cutoff was not prespecified
1524358342,5,45,F,Edema,1,10,True,False,exploratory warning; cutoff was not prespecified
1524358342,5,45,F,Emphysema,1,10,True,False,exploratory warning; cutoff was not prespecified
1524358342,5,45,F,Fibrosis,9,10,True,False,exploratory warning; cutoff was not prespecified
1524358342,5,45,F,Effusion,16,10,False,False,exploratory warning; cutoff was not prespecified
1524358342,5,45,F,Pneumonia,1,10,True,False,exploratory warning; cutoff was not prespecified
1524358342,5,45,F,Pleural_Thickening,9,10,True,False,exploratory warning; cutoff was not prespecified
1524358342,5,45,F,Cardiomegaly,8,10,True,False,exploratory warning; cutoff was not prespecified
1524358342,5,45,F,Nodule,19,10,False,False,exploratory warning; cutoff was not prespecified
1524358342,5,45,F,Mass,11,10,False,False,exploratory warning; cutoff was not prespecified
1524358342,5,45,F,Hernia,0,10,True,True,exploratory warning; cutoff was not prespecified
1524358342,5,50,F,Atelectasis,14,10,False,False,exploratory warning; cutoff was not prespecified
1524358342,5,50,F,Consolidation,1,10,True,False,exploratory warning; cutoff was not prespecified
1524358342,5,50,F,Infiltration,33,10,False,False,exploratory warning; cutoff was not prespecified
1524358342,5,50,F,Pneumothorax,4,10,True,False,exploratory warning; cutoff was not prespecified
1524358342,5,50,F,Edema,1,10,True,False,exploratory warning; cutoff was not prespecified
1524358342,5,50,F,Emphysema,1,10,True,False,exploratory warning; cutoff was not prespecified
1524358342,5,50,F,Fibrosis,5,10,True,False,exploratory warning; cutoff was not prespecified
1524358342,5,50,F,Effusion,12,10,False,False,exploratory warning; cutoff was not prespecified
1524358342,5,50,F,Pneumonia,1,10,True,False,exploratory warning; cutoff was not prespecified
1524358342,5,50,F,Pleural_Thickening,5,10,True,False,exploratory warning; cutoff was not prespecified
1524358342,5,50,F,Cardiomegaly,10,10,False,False,exploratory warning; cutoff was not prespecified
1524358342,5,50,F,Nodule,27,10,False,False,exploratory warning; cutoff was not prespecified
1524358342,5,50,F,Mass,13,10,False,False,exploratory warning; cutoff was not prespecified
1524358342,5,50,F,Hernia,1,10,True,False,exploratory warning; cutoff was not prespecified
1524358342,5,55,F,Atelectasis,24,10,False,False,exploratory warning; cutoff was not prespecified
1524358342,5,55,F,Consolidation,4,10,True,False,exploratory warning; cutoff was not prespecified
1524358342,5,55,F,Infiltration,41,10,False,False,exploratory warning; cutoff was not prespecified
1524358342,5,55,F,Pneumothorax,2,10,True,False,exploratory warning; cutoff was not prespecified
1524358342,5,55,F,Edema,0,10,True,True,exploratory warning; cutoff was not prespecified
1524358342,5,55,F,Emphysema,3,10,True,False,exploratory warning; cutoff was not prespecified
1524358342,5,55,F,Fibrosis,6,10,True,False,exploratory warning; cutoff was not prespecified
1524358342,5,55,F,Effusion,21,10,False,False,exploratory warning; cutoff was not prespecified
1524358342,5,55,F,Pneumonia,2,10,True,False,exploratory warning; cutoff was not prespecified
1524358342,5,55,F,Pleural_Thickening,8,10,True,False,exploratory warning; cutoff was not prespecified
1524358342,5,55,F,Cardiomegaly,17,10,False,False,exploratory warning; cutoff was not prespecified
1524358342,5,55,F,Nodule,20,10,False,False,exploratory warning; cutoff was not prespecified
1524358342,5,55,F,Mass,15,10,False,False,exploratory warning; cutoff was not prespecified
1524358342,5,55,F,Hernia,1,10,True,False,exploratory warning; cutoff was not prespecified
1524358342,5,60,F,Atelectasis,19,10,False,False,exploratory warning; cutoff was not prespecified
1524358342,5,60,F,Consolidation,5,10,True,False,exploratory warning; cutoff was not prespecified
1524358342,5,60,F,Infiltration,27,10,False,False,exploratory warning; cutoff was not prespecified
1524358342,5,60,F,Pneumothorax,4,10,True,False,exploratory warning; cutoff was not prespecified
1524358342,5,60,F,Edema,0,10,True,True,exploratory warning; cutoff was not prespecified
1524358342,5,60,F,Emphysema,2,10,True,False,exploratory warning; cutoff was not prespecified
1524358342,5,60,F,Fibrosis,8,10,True,False,exploratory warning; cutoff was not prespecified
1524358342,5,60,F,Effusion,13,10,False,False,exploratory warning; cutoff was not prespecified
1524358342,5,60,F,Pneumonia,4,10,True,False,exploratory warning; cutoff was not prespecified
1524358342,5,60,F,Pleural_Thickening,10,10,False,False,exploratory warning; cutoff was not prespecified
1524358342,5,60,F,Cardiomegaly,12,10,False,False,exploratory warning; cutoff was not prespecified
1524358342,5,60,F,Nodule,23,10,False,False,exploratory warning; cutoff was not prespecified
1524358342,5,60,F,Mass,18,10,False,False,exploratory warning; cutoff was not prespecified
1524358342,5,60,F,Hernia,2,10,True,False,exploratory warning; cutoff was not prespecified
1524358342,5,65,F,Atelectasis,11,10,False,False,exploratory warning; cutoff was not prespecified
1524358342,5,65,F,Consolidation,0,10,True,True,exploratory warning; cutoff was not prespecified
1524358342,5,65,F,Infiltration,17,10,False,False,exploratory warning; cutoff was not prespecified
1524358342,5,65,F,Pneumothorax,2,10,True,False,exploratory warning; cutoff was not prespecified
1524358342,5,65,F,Edema,0,10,True,True,exploratory warning; cutoff was not prespecified
1524358342,5,65,F,Emphysema,2,10,True,False,exploratory warning; cutoff was not prespecified
1524358342,5,65,F,Fibrosis,6,10,True,False,exploratory warning; cutoff was not prespecified
1524358342,5,65,F,Effusion,4,10,True,False,exploratory warning; cutoff was not prespecified
1524358342,5,65,F,Pneumonia,0,10,True,True,exploratory warning; cutoff was not prespecified
1524358342,5,65,F,Pleural_Thickening,6,10,True,False,exploratory warning; cutoff was not prespecified
1524358342,5,65,F,Cardiomegaly,5,10,True,False,exploratory warning; cutoff was not prespecified
1524358342,5,65,F,Nodule,11,10,False,False,exploratory warning; cutoff was not prespecified
1524358342,5,65,F,Mass,9,10,True,False,exploratory warning; cutoff was not prespecified
1524358342,5,65,F,Hernia,2,10,True,False,exploratory warning; cutoff was not prespecified
1524358342,5,70,F,Atelectasis,4,10,True,False,exploratory warning; cutoff was not prespecified
1524358342,5,70,F,Consolidation,2,10,True,False,exploratory warning; cutoff was not prespecified
1524358342,5,70,F,Infiltration,13,10,False,False,exploratory warning; cutoff was not prespecified
1524358342,5,70,F,Pneumothorax,3,10,True,False,exploratory warning; cutoff was not prespecified
1524358342,5,70,F,Edema,1,10,True,False,exploratory warning; cutoff was not prespecified
1524358342,5,70,F,Emphysema,2,10,True,False,exploratory warning; cutoff was not prespecified
1524358342,5,70,F,Fibrosis,3,10,True,False,exploratory warning; cutoff was not prespecified
1524358342,5,70,F,Effusion,3,10,True,False,exploratory warning; cutoff was not prespecified
1524358342,5,70,F,Pneumonia,0,10,True,True,exploratory warning; cutoff was not prespecified
1524358342,5,70,F,Pleural_Thickening,5,10,True,False,exploratory warning; cutoff was not prespecified
1524358342,5,70,F,Cardiomegaly,3,10,True,False,exploratory warning; cutoff was not prespecified
1524358342,5,70,F,Nodule,2,10,True,False,exploratory warning; cutoff was not prespecified
1524358342,5,70,F,Mass,2,10,True,False,exploratory warning; cutoff was not prespecified
1524358342,5,70,F,Hernia,2,10,True,False,exploratory warning; cutoff was not prespecified
1524358342,5,75,F,Atelectasis,2,10,True,False,exploratory warning; cutoff was not prespecified
1524358342,5,75,F,Consolidation,0,10,True,True,exploratory warning; cutoff was not prespecified
1524358342,5,75,F,Infiltration,6,10,True,False,exploratory warning; cutoff was not prespecified
1524358342,5,75,F,Pneumothorax,1,10,True,False,exploratory warning; cutoff was not prespecified
1524358342,5,75,F,Edema,0,10,True,True,exploratory warning; cutoff was not prespecified
1524358342,5,75,F,Emphysema,1,10,True,False,exploratory warning; cutoff was not prespecified
1524358342,5,75,F,Fibrosis,3,10,True,False,exploratory warning; cutoff was not prespecified
1524358342,5,75,F,Effusion,1,10,True,False,exploratory warning; cutoff was not prespecified
1524358342,5,75,F,Pneumonia,1,10,True,False,exploratory warning; cutoff was not prespecified
1524358342,5,75,F,Pleural_Thickening,3,10,True,False,exploratory warning; cutoff was not prespecified
1524358342,5,75,F,Cardiomegaly,3,10,True,False,exploratory warning; cutoff was not prespecified
1524358342,5,75,F,Nodule,6,10,True,False,exploratory warning; cutoff was not prespecified
1524358342,5,75,F,Mass,1,10,True,False,exploratory warning; cutoff was not prespecified
1524358342,5,75,F,Hernia,0,10,True,True,exploratory warning; cutoff was not prespecified
1524358342,5,80,F,Atelectasis,2,10,True,False,exploratory warning; cutoff was not prespecified
1524358342,5,80,F,Consolidation,0,10,True,True,exploratory warning; cutoff was not prespecified
1524358342,5,80,F,Infiltration,2,10,True,False,exploratory warning; cutoff was not prespecified
1524358342,5,80,F,Pneumothorax,0,10,True,True,exploratory warning; cutoff was not prespecified
1524358342,5,80,F,Edema,0,10,True,True,exploratory warning; cutoff was not prespecified
1524358342,5,80,F,Emphysema,1,10,True,False,exploratory warning; cutoff was not prespecified
1524358342,5,80,F,Fibrosis,1,10,True,False,exploratory warning; cutoff was not prespecified
1524358342,5,80,F,Effusion,1,10,True,False,exploratory warning; cutoff was not prespecified
1524358342,5,80,F,Pneumonia,0,10,True,True,exploratory warning; cutoff was not prespecified
1524358342,5,80,F,Pleural_Thickening,2,10,True,False,exploratory warning; cutoff was not prespecified
1524358342,5,80,F,Cardiomegaly,0,10,True,True,exploratory warning; cutoff was not prespecified
1524358342,5,80,F,Nodule,0,10,True,True,exploratory warning; cutoff was not prespecified
1524358342,5,80,F,Mass,1,10,True,False,exploratory warning; cutoff was not prespecified
1524358342,5,80,F,Hernia,0,10,True,True,exploratory warning; cutoff was not prespecified
1524358342,5,85,F,Atelectasis,0,10,True,True,exploratory warning; cutoff was not prespecified
1524358342,5,85,F,Consolidation,0,10,True,True,exploratory warning; cutoff was not prespecified
1524358342,5,85,F,Infiltration,1,10,True,False,exploratory warning; cutoff was not prespecified
1524358342,5,85,F,Pneumothorax,0,10,True,True,exploratory warning; cutoff was not prespecified
1524358342,5,85,F,Edema,0,10,True,True,exploratory warning; cutoff was not prespecified
1524358342,5,85,F,Emphysema,0,10,True,True,exploratory warning; cutoff was not prespecified
1524358342,5,85,F,Fibrosis,0,10,True,True,exploratory warning; cutoff was not prespecified
1524358342,5,85,F,Effusion,0,10,True,True,exploratory warning; cutoff was not prespecified
1524358342,5,85,F,Pneumonia,0,10,True,True,exploratory warning; cutoff was not prespecified
1524358342,5,85,F,Pleural_Thickening,0,10,True,True,exploratory warning; cutoff was not prespecified
1524358342,5,85,F,Cardiomegaly,0,10,True,True,exploratory warning; cutoff was not prespecified
1524358342,5,85,F,Nodule,0,10,True,True,exploratory warning; cutoff was not prespecified
1524358342,5,85,F,Mass,0,10,True,True,exploratory warning; cutoff was not prespecified
1524358342,5,85,F,Hernia,1,10,True,False,exploratory warning; cutoff was not prespecified
1524358342,5,90,F,Atelectasis,0,10,True,True,exploratory warning; cutoff was not prespecified
1524358342,5,90,F,Consolidation,0,10,True,True,exploratory warning; cutoff was not prespecified
1524358342,5,90,F,Infiltration,0,10,True,True,exploratory warning; cutoff was not prespecified
1524358342,5,90,F,Pneumothorax,0,10,True,True,exploratory warning; cutoff was not prespecified
1524358342,5,90,F,Edema,0,10,True,True,exploratory warning; cutoff was not prespecified
1524358342,5,90,F,Emphysema,0,10,True,True,exploratory warning; cutoff was not prespecified
1524358342,5,90,F,Fibrosis,0,10,True,True,exploratory warning; cutoff was not prespecified
1524358342,5,90,F,Effusion,0,10,True,True,exploratory warning; cutoff was not prespecified
1524358342,5,90,F,Pneumonia,0,10,True,True,exploratory warning; cutoff was not prespecified
1524358342,5,90,F,Pleural_Thickening,0,10,True,True,exploratory warning; cutoff was not prespecified
1524358342,5,90,F,Cardiomegaly,0,10,True,True,exploratory warning; cutoff was not prespecified
1524358342,5,90,F,Nodule,1,10,True,False,exploratory warning; cutoff was not prespecified
1524358342,5,90,F,Mass,0,10,True,True,exploratory warning; cutoff was not prespecified
1524358342,5,90,F,Hernia,0,10,True,True,exploratory warning; cutoff was not prespecified
1524358342,5,0,M,Atelectasis,2,10,True,False,exploratory warning; cutoff was not prespecified
1524358342,5,0,M,Consolidation,0,10,True,True,exploratory warning; cutoff was not prespecified
1524358342,5,0,M,Infiltration,5,10,True,False,exploratory warning; cutoff was not prespecified
1524358342,5,0,M,Pneumothorax,0,10,True,True,exploratory warning; cutoff was not prespecified
1524358342,5,0,M,Edema,0,10,True,True,exploratory warning; cutoff was not prespecified
1524358342,5,0,M,Emphysema,0,10,True,True,exploratory warning; cutoff was not prespecified
1524358342,5,0,M,Fibrosis,0,10,True,True,exploratory warning; cutoff was not prespecified
1524358342,5,0,M,Effusion,1,10,True,False,exploratory warning; cutoff was not prespecified
1524358342,5,0,M,Pneumonia,0,10,True,True,exploratory warning; cutoff was not prespecified
1524358342,5,0,M,Pleural_Thickening,0,10,True,True,exploratory warning; cutoff was not prespecified
1524358342,5,0,M,Cardiomegaly,0,10,True,True,exploratory warning; cutoff was not prespecified
1524358342,5,0,M,Nodule,0,10,True,True,exploratory warning; cutoff was not prespecified
1524358342,5,0,M,Mass,0,10,True,True,exploratory warning; cutoff was not prespecified
1524358342,5,0,M,Hernia,0,10,True,True,exploratory warning; cutoff was not prespecified
1524358342,5,5,M,Atelectasis,2,10,True,False,exploratory warning; cutoff was not prespecified
1524358342,5,5,M,Consolidation,1,10,True,False,exploratory warning; cutoff was not prespecified
1524358342,5,5,M,Infiltration,9,10,True,False,exploratory warning; cutoff was not prespecified
1524358342,5,5,M,Pneumothorax,0,10,True,True,exploratory warning; cutoff was not prespecified
1524358342,5,5,M,Edema,0,10,True,True,exploratory warning; cutoff was not prespecified
1524358342,5,5,M,Emphysema,0,10,True,True,exploratory warning; cutoff was not prespecified
1524358342,5,5,M,Fibrosis,1,10,True,False,exploratory warning; cutoff was not prespecified
1524358342,5,5,M,Effusion,0,10,True,True,exploratory warning; cutoff was not prespecified
1524358342,5,5,M,Pneumonia,0,10,True,True,exploratory warning; cutoff was not prespecified
1524358342,5,5,M,Pleural_Thickening,0,10,True,True,exploratory warning; cutoff was not prespecified
1524358342,5,5,M,Cardiomegaly,0,10,True,True,exploratory warning; cutoff was not prespecified
1524358342,5,5,M,Nodule,0,10,True,True,exploratory warning; cutoff was not prespecified
1524358342,5,5,M,Mass,0,10,True,True,exploratory warning; cutoff was not prespecified
1524358342,5,5,M,Hernia,0,10,True,True,exploratory warning; cutoff was not prespecified
1524358342,5,10,M,Atelectasis,1,10,True,False,exploratory warning; cutoff was not prespecified
1524358342,5,10,M,Consolidation,1,10,True,False,exploratory warning; cutoff was not prespecified
1524358342,5,10,M,Infiltration,7,10,True,False,exploratory warning; cutoff was not prespecified
1524358342,5,10,M,Pneumothorax,2,10,True,False,exploratory warning; cutoff was not prespecified
1524358342,5,10,M,Edema,0,10,True,True,exploratory warning; cutoff was not prespecified
1524358342,5,10,M,Emphysema,0,10,True,True,exploratory warning; cutoff was not prespecified
1524358342,5,10,M,Fibrosis,0,10,True,True,exploratory warning; cutoff was not prespecified
1524358342,5,10,M,Effusion,3,10,True,False,exploratory warning; cutoff was not prespecified
1524358342,5,10,M,Pneumonia,2,10,True,False,exploratory warning; cutoff was not prespecified
1524358342,5,10,M,Pleural_Thickening,0,10,True,True,exploratory warning; cutoff was not prespecified
1524358342,5,10,M,Cardiomegaly,4,10,True,False,exploratory warning; cutoff was not prespecified
1524358342,5,10,M,Nodule,0,10,True,True,exploratory warning; cutoff was not prespecified
1524358342,5,10,M,Mass,2,10,True,False,exploratory warning; cutoff was not prespecified
1524358342,5,10,M,Hernia,0,10,True,True,exploratory warning; cutoff was not prespecified
1524358342,5,15,M,Atelectasis,2,10,True,False,exploratory warning; cutoff was not prespecified
1524358342,5,15,M,Consolidation,1,10,True,False,exploratory warning; cutoff was not prespecified
1524358342,5,15,M,Infiltration,9,10,True,False,exploratory warning; cutoff was not prespecified
1524358342,5,15,M,Pneumothorax,0,10,True,True,exploratory warning; cutoff was not prespecified
1524358342,5,15,M,Edema,0,10,True,True,exploratory warning; cutoff was not prespecified
1524358342,5,15,M,Emphysema,0,10,True,True,exploratory warning; cutoff was not prespecified
1524358342,5,15,M,Fibrosis,0,10,True,True,exploratory warning; cutoff was not prespecified
1524358342,5,15,M,Effusion,1,10,True,False,exploratory warning; cutoff was not prespecified
1524358342,5,15,M,Pneumonia,0,10,True,True,exploratory warning; cutoff was not prespecified
1524358342,5,15,M,Pleural_Thickening,2,10,True,False,exploratory warning; cutoff was not prespecified
1524358342,5,15,M,Cardiomegaly,0,10,True,True,exploratory warning; cutoff was not prespecified
1524358342,5,15,M,Nodule,3,10,True,False,exploratory warning; cutoff was not prespecified
1524358342,5,15,M,Mass,8,10,True,False,exploratory warning; cutoff was not prespecified
1524358342,5,15,M,Hernia,0,10,True,True,exploratory warning; cutoff was not prespecified
1524358342,5,20,M,Atelectasis,5,10,True,False,exploratory warning; cutoff was not prespecified
1524358342,5,20,M,Consolidation,3,10,True,False,exploratory warning; cutoff was not prespecified
1524358342,5,20,M,Infiltration,10,10,False,False,exploratory warning; cutoff was not prespecified
1524358342,5,20,M,Pneumothorax,2,10,True,False,exploratory warning; cutoff was not prespecified
1524358342,5,20,M,Edema,0,10,True,True,exploratory warning; cutoff was not prespecified
1524358342,5,20,M,Emphysema,1,10,True,False,exploratory warning; cutoff was not prespecified
1524358342,5,20,M,Fibrosis,1,10,True,False,exploratory warning; cutoff was not prespecified
1524358342,5,20,M,Effusion,4,10,True,False,exploratory warning; cutoff was not prespecified
1524358342,5,20,M,Pneumonia,0,10,True,True,exploratory warning; cutoff was not prespecified
1524358342,5,20,M,Pleural_Thickening,4,10,True,False,exploratory warning; cutoff was not prespecified
1524358342,5,20,M,Cardiomegaly,2,10,True,False,exploratory warning; cutoff was not prespecified
1524358342,5,20,M,Nodule,3,10,True,False,exploratory warning; cutoff was not prespecified
1524358342,5,20,M,Mass,8,10,True,False,exploratory warning; cutoff was not prespecified
1524358342,5,20,M,Hernia,0,10,True,True,exploratory warning; cutoff was not prespecified
1524358342,5,25,M,Atelectasis,3,10,True,False,exploratory warning; cutoff was not prespecified
1524358342,5,25,M,Consolidation,1,10,True,False,exploratory warning; cutoff was not prespecified
1524358342,5,25,M,Infiltration,23,10,False,False,exploratory warning; cutoff was not prespecified
1524358342,5,25,M,Pneumothorax,0,10,True,True,exploratory warning; cutoff was not prespecified
1524358342,5,25,M,Edema,0,10,True,True,exploratory warning; cutoff was not prespecified
1524358342,5,25,M,Emphysema,0,10,True,True,exploratory warning; cutoff was not prespecified
1524358342,5,25,M,Fibrosis,2,10,True,False,exploratory warning; cutoff was not prespecified
1524358342,5,25,M,Effusion,6,10,True,False,exploratory warning; cutoff was not prespecified
1524358342,5,25,M,Pneumonia,1,10,True,False,exploratory warning; cutoff was not prespecified
1524358342,5,25,M,Pleural_Thickening,2,10,True,False,exploratory warning; cutoff was not prespecified
1524358342,5,25,M,Cardiomegaly,8,10,True,False,exploratory warning; cutoff was not prespecified
1524358342,5,25,M,Nodule,7,10,True,False,exploratory warning; cutoff was not prespecified
1524358342,5,25,M,Mass,5,10,True,False,exploratory warning; cutoff was not prespecified
1524358342,5,25,M,Hernia,0,10,True,True,exploratory warning; cutoff was not prespecified
1524358342,5,30,M,Atelectasis,7,10,True,False,exploratory warning; cutoff was not prespecified
1524358342,5,30,M,Consolidation,2,10,True,False,exploratory warning; cutoff was not prespecified
1524358342,5,30,M,Infiltration,21,10,False,False,exploratory warning; cutoff was not prespecified
1524358342,5,30,M,Pneumothorax,0,10,True,True,exploratory warning; cutoff was not prespecified
1524358342,5,30,M,Edema,3,10,True,False,exploratory warning; cutoff was not prespecified
1524358342,5,30,M,Emphysema,1,10,True,False,exploratory warning; cutoff was not prespecified
1524358342,5,30,M,Fibrosis,2,10,True,False,exploratory warning; cutoff was not prespecified
1524358342,5,30,M,Effusion,8,10,True,False,exploratory warning; cutoff was not prespecified
1524358342,5,30,M,Pneumonia,1,10,True,False,exploratory warning; cutoff was not prespecified
1524358342,5,30,M,Pleural_Thickening,6,10,True,False,exploratory warning; cutoff was not prespecified
1524358342,5,30,M,Cardiomegaly,3,10,True,False,exploratory warning; cutoff was not prespecified
1524358342,5,30,M,Nodule,10,10,False,False,exploratory warning; cutoff was not prespecified
1524358342,5,30,M,Mass,8,10,True,False,exploratory warning; cutoff was not prespecified
1524358342,5,30,M,Hernia,0,10,True,True,exploratory warning; cutoff was not prespecified
1524358342,5,35,M,Atelectasis,8,10,True,False,exploratory warning; cutoff was not prespecified
1524358342,5,35,M,Consolidation,3,10,True,False,exploratory warning; cutoff was not prespecified
1524358342,5,35,M,Infiltration,26,10,False,False,exploratory warning; cutoff was not prespecified
1524358342,5,35,M,Pneumothorax,4,10,True,False,exploratory warning; cutoff was not prespecified
1524358342,5,35,M,Edema,2,10,True,False,exploratory warning; cutoff was not prespecified
1524358342,5,35,M,Emphysema,1,10,True,False,exploratory warning; cutoff was not prespecified
1524358342,5,35,M,Fibrosis,5,10,True,False,exploratory warning; cutoff was not prespecified
1524358342,5,35,M,Effusion,4,10,True,False,exploratory warning; cutoff was not prespecified
1524358342,5,35,M,Pneumonia,3,10,True,False,exploratory warning; cutoff was not prespecified
1524358342,5,35,M,Pleural_Thickening,4,10,True,False,exploratory warning; cutoff was not prespecified
1524358342,5,35,M,Cardiomegaly,4,10,True,False,exploratory warning; cutoff was not prespecified
1524358342,5,35,M,Nodule,6,10,True,False,exploratory warning; cutoff was not prespecified
1524358342,5,35,M,Mass,10,10,False,False,exploratory warning; cutoff was not prespecified
1524358342,5,35,M,Hernia,1,10,True,False,exploratory warning; cutoff was not prespecified
1524358342,5,40,M,Atelectasis,17,10,False,False,exploratory warning; cutoff was not prespecified
1524358342,5,40,M,Consolidation,2,10,True,False,exploratory warning; cutoff was not prespecified
1524358342,5,40,M,Infiltration,23,10,False,False,exploratory warning; cutoff was not prespecified
1524358342,5,40,M,Pneumothorax,2,10,True,False,exploratory warning; cutoff was not prespecified
1524358342,5,40,M,Edema,1,10,True,False,exploratory warning; cutoff was not prespecified
1524358342,5,40,M,Emphysema,3,10,True,False,exploratory warning; cutoff was not prespecified
1524358342,5,40,M,Fibrosis,7,10,True,False,exploratory warning; cutoff was not prespecified
1524358342,5,40,M,Effusion,13,10,False,False,exploratory warning; cutoff was not prespecified
1524358342,5,40,M,Pneumonia,2,10,True,False,exploratory warning; cutoff was not prespecified
1524358342,5,40,M,Pleural_Thickening,6,10,True,False,exploratory warning; cutoff was not prespecified
1524358342,5,40,M,Cardiomegaly,5,10,True,False,exploratory warning; cutoff was not prespecified
1524358342,5,40,M,Nodule,13,10,False,False,exploratory warning; cutoff was not prespecified
1524358342,5,40,M,Mass,10,10,False,False,exploratory warning; cutoff was not prespecified
1524358342,5,40,M,Hernia,0,10,True,True,exploratory warning; cutoff was not prespecified
1524358342,5,45,M,Atelectasis,21,10,False,False,exploratory warning; cutoff was not prespecified
1524358342,5,45,M,Consolidation,3,10,True,False,exploratory warning; cutoff was not prespecified
1524358342,5,45,M,Infiltration,40,10,False,False,exploratory warning; cutoff was not prespecified
1524358342,5,45,M,Pneumothorax,1,10,True,False,exploratory warning; cutoff was not prespecified
1524358342,5,45,M,Edema,1,10,True,False,exploratory warning; cutoff was not prespecified
1524358342,5,45,M,Emphysema,1,10,True,False,exploratory warning; cutoff was not prespecified
1524358342,5,45,M,Fibrosis,4,10,True,False,exploratory warning; cutoff was not prespecified
1524358342,5,45,M,Effusion,11,10,False,False,exploratory warning; cutoff was not prespecified
1524358342,5,45,M,Pneumonia,2,10,True,False,exploratory warning; cutoff was not prespecified
1524358342,5,45,M,Pleural_Thickening,5,10,True,False,exploratory warning; cutoff was not prespecified
1524358342,5,45,M,Cardiomegaly,4,10,True,False,exploratory warning; cutoff was not prespecified
1524358342,5,45,M,Nodule,18,10,False,False,exploratory warning; cutoff was not prespecified
1524358342,5,45,M,Mass,15,10,False,False,exploratory warning; cutoff was not prespecified
1524358342,5,45,M,Hernia,1,10,True,False,exploratory warning; cutoff was not prespecified
1524358342,5,50,M,Atelectasis,25,10,False,False,exploratory warning; cutoff was not prespecified
1524358342,5,50,M,Consolidation,5,10,True,False,exploratory warning; cutoff was not prespecified
1524358342,5,50,M,Infiltration,31,10,False,False,exploratory warning; cutoff was not prespecified
1524358342,5,50,M,Pneumothorax,1,10,True,False,exploratory warning; cutoff was not prespecified
1524358342,5,50,M,Edema,1,10,True,False,exploratory warning; cutoff was not prespecified
1524358342,5,50,M,Emphysema,4,10,True,False,exploratory warning; cutoff was not prespecified
1524358342,5,50,M,Fibrosis,8,10,True,False,exploratory warning; cutoff was not prespecified
1524358342,5,50,M,Effusion,12,10,False,False,exploratory warning; cutoff was not prespecified
1524358342,5,50,M,Pneumonia,3,10,True,False,exploratory warning; cutoff was not prespecified
1524358342,5,50,M,Pleural_Thickening,15,10,False,False,exploratory warning; cutoff was not prespecified
1524358342,5,50,M,Cardiomegaly,5,10,True,False,exploratory warning; cutoff was not prespecified
1524358342,5,50,M,Nodule,25,10,False,False,exploratory warning; cutoff was not prespecified
1524358342,5,50,M,Mass,16,10,False,False,exploratory warning; cutoff was not prespecified
1524358342,5,50,M,Hernia,0,10,True,True,exploratory warning; cutoff was not prespecified
1524358342,5,55,M,Atelectasis,21,10,False,False,exploratory warning; cutoff was not prespecified
1524358342,5,55,M,Consolidation,8,10,True,False,exploratory warning; cutoff was not prespecified
1524358342,5,55,M,Infiltration,47,10,False,False,exploratory warning; cutoff was not prespecified
1524358342,5,55,M,Pneumothorax,0,10,True,True,exploratory warning; cutoff was not prespecified
1524358342,5,55,M,Edema,1,10,True,False,exploratory warning; cutoff was not prespecified
1524358342,5,55,M,Emphysema,4,10,True,False,exploratory warning; cutoff was not prespecified
1524358342,5,55,M,Fibrosis,11,10,False,False,exploratory warning; cutoff was not prespecified
1524358342,5,55,M,Effusion,23,10,False,False,exploratory warning; cutoff was not prespecified
1524358342,5,55,M,Pneumonia,0,10,True,True,exploratory warning; cutoff was not prespecified
1524358342,5,55,M,Pleural_Thickening,15,10,False,False,exploratory warning; cutoff was not prespecified
1524358342,5,55,M,Cardiomegaly,10,10,False,False,exploratory warning; cutoff was not prespecified
1524358342,5,55,M,Nodule,34,10,False,False,exploratory warning; cutoff was not prespecified
1524358342,5,55,M,Mass,24,10,False,False,exploratory warning; cutoff was not prespecified
1524358342,5,55,M,Hernia,1,10,True,False,exploratory warning; cutoff was not prespecified
1524358342,5,60,M,Atelectasis,34,10,False,False,exploratory warning; cutoff was not prespecified
1524358342,5,60,M,Consolidation,7,10,True,False,exploratory warning; cutoff was not prespecified
1524358342,5,60,M,Infiltration,47,10,False,False,exploratory warning; cutoff was not prespecified
1524358342,5,60,M,Pneumothorax,3,10,True,False,exploratory warning; cutoff was not prespecified
1524358342,5,60,M,Edema,2,10,True,False,exploratory warning; cutoff was not prespecified
1524358342,5,60,M,Emphysema,4,10,True,False,exploratory warning; cutoff was not prespecified
1524358342,5,60,M,Fibrosis,11,10,False,False,exploratory warning; cutoff was not prespecified
1524358342,5,60,M,Effusion,19,10,False,False,exploratory warning; cutoff was not prespecified
1524358342,5,60,M,Pneumonia,0,10,True,True,exploratory warning; cutoff was not prespecified
1524358342,5,60,M,Pleural_Thickening,18,10,False,False,exploratory warning; cutoff was not prespecified
1524358342,5,60,M,Cardiomegaly,10,10,False,False,exploratory warning; cutoff was not prespecified
1524358342,5,60,M,Nodule,23,10,False,False,exploratory warning; cutoff was not prespecified
1524358342,5,60,M,Mass,28,10,False,False,exploratory warning; cutoff was not prespecified
1524358342,5,60,M,Hernia,3,10,True,False,exploratory warning; cutoff was not prespecified
1524358342,5,65,M,Atelectasis,16,10,False,False,exploratory warning; cutoff was not prespecified
1524358342,5,65,M,Consolidation,6,10,True,False,exploratory warning; cutoff was not prespecified
1524358342,5,65,M,Infiltration,28,10,False,False,exploratory warning; cutoff was not prespecified
1524358342,5,65,M,Pneumothorax,3,10,True,False,exploratory warning; cutoff was not prespecified
1524358342,5,65,M,Edema,0,10,True,True,exploratory warning; cutoff was not prespecified
1524358342,5,65,M,Emphysema,7,10,True,False,exploratory warning; cutoff was not prespecified
1524358342,5,65,M,Fibrosis,4,10,True,False,exploratory warning; cutoff was not prespecified
1524358342,5,65,M,Effusion,12,10,False,False,exploratory warning; cutoff was not prespecified
1524358342,5,65,M,Pneumonia,0,10,True,True,exploratory warning; cutoff was not prespecified
1524358342,5,65,M,Pleural_Thickening,13,10,False,False,exploratory warning; cutoff was not prespecified
1524358342,5,65,M,Cardiomegaly,6,10,True,False,exploratory warning; cutoff was not prespecified
1524358342,5,65,M,Nodule,23,10,False,False,exploratory warning; cutoff was not prespecified
1524358342,5,65,M,Mass,15,10,False,False,exploratory warning; cutoff was not prespecified
1524358342,5,65,M,Hernia,1,10,True,False,exploratory warning; cutoff was not prespecified
1524358342,5,70,M,Atelectasis,11,10,False,False,exploratory warning; cutoff was not prespecified
1524358342,5,70,M,Consolidation,1,10,True,False,exploratory warning; cutoff was not prespecified
1524358342,5,70,M,Infiltration,20,10,False,False,exploratory warning; cutoff was not prespecified
1524358342,5,70,M,Pneumothorax,0,10,True,True,exploratory warning; cutoff was not prespecified
1524358342,5,70,M,Edema,0,10,True,True,exploratory warning; cutoff was not prespecified
1524358342,5,70,M,Emphysema,5,10,True,False,exploratory warning; cutoff was not prespecified
1524358342,5,70,M,Fibrosis,8,10,True,False,exploratory warning; cutoff was not prespecified
1524358342,5,70,M,Effusion,12,10,False,False,exploratory warning; cutoff was not prespecified
1524358342,5,70,M,Pneumonia,1,10,True,False,exploratory warning; cutoff was not prespecified
1524358342,5,70,M,Pleural_Thickening,5,10,True,False,exploratory warning; cutoff was not prespecified
1524358342,5,70,M,Cardiomegaly,7,10,True,False,exploratory warning; cutoff was not prespecified
1524358342,5,70,M,Nodule,6,10,True,False,exploratory warning; cutoff was not prespecified
1524358342,5,70,M,Mass,14,10,False,False,exploratory warning; cutoff was not prespecified
1524358342,5,70,M,Hernia,0,10,True,True,exploratory warning; cutoff was not prespecified
1524358342,5,75,M,Atelectasis,12,10,False,False,exploratory warning; cutoff was not prespecified
1524358342,5,75,M,Consolidation,5,10,True,False,exploratory warning; cutoff was not prespecified
1524358342,5,75,M,Infiltration,9,10,True,False,exploratory warning; cutoff was not prespecified
1524358342,5,75,M,Pneumothorax,1,10,True,False,exploratory warning; cutoff was not prespecified
1524358342,5,75,M,Edema,0,10,True,True,exploratory warning; cutoff was not prespecified
1524358342,5,75,M,Emphysema,6,10,True,False,exploratory warning; cutoff was not prespecified
1524358342,5,75,M,Fibrosis,3,10,True,False,exploratory warning; cutoff was not prespecified
1524358342,5,75,M,Effusion,4,10,True,False,exploratory warning; cutoff was not prespecified
1524358342,5,75,M,Pneumonia,1,10,True,False,exploratory warning; cutoff was not prespecified
1524358342,5,75,M,Pleural_Thickening,4,10,True,False,exploratory warning; cutoff was not prespecified
1524358342,5,75,M,Cardiomegaly,3,10,True,False,exploratory warning; cutoff was not prespecified
1524358342,5,75,M,Nodule,8,10,True,False,exploratory warning; cutoff was not prespecified
1524358342,5,75,M,Mass,4,10,True,False,exploratory warning; cutoff was not prespecified
1524358342,5,75,M,Hernia,0,10,True,True,exploratory warning; cutoff was not prespecified
1524358342,5,80,M,Atelectasis,0,10,True,True,exploratory warning; cutoff was not prespecified
1524358342,5,80,M,Consolidation,0,10,True,True,exploratory warning; cutoff was not prespecified
1524358342,5,80,M,Infiltration,3,10,True,False,exploratory warning; cutoff was not prespecified
1524358342,5,80,M,Pneumothorax,0,10,True,True,exploratory warning; cutoff was not prespecified
1524358342,5,80,M,Edema,0,10,True,True,exploratory warning; cutoff was not prespecified
1524358342,5,80,M,Emphysema,0,10,True,True,exploratory warning; cutoff was not prespecified
1524358342,5,80,M,Fibrosis,2,10,True,False,exploratory warning; cutoff was not prespecified
1524358342,5,80,M,Effusion,0,10,True,True,exploratory warning; cutoff was not prespecified
1524358342,5,80,M,Pneumonia,1,10,True,False,exploratory warning; cutoff was not prespecified
1524358342,5,80,M,Pleural_Thickening,0,10,True,True,exploratory warning; cutoff was not prespecified
1524358342,5,80,M,Cardiomegaly,0,10,True,True,exploratory warning; cutoff was not prespecified
1524358342,5,80,M,Nodule,2,10,True,False,exploratory warning; cutoff was not prespecified
1524358342,5,80,M,Mass,2,10,True,False,exploratory warning; cutoff was not prespecified
1524358342,5,80,M,Hernia,1,10,True,False,exploratory warning; cutoff was not prespecified
1524358342,5,85,M,Atelectasis,0,10,True,True,exploratory warning; cutoff was not prespecified
1524358342,5,85,M,Consolidation,0,10,True,True,exploratory warning; cutoff was not prespecified
1524358342,5,85,M,Infiltration,0,10,True,True,exploratory warning; cutoff was not prespecified
1524358342,5,85,M,Pneumothorax,0,10,True,True,exploratory warning; cutoff was not prespecified
1524358342,5,85,M,Edema,0,10,True,True,exploratory warning; cutoff was not prespecified
1524358342,5,85,M,Emphysema,1,10,True,False,exploratory warning; cutoff was not prespecified
1524358342,5,85,M,Fibrosis,0,10,True,True,exploratory warning; cutoff was not prespecified
1524358342,5,85,M,Effusion,0,10,True,True,exploratory warning; cutoff was not prespecified
1524358342,5,85,M,Pneumonia,0,10,True,True,exploratory warning; cutoff was not prespecified
1524358342,5,85,M,Pleural_Thickening,0,10,True,True,exploratory warning; cutoff was not prespecified
1524358342,5,85,M,Cardiomegaly,0,10,True,True,exploratory warning; cutoff was not prespecified
1524358342,5,85,M,Nodule,0,10,True,True,exploratory warning; cutoff was not prespecified
1524358342,5,85,M,Mass,1,10,True,False,exploratory warning; cutoff was not prespecified
1524358342,5,85,M,Hernia,0,10,True,True,exploratory warning; cutoff was not prespecified
1524358342,5,90,M,Atelectasis,1,10,True,False,exploratory warning; cutoff was not prespecified
1524358342,5,90,M,Consolidation,1,10,True,False,exploratory warning; cutoff was not prespecified
1524358342,5,90,M,Infiltration,0,10,True,True,exploratory warning; cutoff was not prespecified
1524358342,5,90,M,Pneumothorax,0,10,True,True,exploratory warning; cutoff was not prespecified
1524358342,5,90,M,Edema,0,10,True,True,exploratory warning; cutoff was not prespecified
1524358342,5,90,M,Emphysema,0,10,True,True,exploratory warning; cutoff was not prespecified
1524358342,5,90,M,Fibrosis,1,10,True,False,exploratory warning; cutoff was not prespecified
1524358342,5,90,M,Effusion,0,10,True,True,exploratory warning; cutoff was not prespecified
1524358342,5,90,M,Pneumonia,0,10,True,True,exploratory warning; cutoff was not prespecified
1524358342,5,90,M,Pleural_Thickening,0,10,True,True,exploratory warning; cutoff was not prespecified
1524358342,5,90,M,Cardiomegaly,0,10,True,True,exploratory warning; cutoff was not prespecified
1524358342,5,90,M,Nodule,1,10,True,False,exploratory warning; cutoff was not prespecified
1524358342,5,90,M,Mass,0,10,True,True,exploratory warning; cutoff was not prespecified
1524358342,5,90,M,Hernia,0,10,True,True,exploratory warning; cutoff was not prespecified
1524358342,10,0,F,Atelectasis,2,10,True,False,exploratory warning; cutoff was not prespecified
1524358342,10,0,F,Consolidation,0,10,True,True,exploratory warning; cutoff was not prespecified
1524358342,10,0,F,Infiltration,9,10,True,False,exploratory warning; cutoff was not prespecified
1524358342,10,0,F,Pneumothorax,0,10,True,True,exploratory warning; cutoff was not prespecified
1524358342,10,0,F,Edema,0,10,True,True,exploratory warning; cutoff was not prespecified
1524358342,10,0,F,Emphysema,0,10,True,True,exploratory warning; cutoff was not prespecified
1524358342,10,0,F,Fibrosis,0,10,True,True,exploratory warning; cutoff was not prespecified
1524358342,10,0,F,Effusion,3,10,True,False,exploratory warning; cutoff was not prespecified
1524358342,10,0,F,Pneumonia,2,10,True,False,exploratory warning; cutoff was not prespecified
1524358342,10,0,F,Pleural_Thickening,0,10,True,True,exploratory warning; cutoff was not prespecified
1524358342,10,0,F,Cardiomegaly,2,10,True,False,exploratory warning; cutoff was not prespecified
1524358342,10,0,F,Nodule,0,10,True,True,exploratory warning; cutoff was not prespecified
1524358342,10,0,F,Mass,2,10,True,False,exploratory warning; cutoff was not prespecified
1524358342,10,0,F,Hernia,0,10,True,True,exploratory warning; cutoff was not prespecified
1524358342,10,10,F,Atelectasis,3,10,True,False,exploratory warning; cutoff was not prespecified
1524358342,10,10,F,Consolidation,1,10,True,False,exploratory warning; cutoff was not prespecified
1524358342,10,10,F,Infiltration,17,10,False,False,exploratory warning; cutoff was not prespecified
1524358342,10,10,F,Pneumothorax,0,10,True,True,exploratory warning; cutoff was not prespecified
1524358342,10,10,F,Edema,0,10,True,True,exploratory warning; cutoff was not prespecified
1524358342,10,10,F,Emphysema,0,10,True,True,exploratory warning; cutoff was not prespecified
1524358342,10,10,F,Fibrosis,0,10,True,True,exploratory warning; cutoff was not prespecified
1524358342,10,10,F,Effusion,3,10,True,False,exploratory warning; cutoff was not prespecified
1524358342,10,10,F,Pneumonia,1,10,True,False,exploratory warning; cutoff was not prespecified
1524358342,10,10,F,Pleural_Thickening,1,10,True,False,exploratory warning; cutoff was not prespecified
1524358342,10,10,F,Cardiomegaly,3,10,True,False,exploratory warning; cutoff was not prespecified
1524358342,10,10,F,Nodule,8,10,True,False,exploratory warning; cutoff was not prespecified
1524358342,10,10,F,Mass,1,10,True,False,exploratory warning; cutoff was not prespecified
1524358342,10,10,F,Hernia,0,10,True,True,exploratory warning; cutoff was not prespecified
1524358342,10,20,F,Atelectasis,9,10,True,False,exploratory warning; cutoff was not prespecified
1524358342,10,20,F,Consolidation,5,10,True,False,exploratory warning; cutoff was not prespecified
1524358342,10,20,F,Infiltration,57,10,False,False,exploratory warning; cutoff was not prespecified
1524358342,10,20,F,Pneumothorax,2,10,True,False,exploratory warning; cutoff was not prespecified
1524358342,10,20,F,Edema,0,10,True,True,exploratory warning; cutoff was not prespecified
1524358342,10,20,F,Emphysema,2,10,True,False,exploratory warning; cutoff was not prespecified
1524358342,10,20,F,Fibrosis,3,10,True,False,exploratory warning; cutoff was not prespecified
1524358342,10,20,F,Effusion,9,10,True,False,exploratory warning; cutoff was not prespecified
1524358342,10,20,F,Pneumonia,1,10,True,False,exploratory warning; cutoff was not prespecified
1524358342,10,20,F,Pleural_Thickening,3,10,True,False,exploratory warning; cutoff was not prespecified
1524358342,10,20,F,Cardiomegaly,8,10,True,False,exploratory warning; cutoff was not prespecified
1524358342,10,20,F,Nodule,16,10,False,False,exploratory warning; cutoff was not prespecified
1524358342,10,20,F,Mass,14,10,False,False,exploratory warning; cutoff was not prespecified
1524358342,10,20,F,Hernia,0,10,True,True,exploratory warning; cutoff was not prespecified
1524358342,10,30,F,Atelectasis,15,10,False,False,exploratory warning; cutoff was not prespecified
1524358342,10,30,F,Consolidation,7,10,True,False,exploratory warning; cutoff was not prespecified
1524358342,10,30,F,Infiltration,41,10,False,False,exploratory warning; cutoff was not prespecified
1524358342,10,30,F,Pneumothorax,1,10,True,False,exploratory warning; cutoff was not prespecified
1524358342,10,30,F,Edema,2,10,True,False,exploratory warning; cutoff was not prespecified
1524358342,10,30,F,Emphysema,0,10,True,True,exploratory warning; cutoff was not prespecified
1524358342,10,30,F,Fibrosis,3,10,True,False,exploratory warning; cutoff was not prespecified
1524358342,10,30,F,Effusion,15,10,False,False,exploratory warning; cutoff was not prespecified
1524358342,10,30,F,Pneumonia,3,10,True,False,exploratory warning; cutoff was not prespecified
1524358342,10,30,F,Pleural_Thickening,4,10,True,False,exploratory warning; cutoff was not prespecified
1524358342,10,30,F,Cardiomegaly,10,10,False,False,exploratory warning; cutoff was not prespecified
1524358342,10,30,F,Nodule,12,10,False,False,exploratory warning; cutoff was not prespecified
1524358342,10,30,F,Mass,11,10,False,False,exploratory warning; cutoff was not prespecified
1524358342,10,30,F,Hernia,0,10,True,True,exploratory warning; cutoff was not prespecified
1524358342,10,40,F,Atelectasis,24,10,False,False,exploratory warning; cutoff was not prespecified
1524358342,10,40,F,Consolidation,15,10,False,False,exploratory warning; cutoff was not prespecified
1524358342,10,40,F,Infiltration,71,10,False,False,exploratory warning; cutoff was not prespecified
1524358342,10,40,F,Pneumothorax,7,10,True,False,exploratory warning; cutoff was not prespecified
1524358342,10,40,F,Edema,1,10,True,False,exploratory warning; cutoff was not prespecified
1524358342,10,40,F,Emphysema,3,10,True,False,exploratory warning; cutoff was not prespecified
1524358342,10,40,F,Fibrosis,16,10,False,False,exploratory warning; cutoff was not prespecified
1524358342,10,40,F,Effusion,28,10,False,False,exploratory warning; cutoff was not prespecified
1524358342,10,40,F,Pneumonia,2,10,True,False,exploratory warning; cutoff was not prespecified
1524358342,10,40,F,Pleural_Thickening,16,10,False,False,exploratory warning; cutoff was not prespecified
1524358342,10,40,F,Cardiomegaly,14,10,False,False,exploratory warning; cutoff was not prespecified
1524358342,10,40,F,Nodule,34,10,False,False,exploratory warning; cutoff was not prespecified
1524358342,10,40,F,Mass,21,10,False,False,exploratory warning; cutoff was not prespecified
1524358342,10,40,F,Hernia,0,10,True,True,exploratory warning; cutoff was not prespecified
1524358342,10,50,F,Atelectasis,38,10,False,False,exploratory warning; cutoff was not prespecified
1524358342,10,50,F,Consolidation,5,10,True,False,exploratory warning; cutoff was not prespecified
1524358342,10,50,F,Infiltration,74,10,False,False,exploratory warning; cutoff was not prespecified
1524358342,10,50,F,Pneumothorax,6,10,True,False,exploratory warning; cutoff was not prespecified
1524358342,10,50,F,Edema,1,10,True,False,exploratory warning; cutoff was not prespecified
1524358342,10,50,F,Emphysema,4,10,True,False,exploratory warning; cutoff was not prespecified
1524358342,10,50,F,Fibrosis,11,10,False,False,exploratory warning; cutoff was not prespecified
1524358342,10,50,F,Effusion,33,10,False,False,exploratory warning; cutoff was not prespecified
1524358342,10,50,F,Pneumonia,3,10,True,False,exploratory warning; cutoff was not prespecified
1524358342,10,50,F,Pleural_Thickening,13,10,False,False,exploratory warning; cutoff was not prespecified
1524358342,10,50,F,Cardiomegaly,27,10,False,False,exploratory warning; cutoff was not prespecified
1524358342,10,50,F,Nodule,47,10,False,False,exploratory warning; cutoff was not prespecified
1524358342,10,50,F,Mass,28,10,False,False,exploratory warning; cutoff was not prespecified
1524358342,10,50,F,Hernia,2,10,True,False,exploratory warning; cutoff was not prespecified
1524358342,10,60,F,Atelectasis,30,10,False,False,exploratory warning; cutoff was not prespecified
1524358342,10,60,F,Consolidation,5,10,True,False,exploratory warning; cutoff was not prespecified
1524358342,10,60,F,Infiltration,44,10,False,False,exploratory warning; cutoff was not prespecified
1524358342,10,60,F,Pneumothorax,6,10,True,False,exploratory warning; cutoff was not prespecified
1524358342,10,60,F,Edema,0,10,True,True,exploratory warning; cutoff was not prespecified
1524358342,10,60,F,Emphysema,4,10,True,False,exploratory warning; cutoff was not prespecified
1524358342,10,60,F,Fibrosis,14,10,False,False,exploratory warning; cutoff was not prespecified
1524358342,10,60,F,Effusion,17,10,False,False,exploratory warning; cutoff was not prespecified
1524358342,10,60,F,Pneumonia,4,10,True,False,exploratory warning; cutoff was not prespecified
1524358342,10,60,F,Pleural_Thickening,16,10,False,False,exploratory warning; cutoff was not prespecified
1524358342,10,60,F,Cardiomegaly,17,10,False,False,exploratory warning; cutoff was not prespecified
1524358342,10,60,F,Nodule,34,10,False,False,exploratory warning; cutoff was not prespecified
1524358342,10,60,F,Mass,27,10,False,False,exploratory warning; cutoff was not prespecified
1524358342,10,60,F,Hernia,4,10,True,False,exploratory warning; cutoff was not prespecified
1524358342,10,70,F,Atelectasis,6,10,True,False,exploratory warning; cutoff was not prespecified
1524358342,10,70,F,Consolidation,2,10,True,False,exploratory warning; cutoff was not prespecified
1524358342,10,70,F,Infiltration,19,10,False,False,exploratory warning; cutoff was not prespecified
1524358342,10,70,F,Pneumothorax,4,10,True,False,exploratory warning; cutoff was not prespecified
1524358342,10,70,F,Edema,1,10,True,False,exploratory warning; cutoff was not prespecified
1524358342,10,70,F,Emphysema,3,10,True,False,exploratory warning; cutoff was not prespecified
1524358342,10,70,F,Fibrosis,6,10,True,False,exploratory warning; cutoff was not prespecified
1524358342,10,70,F,Effusion,4,10,True,False,exploratory warning; cutoff was not prespecified
1524358342,10,70,F,Pneumonia,1,10,True,False,exploratory warning; cutoff was not prespecified
1524358342,10,70,F,Pleural_Thickening,8,10,True,False,exploratory warning; cutoff was not prespecified
1524358342,10,70,F,Cardiomegaly,6,10,True,False,exploratory warning; cutoff was not prespecified
1524358342,10,70,F,Nodule,8,10,True,False,exploratory warning; cutoff was not prespecified
1524358342,10,70,F,Mass,3,10,True,False,exploratory warning; cutoff was not prespecified
1524358342,10,70,F,Hernia,2,10,True,False,exploratory warning; cutoff was not prespecified
1524358342,10,80,F,Atelectasis,2,10,True,False,exploratory warning; cutoff was not prespecified
1524358342,10,80,F,Consolidation,0,10,True,True,exploratory warning; cutoff was not prespecified
1524358342,10,80,F,Infiltration,3,10,True,False,exploratory warning; cutoff was not prespecified
1524358342,10,80,F,Pneumothorax,0,10,True,True,exploratory warning; cutoff was not prespecified
1524358342,10,80,F,Edema,0,10,True,True,exploratory warning; cutoff was not prespecified
1524358342,10,80,F,Emphysema,1,10,True,False,exploratory warning; cutoff was not prespecified
1524358342,10,80,F,Fibrosis,1,10,True,False,exploratory warning; cutoff was not prespecified
1524358342,10,80,F,Effusion,1,10,True,False,exploratory warning; cutoff was not prespecified
1524358342,10,80,F,Pneumonia,0,10,True,True,exploratory warning; cutoff was not prespecified
1524358342,10,80,F,Pleural_Thickening,2,10,True,False,exploratory warning; cutoff was not prespecified
1524358342,10,80,F,Cardiomegaly,0,10,True,True,exploratory warning; cutoff was not prespecified
1524358342,10,80,F,Nodule,0,10,True,True,exploratory warning; cutoff was not prespecified
1524358342,10,80,F,Mass,1,10,True,False,exploratory warning; cutoff was not prespecified
1524358342,10,80,F,Hernia,1,10,True,False,exploratory warning; cutoff was not prespecified
1524358342,10,90,F,Atelectasis,0,10,True,True,exploratory warning; cutoff was not prespecified
1524358342,10,90,F,Consolidation,0,10,True,True,exploratory warning; cutoff was not prespecified
1524358342,10,90,F,Infiltration,0,10,True,True,exploratory warning; cutoff was not prespecified
1524358342,10,90,F,Pneumothorax,0,10,True,True,exploratory warning; cutoff was not prespecified
1524358342,10,90,F,Edema,0,10,True,True,exploratory warning; cutoff was not prespecified
1524358342,10,90,F,Emphysema,0,10,True,True,exploratory warning; cutoff was not prespecified
1524358342,10,90,F,Fibrosis,0,10,True,True,exploratory warning; cutoff was not prespecified
1524358342,10,90,F,Effusion,0,10,True,True,exploratory warning; cutoff was not prespecified
1524358342,10,90,F,Pneumonia,0,10,True,True,exploratory warning; cutoff was not prespecified
1524358342,10,90,F,Pleural_Thickening,0,10,True,True,exploratory warning; cutoff was not prespecified
1524358342,10,90,F,Cardiomegaly,0,10,True,True,exploratory warning; cutoff was not prespecified
1524358342,10,90,F,Nodule,1,10,True,False,exploratory warning; cutoff was not prespecified
1524358342,10,90,F,Mass,0,10,True,True,exploratory warning; cutoff was not prespecified
1524358342,10,90,F,Hernia,0,10,True,True,exploratory warning; cutoff was not prespecified
1524358342,10,0,M,Atelectasis,4,10,True,False,exploratory warning; cutoff was not prespecified
1524358342,10,0,M,Consolidation,1,10,True,False,exploratory warning; cutoff was not prespecified
1524358342,10,0,M,Infiltration,14,10,False,False,exploratory warning; cutoff was not prespecified
1524358342,10,0,M,Pneumothorax,0,10,True,True,exploratory warning; cutoff was not prespecified
1524358342,10,0,M,Edema,0,10,True,True,exploratory warning; cutoff was not prespecified
1524358342,10,0,M,Emphysema,0,10,True,True,exploratory warning; cutoff was not prespecified
1524358342,10,0,M,Fibrosis,1,10,True,False,exploratory warning; cutoff was not prespecified
1524358342,10,0,M,Effusion,1,10,True,False,exploratory warning; cutoff was not prespecified
1524358342,10,0,M,Pneumonia,0,10,True,True,exploratory warning; cutoff was not prespecified
1524358342,10,0,M,Pleural_Thickening,0,10,True,True,exploratory warning; cutoff was not prespecified
1524358342,10,0,M,Cardiomegaly,0,10,True,True,exploratory warning; cutoff was not prespecified
1524358342,10,0,M,Nodule,0,10,True,True,exploratory warning; cutoff was not prespecified
1524358342,10,0,M,Mass,0,10,True,True,exploratory warning; cutoff was not prespecified
1524358342,10,0,M,Hernia,0,10,True,True,exploratory warning; cutoff was not prespecified
1524358342,10,10,M,Atelectasis,3,10,True,False,exploratory warning; cutoff was not prespecified
1524358342,10,10,M,Consolidation,2,10,True,False,exploratory warning; cutoff was not prespecified
1524358342,10,10,M,Infiltration,16,10,False,False,exploratory warning; cutoff was not prespecified
1524358342,10,10,M,Pneumothorax,2,10,True,False,exploratory warning; cutoff was not prespecified
1524358342,10,10,M,Edema,0,10,True,True,exploratory warning; cutoff was not prespecified
1524358342,10,10,M,Emphysema,0,10,True,True,exploratory warning; cutoff was not prespecified
1524358342,10,10,M,Fibrosis,0,10,True,True,exploratory warning; cutoff was not prespecified
1524358342,10,10,M,Effusion,4,10,True,False,exploratory warning; cutoff was not prespecified
1524358342,10,10,M,Pneumonia,2,10,True,False,exploratory warning; cutoff was not prespecified
1524358342,10,10,M,Pleural_Thickening,2,10,True,False,exploratory warning; cutoff was not prespecified
1524358342,10,10,M,Cardiomegaly,4,10,True,False,exploratory warning; cutoff was not prespecified
1524358342,10,10,M,Nodule,3,10,True,False,exploratory warning; cutoff was not prespecified
1524358342,10,10,M,Mass,10,10,False,False,exploratory warning; cutoff was not prespecified
1524358342,10,10,M,Hernia,0,10,True,True,exploratory warning; cutoff was not prespecified
1524358342,10,20,M,Atelectasis,8,10,True,False,exploratory warning; cutoff was not prespecified
1524358342,10,20,M,Consolidation,4,10,True,False,exploratory warning; cutoff was not prespecified
1524358342,10,20,M,Infiltration,33,10,False,False,exploratory warning; cutoff was not prespecified
1524358342,10,20,M,Pneumothorax,2,10,True,False,exploratory warning; cutoff was not prespecified
1524358342,10,20,M,Edema,0,10,True,True,exploratory warning; cutoff was not prespecified
1524358342,10,20,M,Emphysema,1,10,True,False,exploratory warning; cutoff was not prespecified
1524358342,10,20,M,Fibrosis,3,10,True,False,exploratory warning; cutoff was not prespecified
1524358342,10,20,M,Effusion,10,10,False,False,exploratory warning; cutoff was not prespecified
1524358342,10,20,M,Pneumonia,1,10,True,False,exploratory warning; cutoff was not prespecified
1524358342,10,20,M,Pleural_Thickening,6,10,True,False,exploratory warning; cutoff was not prespecified
1524358342,10,20,M,Cardiomegaly,10,10,False,False,exploratory warning; cutoff was not prespecified
1524358342,10,20,M,Nodule,10,10,False,False,exploratory warning; cutoff was not prespecified
1524358342,10,20,M,Mass,13,10,False,False,exploratory warning; cutoff was not prespecified
1524358342,10,20,M,Hernia,0,10,True,True,exploratory warning; cutoff was not prespecified
1524358342,10,30,M,Atelectasis,15,10,False,False,exploratory warning; cutoff was not prespecified
1524358342,10,30,M,Consolidation,5,10,True,False,exploratory warning; cutoff was not prespecified
1524358342,10,30,M,Infiltration,47,10,False,False,exploratory warning; cutoff was not prespecified
1524358342,10,30,M,Pneumothorax,4,10,True,False,exploratory warning; cutoff was not prespecified
1524358342,10,30,M,Edema,5,10,True,False,exploratory warning; cutoff was not prespecified
1524358342,10,30,M,Emphysema,2,10,True,False,exploratory warning; cutoff was not prespecified
1524358342,10,30,M,Fibrosis,7,10,True,False,exploratory warning; cutoff was not prespecified
1524358342,10,30,M,Effusion,12,10,False,False,exploratory warning; cutoff was not prespecified
1524358342,10,30,M,Pneumonia,4,10,True,False,exploratory warning; cutoff was not prespecified
1524358342,10,30,M,Pleural_Thickening,10,10,False,False,exploratory warning; cutoff was not prespecified
1524358342,10,30,M,Cardiomegaly,7,10,True,False,exploratory warning; cutoff was not prespecified
1524358342,10,30,M,Nodule,16,10,False,False,exploratory warning; cutoff was not prespecified
1524358342,10,30,M,Mass,18,10,False,False,exploratory warning; cutoff was not prespecified
1524358342,10,30,M,Hernia,1,10,True,False,exploratory warning; cutoff was not prespecified
1524358342,10,40,M,Atelectasis,38,10,False,False,exploratory warning; cutoff was not prespecified
1524358342,10,40,M,Consolidation,5,10,True,False,exploratory warning; cutoff was not prespecified
1524358342,10,40,M,Infiltration,63,10,False,False,exploratory warning; cutoff was not prespecified
1524358342,10,40,M,Pneumothorax,3,10,True,False,exploratory warning; cutoff was not prespecified
1524358342,10,40,M,Edema,2,10,True,False,exploratory warning; cutoff was not prespecified
1524358342,10,40,M,Emphysema,4,10,True,False,exploratory warning; cutoff was not prespecified
1524358342,10,40,M,Fibrosis,11,10,False,False,exploratory warning; cutoff was not prespecified
1524358342,10,40,M,Effusion,24,10,False,False,exploratory warning; cutoff was not prespecified
1524358342,10,40,M,Pneumonia,4,10,True,False,exploratory warning; cutoff was not prespecified
1524358342,10,40,M,Pleural_Thickening,11,10,False,False,exploratory warning; cutoff was not prespecified
1524358342,10,40,M,Cardiomegaly,9,10,True,False,exploratory warning; cutoff was not prespecified
1524358342,10,40,M,Nodule,31,10,False,False,exploratory warning; cutoff was not prespecified
1524358342,10,40,M,Mass,25,10,False,False,exploratory warning; cutoff was not prespecified
1524358342,10,40,M,Hernia,1,10,True,False,exploratory warning; cutoff was not prespecified
1524358342,10,50,M,Atelectasis,46,10,False,False,exploratory warning; cutoff was not prespecified
1524358342,10,50,M,Consolidation,13,10,False,False,exploratory warning; cutoff was not prespecified
1524358342,10,50,M,Infiltration,78,10,False,False,exploratory warning; cutoff was not prespecified
1524358342,10,50,M,Pneumothorax,1,10,True,False,exploratory warning; cutoff was not prespecified
1524358342,10,50,M,Edema,2,10,True,False,exploratory warning; cutoff was not prespecified
1524358342,10,50,M,Emphysema,8,10,True,False,exploratory warning; cutoff was not prespecified
1524358342,10,50,M,Fibrosis,19,10,False,False,exploratory warning; cutoff was not prespecified
1524358342,10,50,M,Effusion,35,10,False,False,exploratory warning; cutoff was not prespecified
1524358342,10,50,M,Pneumonia,3,10,True,False,exploratory warning; cutoff was not prespecified
1524358342,10,50,M,Pleural_Thickening,30,10,False,False,exploratory warning; cutoff was not prespecified
1524358342,10,50,M,Cardiomegaly,15,10,False,False,exploratory warning; cutoff was not prespecified
1524358342,10,50,M,Nodule,59,10,False,False,exploratory warning; cutoff was not prespecified
1524358342,10,50,M,Mass,40,10,False,False,exploratory warning; cutoff was not prespecified
1524358342,10,50,M,Hernia,1,10,True,False,exploratory warning; cutoff was not prespecified
1524358342,10,60,M,Atelectasis,50,10,False,False,exploratory warning; cutoff was not prespecified
1524358342,10,60,M,Consolidation,13,10,False,False,exploratory warning; cutoff was not prespecified
1524358342,10,60,M,Infiltration,75,10,False,False,exploratory warning; cutoff was not prespecified
1524358342,10,60,M,Pneumothorax,6,10,True,False,exploratory warning; cutoff was not prespecified
1524358342,10,60,M,Edema,2,10,True,False,exploratory warning; cutoff was not prespecified
1524358342,10,60,M,Emphysema,11,10,False,False,exploratory warning; cutoff was not prespecified
1524358342,10,60,M,Fibrosis,15,10,False,False,exploratory warning; cutoff was not prespecified
1524358342,10,60,M,Effusion,31,10,False,False,exploratory warning; cutoff was not prespecified
1524358342,10,60,M,Pneumonia,0,10,True,True,exploratory warning; cutoff was not prespecified
1524358342,10,60,M,Pleural_Thickening,31,10,False,False,exploratory warning; cutoff was not prespecified
1524358342,10,60,M,Cardiomegaly,16,10,False,False,exploratory warning; cutoff was not prespecified
1524358342,10,60,M,Nodule,46,10,False,False,exploratory warning; cutoff was not prespecified
1524358342,10,60,M,Mass,43,10,False,False,exploratory warning; cutoff was not prespecified
1524358342,10,60,M,Hernia,4,10,True,False,exploratory warning; cutoff was not prespecified
1524358342,10,70,M,Atelectasis,23,10,False,False,exploratory warning; cutoff was not prespecified
1524358342,10,70,M,Consolidation,6,10,True,False,exploratory warning; cutoff was not prespecified
1524358342,10,70,M,Infiltration,29,10,False,False,exploratory warning; cutoff was not prespecified
1524358342,10,70,M,Pneumothorax,1,10,True,False,exploratory warning; cutoff was not prespecified
1524358342,10,70,M,Edema,0,10,True,True,exploratory warning; cutoff was not prespecified
1524358342,10,70,M,Emphysema,11,10,False,False,exploratory warning; cutoff was not prespecified
1524358342,10,70,M,Fibrosis,11,10,False,False,exploratory warning; cutoff was not prespecified
1524358342,10,70,M,Effusion,16,10,False,False,exploratory warning; cutoff was not prespecified
1524358342,10,70,M,Pneumonia,2,10,True,False,exploratory warning; cutoff was not prespecified
1524358342,10,70,M,Pleural_Thickening,9,10,True,False,exploratory warning; cutoff was not prespecified
1524358342,10,70,M,Cardiomegaly,10,10,False,False,exploratory warning; cutoff was not prespecified
1524358342,10,70,M,Nodule,14,10,False,False,exploratory warning; cutoff was not prespecified
1524358342,10,70,M,Mass,18,10,False,False,exploratory warning; cutoff was not prespecified
1524358342,10,70,M,Hernia,0,10,True,True,exploratory warning; cutoff was not prespecified
1524358342,10,80,M,Atelectasis,0,10,True,True,exploratory warning; cutoff was not prespecified
1524358342,10,80,M,Consolidation,0,10,True,True,exploratory warning; cutoff was not prespecified
1524358342,10,80,M,Infiltration,3,10,True,False,exploratory warning; cutoff was not prespecified
1524358342,10,80,M,Pneumothorax,0,10,True,True,exploratory warning; cutoff was not prespecified
1524358342,10,80,M,Edema,0,10,True,True,exploratory warning; cutoff was not prespecified
1524358342,10,80,M,Emphysema,1,10,True,False,exploratory warning; cutoff was not prespecified
1524358342,10,80,M,Fibrosis,2,10,True,False,exploratory warning; cutoff was not prespecified
1524358342,10,80,M,Effusion,0,10,True,True,exploratory warning; cutoff was not prespecified
1524358342,10,80,M,Pneumonia,1,10,True,False,exploratory warning; cutoff was not prespecified
1524358342,10,80,M,Pleural_Thickening,0,10,True,True,exploratory warning; cutoff was not prespecified
1524358342,10,80,M,Cardiomegaly,0,10,True,True,exploratory warning; cutoff was not prespecified
1524358342,10,80,M,Nodule,2,10,True,False,exploratory warning; cutoff was not prespecified
1524358342,10,80,M,Mass,3,10,True,False,exploratory warning; cutoff was not prespecified
1524358342,10,80,M,Hernia,1,10,True,False,exploratory warning; cutoff was not prespecified
1524358342,10,90,M,Atelectasis,1,10,True,False,exploratory warning; cutoff was not prespecified
1524358342,10,90,M,Consolidation,1,10,True,False,exploratory warning; cutoff was not prespecified
1524358342,10,90,M,Infiltration,0,10,True,True,exploratory warning; cutoff was not prespecified
1524358342,10,90,M,Pneumothorax,0,10,True,True,exploratory warning; cutoff was not prespecified
1524358342,10,90,M,Edema,0,10,True,True,exploratory warning; cutoff was not prespecified
1524358342,10,90,M,Emphysema,0,10,True,True,exploratory warning; cutoff was not prespecified
1524358342,10,90,M,Fibrosis,1,10,True,False,exploratory warning; cutoff was not prespecified
1524358342,10,90,M,Effusion,0,10,True,True,exploratory warning; cutoff was not prespecified
1524358342,10,90,M,Pneumonia,0,10,True,True,exploratory warning; cutoff was not prespecified
1524358342,10,90,M,Pleural_Thickening,0,10,True,True,exploratory warning; cutoff was not prespecified
1524358342,10,90,M,Cardiomegaly,0,10,True,True,exploratory warning; cutoff was not prespecified
1524358342,10,90,M,Nodule,1,10,True,False,exploratory warning; cutoff was not prespecified
1524358342,10,90,M,Mass,0,10,True,True,exploratory warning; cutoff was not prespecified
1524358342,10,90,M,Hernia,0,10,True,True,exploratory warning; cutoff was not prespecified
